{
"type": "FeatureCollection",
"name": "poi_balikpapan_copy",
"crs": { "type": "name", "properties": { "name": "urn:ogc:def:crs:OGC:1.3:CRS84" } },
"features": [
{ "type": "Feature", "properties": { "element": null, "id": null, "amenity": null, "name": "Stadion Batakan Balikpapan", "tourism": null, "cuisine": null, "addr:city": null, "addr:postcode": null, "addr:street": null, "shop": null, "addr:housenumber": null, "level": null, "smoking": null, "beds": null, "internet_access": null, "internet_access:fee": null, "operator": null, "rooms": null, "wheelchair": null, "stars": null, "opening_hours": null, "addr:full": null, "building": null, "building:levels": null, "capacity:persons": null, "operator:type": null, "school:type_idn": null, "website": null, "historic": null, "capacity": null, "delivery": null, "description": null, "outdoor_seating": null, "phone": null, "takeaway": null, "leisure": null, "emergency": null, "healthcare": null, "healthcare:speciality": null, "brand": null, "brand:wikidata": null, "brand:wikipedia": null, "short_name": null, "diet:halal": null, "branch": null, "email": null, "air_conditioning": null, "guest_house": null, "name:en": null, "addr:housename": null, "addr:province": null, "addr:unit": null, "addr:district": null, "addr:neighbourhood": null, "addr:subdistrict": null, "contact:instagram": null, "sport": null, "url": null, "old_name": null, "payment:cash": null, "payment:coins": null, "payment:ep_cash": null, "payment:visa": null, "payment:visa_debit": null, "building:roof": null, "building:structure": null, "building:walls": null, "access:roof": null, "hospital:type": null, "landuse": null, "height": null, "addr:street:sym_ul": null, "religion": null, "internet_access:ssid": null, "museum": null, "name:id": null, "wikimedia_commons": null, "school": null, "area": null, "tactile_paving": null, "wikidata": null, "since": null, "layer": null, "type": null, "path": null }, "geometry": { "type": "Point", "coordinates": [ 116.944864337063294, -1.233151141240818 ] } },
{ "type": "Feature", "properties": { "element": null, "id": null, "amenity": null, "name": "Kolam Renang Sepinggan Pratama", "tourism": null, "cuisine": null, "addr:city": null, "addr:postcode": null, "addr:street": null, "shop": null, "addr:housenumber": null, "level": null, "smoking": null, "beds": null, "internet_access": null, "internet_access:fee": null, "operator": null, "rooms": null, "wheelchair": null, "stars": null, "opening_hours": null, "addr:full": null, "building": null, "building:levels": null, "capacity:persons": null, "operator:type": null, "school:type_idn": null, "website": null, "historic": null, "capacity": null, "delivery": null, "description": null, "outdoor_seating": null, "phone": null, "takeaway": null, "leisure": null, "emergency": null, "healthcare": null, "healthcare:speciality": null, "brand": null, "brand:wikidata": null, "brand:wikipedia": null, "short_name": null, "diet:halal": null, "branch": null, "email": null, "air_conditioning": null, "guest_house": null, "name:en": null, "addr:housename": null, "addr:province": null, "addr:unit": null, "addr:district": null, "addr:neighbourhood": null, "addr:subdistrict": null, "contact:instagram": null, "sport": null, "url": null, "old_name": null, "payment:cash": null, "payment:coins": null, "payment:ep_cash": null, "payment:visa": null, "payment:visa_debit": null, "building:roof": null, "building:structure": null, "building:walls": null, "access:roof": null, "hospital:type": null, "landuse": null, "height": null, "addr:street:sym_ul": null, "religion": null, "internet_access:ssid": null, "museum": null, "name:id": null, "wikimedia_commons": null, "school": null, "area": null, "tactile_paving": null, "wikidata": null, "since": null, "layer": null, "type": null, "path": null }, "geometry": { "type": "Point", "coordinates": [ 116.882926732966894, -1.221846436411066 ] } },
{ "type": "Feature", "properties": { "element": "node", "id": 2218502318.0, "amenity": null, "name": "Sentosa76", "tourism": "guest_house", "cuisine": null, "addr:city": null, "addr:postcode": null, "addr:street": null, "shop": null, "addr:housenumber": null, "level": null, "smoking": null, "beds": null, "internet_access": null, "internet_access:fee": null, "operator": null, "rooms": null, "wheelchair": null, "stars": null, "opening_hours": null, "addr:full": null, "building": null, "building:levels": null, "capacity:persons": null, "operator:type": null, "school:type_idn": null, "website": null, "historic": null, "capacity": null, "delivery": null, "description": null, "outdoor_seating": null, "phone": null, "takeaway": null, "leisure": null, "emergency": null, "healthcare": null, "healthcare:speciality": null, "brand": null, "brand:wikidata": null, "brand:wikipedia": null, "short_name": null, "diet:halal": null, "branch": null, "email": null, "air_conditioning": null, "guest_house": null, "name:en": null, "addr:housename": null, "addr:province": null, "addr:unit": null, "addr:district": null, "addr:neighbourhood": null, "addr:subdistrict": null, "contact:instagram": null, "sport": null, "url": null, "old_name": null, "payment:cash": null, "payment:coins": null, "payment:ep_cash": null, "payment:visa": null, "payment:visa_debit": null, "building:roof": null, "building:structure": null, "building:walls": null, "access:roof": null, "hospital:type": null, "landuse": null, "height": null, "addr:street:sym_ul": null, "religion": null, "internet_access:ssid": null, "museum": null, "name:id": null, "wikimedia_commons": null, "school": null, "area": null, "tactile_paving": null, "wikidata": null, "since": null, "layer": null, "type": null, "path": "/home/perhanjay/Desktop/Semester 3/Pengantar Kecerdasan Artifisial /Tubes/balikpapan_pois.gpkg|layername=balikpapan_pois|geometrytype=Point" }, "geometry": { "type": "Point", "coordinates": [ 116.8274921, -1.2718795 ] } },
{ "type": "Feature", "properties": { "element": "node", "id": 2439939034.0, "amenity": "restaurant", "name": "Zeus", "tourism": null, "cuisine": "seafood", "addr:city": null, "addr:postcode": null, "addr:street": null, "shop": null, "addr:housenumber": null, "level": null, "smoking": null, "beds": null, "internet_access": null, "internet_access:fee": null, "operator": null, "rooms": null, "wheelchair": null, "stars": null, "opening_hours": null, "addr:full": null, "building": null, "building:levels": null, "capacity:persons": null, "operator:type": null, "school:type_idn": null, "website": null, "historic": null, "capacity": null, "delivery": null, "description": null, "outdoor_seating": null, "phone": null, "takeaway": null, "leisure": null, "emergency": null, "healthcare": null, "healthcare:speciality": null, "brand": null, "brand:wikidata": null, "brand:wikipedia": null, "short_name": null, "diet:halal": null, "branch": null, "email": null, "air_conditioning": null, "guest_house": null, "name:en": null, "addr:housename": null, "addr:province": null, "addr:unit": null, "addr:district": null, "addr:neighbourhood": null, "addr:subdistrict": null, "contact:instagram": null, "sport": null, "url": null, "old_name": null, "payment:cash": null, "payment:coins": null, "payment:ep_cash": null, "payment:visa": null, "payment:visa_debit": null, "building:roof": null, "building:structure": null, "building:walls": null, "access:roof": null, "hospital:type": null, "landuse": null, "height": null, "addr:street:sym_ul": null, "religion": null, "internet_access:ssid": null, "museum": null, "name:id": null, "wikimedia_commons": null, "school": null, "area": null, "tactile_paving": null, "wikidata": null, "since": null, "layer": null, "type": null, "path": "/home/perhanjay/Desktop/Semester 3/Pengantar Kecerdasan Artifisial /Tubes/balikpapan_pois.gpkg|layername=balikpapan_pois|geometrytype=Point" }, "geometry": { "type": "Point", "coordinates": [ 116.8351225, -1.2781439 ] } },
{ "type": "Feature", "properties": { "element": "node", "id": 2770641254.0, "amenity": null, "name": "Vita", "tourism": null, "cuisine": null, "addr:city": "Balikpapan", "addr:postcode": "76115", "addr:street": "Jl.Tata Praja", "shop": "supermarket", "addr:housenumber": null, "level": null, "smoking": null, "beds": null, "internet_access": null, "internet_access:fee": null, "operator": null, "rooms": null, "wheelchair": null, "stars": null, "opening_hours": null, "addr:full": null, "building": null, "building:levels": null, "capacity:persons": null, "operator:type": null, "school:type_idn": null, "website": null, "historic": null, "capacity": null, "delivery": null, "description": null, "outdoor_seating": null, "phone": null, "takeaway": null, "leisure": null, "emergency": null, "healthcare": null, "healthcare:speciality": null, "brand": null, "brand:wikidata": null, "brand:wikipedia": null, "short_name": null, "diet:halal": null, "branch": null, "email": null, "air_conditioning": null, "guest_house": null, "name:en": null, "addr:housename": null, "addr:province": null, "addr:unit": null, "addr:district": null, "addr:neighbourhood": null, "addr:subdistrict": null, "contact:instagram": null, "sport": null, "url": null, "old_name": null, "payment:cash": null, "payment:coins": null, "payment:ep_cash": null, "payment:visa": null, "payment:visa_debit": null, "building:roof": null, "building:structure": null, "building:walls": null, "access:roof": null, "hospital:type": null, "landuse": null, "height": null, "addr:street:sym_ul": null, "religion": null, "internet_access:ssid": null, "museum": null, "name:id": null, "wikimedia_commons": null, "school": null, "area": null, "tactile_paving": null, "wikidata": null, "since": null, "layer": null, "type": null, "path": "/home/perhanjay/Desktop/Semester 3/Pengantar Kecerdasan Artifisial /Tubes/balikpapan_pois.gpkg|layername=balikpapan_pois|geometrytype=Point" }, "geometry": { "type": "Point", "coordinates": [ 116.8981283, -1.2427072 ] } },
{ "type": "Feature", "properties": { "element": "node", "id": 3157628362.0, "amenity": null, "name": "Empat Swalayan", "tourism": null, "cuisine": null, "addr:city": "Balikpapan", "addr:postcode": "76115", "addr:street": "Jl.Abdi Praja", "shop": "supermarket", "addr:housenumber": null, "level": null, "smoking": null, "beds": null, "internet_access": null, "internet_access:fee": null, "operator": null, "rooms": null, "wheelchair": null, "stars": null, "opening_hours": null, "addr:full": null, "building": null, "building:levels": null, "capacity:persons": null, "operator:type": null, "school:type_idn": null, "website": null, "historic": null, "capacity": null, "delivery": null, "description": null, "outdoor_seating": null, "phone": null, "takeaway": null, "leisure": null, "emergency": null, "healthcare": null, "healthcare:speciality": null, "brand": null, "brand:wikidata": null, "brand:wikipedia": null, "short_name": null, "diet:halal": null, "branch": null, "email": null, "air_conditioning": null, "guest_house": null, "name:en": null, "addr:housename": null, "addr:province": null, "addr:unit": null, "addr:district": null, "addr:neighbourhood": null, "addr:subdistrict": null, "contact:instagram": null, "sport": null, "url": null, "old_name": null, "payment:cash": null, "payment:coins": null, "payment:ep_cash": null, "payment:visa": null, "payment:visa_debit": null, "building:roof": null, "building:structure": null, "building:walls": null, "access:roof": null, "hospital:type": null, "landuse": null, "height": null, "addr:street:sym_ul": null, "religion": null, "internet_access:ssid": null, "museum": null, "name:id": null, "wikimedia_commons": null, "school": null, "area": null, "tactile_paving": null, "wikidata": null, "since": null, "layer": null, "type": null, "path": "/home/perhanjay/Desktop/Semester 3/Pengantar Kecerdasan Artifisial /Tubes/balikpapan_pois.gpkg|layername=balikpapan_pois|geometrytype=Point" }, "geometry": { "type": "Point", "coordinates": [ 116.8961156, -1.2418921 ] } },
{ "type": "Feature", "properties": { "element": "node", "id": 3238959103.0, "amenity": "restaurant", "name": "RM Padang Jawa", "tourism": null, "cuisine": null, "addr:city": null, "addr:postcode": null, "addr:street": null, "shop": null, "addr:housenumber": null, "level": null, "smoking": null, "beds": null, "internet_access": null, "internet_access:fee": null, "operator": null, "rooms": null, "wheelchair": null, "stars": null, "opening_hours": null, "addr:full": null, "building": null, "building:levels": null, "capacity:persons": null, "operator:type": null, "school:type_idn": null, "website": null, "historic": null, "capacity": null, "delivery": null, "description": null, "outdoor_seating": null, "phone": null, "takeaway": null, "leisure": null, "emergency": null, "healthcare": null, "healthcare:speciality": null, "brand": null, "brand:wikidata": null, "brand:wikipedia": null, "short_name": null, "diet:halal": null, "branch": null, "email": null, "air_conditioning": null, "guest_house": null, "name:en": null, "addr:housename": null, "addr:province": null, "addr:unit": null, "addr:district": null, "addr:neighbourhood": null, "addr:subdistrict": null, "contact:instagram": null, "sport": null, "url": null, "old_name": null, "payment:cash": null, "payment:coins": null, "payment:ep_cash": null, "payment:visa": null, "payment:visa_debit": null, "building:roof": null, "building:structure": null, "building:walls": null, "access:roof": null, "hospital:type": null, "landuse": null, "height": null, "addr:street:sym_ul": null, "religion": null, "internet_access:ssid": null, "museum": null, "name:id": null, "wikimedia_commons": null, "school": null, "area": null, "tactile_paving": null, "wikidata": null, "since": null, "layer": null, "type": null, "path": "/home/perhanjay/Desktop/Semester 3/Pengantar Kecerdasan Artifisial /Tubes/balikpapan_pois.gpkg|layername=balikpapan_pois|geometrytype=Point" }, "geometry": { "type": "Point", "coordinates": [ 116.8803717, -1.1389158 ] } },
{ "type": "Feature", "properties": { "element": "node", "id": 3238959112.0, "amenity": "restaurant", "name": "Warung Alam Desa", "tourism": null, "cuisine": null, "addr:city": null, "addr:postcode": null, "addr:street": null, "shop": null, "addr:housenumber": null, "level": null, "smoking": null, "beds": null, "internet_access": null, "internet_access:fee": null, "operator": null, "rooms": null, "wheelchair": null, "stars": null, "opening_hours": null, "addr:full": null, "building": null, "building:levels": null, "capacity:persons": null, "operator:type": null, "school:type_idn": null, "website": null, "historic": null, "capacity": null, "delivery": null, "description": null, "outdoor_seating": null, "phone": null, "takeaway": null, "leisure": null, "emergency": null, "healthcare": null, "healthcare:speciality": null, "brand": null, "brand:wikidata": null, "brand:wikipedia": null, "short_name": null, "diet:halal": null, "branch": null, "email": null, "air_conditioning": null, "guest_house": null, "name:en": null, "addr:housename": null, "addr:province": null, "addr:unit": null, "addr:district": null, "addr:neighbourhood": null, "addr:subdistrict": null, "contact:instagram": null, "sport": null, "url": null, "old_name": null, "payment:cash": null, "payment:coins": null, "payment:ep_cash": null, "payment:visa": null, "payment:visa_debit": null, "building:roof": null, "building:structure": null, "building:walls": null, "access:roof": null, "hospital:type": null, "landuse": null, "height": null, "addr:street:sym_ul": null, "religion": null, "internet_access:ssid": null, "museum": null, "name:id": null, "wikimedia_commons": null, "school": null, "area": null, "tactile_paving": null, "wikidata": null, "since": null, "layer": null, "type": null, "path": "/home/perhanjay/Desktop/Semester 3/Pengantar Kecerdasan Artifisial /Tubes/balikpapan_pois.gpkg|layername=balikpapan_pois|geometrytype=Point" }, "geometry": { "type": "Point", "coordinates": [ 116.8796846, -1.1069453 ] } },
{ "type": "Feature", "properties": { "element": "node", "id": 3766794937.0, "amenity": "cafe", "name": "CAFE LAPAR TERUS", "tourism": null, "cuisine": "BAKSO", "addr:city": "BALIKPAPAN", "addr:postcode": "76155", "addr:street": "JALAN JHDSFK", "shop": null, "addr:housenumber": "21", "level": "2", "smoking": "no", "beds": null, "internet_access": null, "internet_access:fee": null, "operator": null, "rooms": null, "wheelchair": null, "stars": null, "opening_hours": null, "addr:full": null, "building": null, "building:levels": null, "capacity:persons": null, "operator:type": null, "school:type_idn": null, "website": null, "historic": null, "capacity": null, "delivery": null, "description": null, "outdoor_seating": null, "phone": null, "takeaway": null, "leisure": null, "emergency": null, "healthcare": null, "healthcare:speciality": null, "brand": null, "brand:wikidata": null, "brand:wikipedia": null, "short_name": null, "diet:halal": null, "branch": null, "email": null, "air_conditioning": null, "guest_house": null, "name:en": null, "addr:housename": null, "addr:province": null, "addr:unit": null, "addr:district": null, "addr:neighbourhood": null, "addr:subdistrict": null, "contact:instagram": null, "sport": null, "url": null, "old_name": null, "payment:cash": null, "payment:coins": null, "payment:ep_cash": null, "payment:visa": null, "payment:visa_debit": null, "building:roof": null, "building:structure": null, "building:walls": null, "access:roof": null, "hospital:type": null, "landuse": null, "height": null, "addr:street:sym_ul": null, "religion": null, "internet_access:ssid": null, "museum": null, "name:id": null, "wikimedia_commons": null, "school": null, "area": null, "tactile_paving": null, "wikidata": null, "since": null, "layer": null, "type": null, "path": "/home/perhanjay/Desktop/Semester 3/Pengantar Kecerdasan Artifisial /Tubes/balikpapan_pois.gpkg|layername=balikpapan_pois|geometrytype=Point" }, "geometry": { "type": "Point", "coordinates": [ 116.8301149, -1.2357039 ] } },
{ "type": "Feature", "properties": { "element": "node", "id": 3781498208.0, "amenity": null, "name": "Guest House Wulandari", "tourism": "guest_house", "cuisine": null, "addr:city": null, "addr:postcode": null, "addr:street": null, "shop": null, "addr:housenumber": null, "level": null, "smoking": "yes", "beds": "24", "internet_access": "wlan", "internet_access:fee": "no", "operator": "1", "rooms": "24", "wheelchair": "no", "stars": null, "opening_hours": null, "addr:full": null, "building": null, "building:levels": null, "capacity:persons": null, "operator:type": null, "school:type_idn": null, "website": null, "historic": null, "capacity": null, "delivery": null, "description": null, "outdoor_seating": null, "phone": null, "takeaway": null, "leisure": null, "emergency": null, "healthcare": null, "healthcare:speciality": null, "brand": null, "brand:wikidata": null, "brand:wikipedia": null, "short_name": null, "diet:halal": null, "branch": null, "email": null, "air_conditioning": null, "guest_house": null, "name:en": null, "addr:housename": null, "addr:province": null, "addr:unit": null, "addr:district": null, "addr:neighbourhood": null, "addr:subdistrict": null, "contact:instagram": null, "sport": null, "url": null, "old_name": null, "payment:cash": null, "payment:coins": null, "payment:ep_cash": null, "payment:visa": null, "payment:visa_debit": null, "building:roof": null, "building:structure": null, "building:walls": null, "access:roof": null, "hospital:type": null, "landuse": null, "height": null, "addr:street:sym_ul": null, "religion": null, "internet_access:ssid": null, "museum": null, "name:id": null, "wikimedia_commons": null, "school": null, "area": null, "tactile_paving": null, "wikidata": null, "since": null, "layer": null, "type": null, "path": "/home/perhanjay/Desktop/Semester 3/Pengantar Kecerdasan Artifisial /Tubes/balikpapan_pois.gpkg|layername=balikpapan_pois|geometrytype=Point" }, "geometry": { "type": "Point", "coordinates": [ 116.8296219, -1.2274559 ] } },
{ "type": "Feature", "properties": { "element": "node", "id": 3782488816.0, "amenity": null, "name": "Hotel Wisma Intan", "tourism": "hotel", "cuisine": null, "addr:city": null, "addr:postcode": null, "addr:street": null, "shop": null, "addr:housenumber": null, "level": null, "smoking": "yes", "beds": "30", "internet_access": "wlan", "internet_access:fee": "no", "operator": null, "rooms": "30", "wheelchair": "no", "stars": "1", "opening_hours": null, "addr:full": null, "building": null, "building:levels": null, "capacity:persons": null, "operator:type": null, "school:type_idn": null, "website": null, "historic": null, "capacity": null, "delivery": null, "description": null, "outdoor_seating": null, "phone": null, "takeaway": null, "leisure": null, "emergency": null, "healthcare": null, "healthcare:speciality": null, "brand": null, "brand:wikidata": null, "brand:wikipedia": null, "short_name": null, "diet:halal": null, "branch": null, "email": null, "air_conditioning": null, "guest_house": null, "name:en": null, "addr:housename": null, "addr:province": null, "addr:unit": null, "addr:district": null, "addr:neighbourhood": null, "addr:subdistrict": null, "contact:instagram": null, "sport": null, "url": null, "old_name": null, "payment:cash": null, "payment:coins": null, "payment:ep_cash": null, "payment:visa": null, "payment:visa_debit": null, "building:roof": null, "building:structure": null, "building:walls": null, "access:roof": null, "hospital:type": null, "landuse": null, "height": null, "addr:street:sym_ul": null, "religion": null, "internet_access:ssid": null, "museum": null, "name:id": null, "wikimedia_commons": null, "school": null, "area": null, "tactile_paving": null, "wikidata": null, "since": null, "layer": null, "type": null, "path": "/home/perhanjay/Desktop/Semester 3/Pengantar Kecerdasan Artifisial /Tubes/balikpapan_pois.gpkg|layername=balikpapan_pois|geometrytype=Point" }, "geometry": { "type": "Point", "coordinates": [ 116.8141348, -1.2326107 ] } },
{ "type": "Feature", "properties": { "element": "node", "id": 3782488822.0, "amenity": null, "name": "Kawasan Konservasi Manggrove", "tourism": "attraction", "cuisine": null, "addr:city": null, "addr:postcode": null, "addr:street": null, "shop": null, "addr:housenumber": null, "level": null, "smoking": null, "beds": null, "internet_access": null, "internet_access:fee": null, "operator": null, "rooms": null, "wheelchair": "no", "stars": null, "opening_hours": "08:30-12:30,15:30-20:00", "addr:full": null, "building": null, "building:levels": null, "capacity:persons": null, "operator:type": null, "school:type_idn": null, "website": null, "historic": null, "capacity": null, "delivery": null, "description": null, "outdoor_seating": null, "phone": null, "takeaway": null, "leisure": null, "emergency": null, "healthcare": null, "healthcare:speciality": null, "brand": null, "brand:wikidata": null, "brand:wikipedia": null, "short_name": null, "diet:halal": null, "branch": null, "email": null, "air_conditioning": null, "guest_house": null, "name:en": null, "addr:housename": null, "addr:province": null, "addr:unit": null, "addr:district": null, "addr:neighbourhood": null, "addr:subdistrict": null, "contact:instagram": null, "sport": null, "url": null, "old_name": null, "payment:cash": null, "payment:coins": null, "payment:ep_cash": null, "payment:visa": null, "payment:visa_debit": null, "building:roof": null, "building:structure": null, "building:walls": null, "access:roof": null, "hospital:type": null, "landuse": null, "height": null, "addr:street:sym_ul": null, "religion": null, "internet_access:ssid": null, "museum": null, "name:id": null, "wikimedia_commons": null, "school": null, "area": null, "tactile_paving": null, "wikidata": null, "since": null, "layer": null, "type": null, "path": "/home/perhanjay/Desktop/Semester 3/Pengantar Kecerdasan Artifisial /Tubes/balikpapan_pois.gpkg|layername=balikpapan_pois|geometrytype=Point" }, "geometry": { "type": "Point", "coordinates": [ 116.8241833, -1.2266716 ] } },
{ "type": "Feature", "properties": { "element": "node", "id": 4263603007.0, "amenity": "cafe", "name": "Angkringan Pojok 35", "tourism": null, "cuisine": null, "addr:city": null, "addr:postcode": null, "addr:street": null, "shop": null, "addr:housenumber": null, "level": null, "smoking": null, "beds": null, "internet_access": null, "internet_access:fee": null, "operator": null, "rooms": null, "wheelchair": null, "stars": null, "opening_hours": null, "addr:full": null, "building": null, "building:levels": null, "capacity:persons": null, "operator:type": null, "school:type_idn": null, "website": null, "historic": null, "capacity": null, "delivery": null, "description": null, "outdoor_seating": null, "phone": null, "takeaway": null, "leisure": null, "emergency": null, "healthcare": null, "healthcare:speciality": null, "brand": null, "brand:wikidata": null, "brand:wikipedia": null, "short_name": null, "diet:halal": null, "branch": null, "email": null, "air_conditioning": null, "guest_house": null, "name:en": null, "addr:housename": null, "addr:province": null, "addr:unit": null, "addr:district": null, "addr:neighbourhood": null, "addr:subdistrict": null, "contact:instagram": null, "sport": null, "url": null, "old_name": null, "payment:cash": null, "payment:coins": null, "payment:ep_cash": null, "payment:visa": null, "payment:visa_debit": null, "building:roof": null, "building:structure": null, "building:walls": null, "access:roof": null, "hospital:type": null, "landuse": null, "height": null, "addr:street:sym_ul": null, "religion": null, "internet_access:ssid": null, "museum": null, "name:id": null, "wikimedia_commons": null, "school": null, "area": null, "tactile_paving": null, "wikidata": null, "since": null, "layer": null, "type": null, "path": "/home/perhanjay/Desktop/Semester 3/Pengantar Kecerdasan Artifisial /Tubes/balikpapan_pois.gpkg|layername=balikpapan_pois|geometrytype=Point" }, "geometry": { "type": "Point", "coordinates": [ 116.8180162, -1.2755915 ] } },
{ "type": "Feature", "properties": { "element": "node", "id": 4263603016.0, "amenity": "cafe", "name": "C2", "tourism": null, "cuisine": null, "addr:city": null, "addr:postcode": null, "addr:street": null, "shop": null, "addr:housenumber": null, "level": null, "smoking": null, "beds": null, "internet_access": null, "internet_access:fee": null, "operator": null, "rooms": null, "wheelchair": null, "stars": null, "opening_hours": null, "addr:full": null, "building": null, "building:levels": null, "capacity:persons": null, "operator:type": null, "school:type_idn": null, "website": null, "historic": null, "capacity": null, "delivery": null, "description": null, "outdoor_seating": null, "phone": null, "takeaway": null, "leisure": null, "emergency": null, "healthcare": null, "healthcare:speciality": null, "brand": null, "brand:wikidata": null, "brand:wikipedia": null, "short_name": null, "diet:halal": null, "branch": null, "email": null, "air_conditioning": null, "guest_house": null, "name:en": null, "addr:housename": null, "addr:province": null, "addr:unit": null, "addr:district": null, "addr:neighbourhood": null, "addr:subdistrict": null, "contact:instagram": null, "sport": null, "url": null, "old_name": null, "payment:cash": null, "payment:coins": null, "payment:ep_cash": null, "payment:visa": null, "payment:visa_debit": null, "building:roof": null, "building:structure": null, "building:walls": null, "access:roof": null, "hospital:type": null, "landuse": null, "height": null, "addr:street:sym_ul": null, "religion": null, "internet_access:ssid": null, "museum": null, "name:id": null, "wikimedia_commons": null, "school": null, "area": null, "tactile_paving": null, "wikidata": null, "since": null, "layer": null, "type": null, "path": "/home/perhanjay/Desktop/Semester 3/Pengantar Kecerdasan Artifisial /Tubes/balikpapan_pois.gpkg|layername=balikpapan_pois|geometrytype=Point" }, "geometry": { "type": "Point", "coordinates": [ 116.8426071, -1.2762229 ] } },
{ "type": "Feature", "properties": { "element": "node", "id": 4263603020.0, "amenity": "restaurant", "name": "Dapoer Mak Ti", "tourism": null, "cuisine": null, "addr:city": null, "addr:postcode": null, "addr:street": null, "shop": null, "addr:housenumber": null, "level": null, "smoking": null, "beds": null, "internet_access": null, "internet_access:fee": null, "operator": null, "rooms": null, "wheelchair": null, "stars": null, "opening_hours": null, "addr:full": null, "building": null, "building:levels": null, "capacity:persons": null, "operator:type": null, "school:type_idn": null, "website": null, "historic": null, "capacity": null, "delivery": null, "description": null, "outdoor_seating": null, "phone": null, "takeaway": null, "leisure": null, "emergency": null, "healthcare": null, "healthcare:speciality": null, "brand": null, "brand:wikidata": null, "brand:wikipedia": null, "short_name": null, "diet:halal": null, "branch": null, "email": null, "air_conditioning": null, "guest_house": null, "name:en": null, "addr:housename": null, "addr:province": null, "addr:unit": null, "addr:district": null, "addr:neighbourhood": null, "addr:subdistrict": null, "contact:instagram": null, "sport": null, "url": null, "old_name": null, "payment:cash": null, "payment:coins": null, "payment:ep_cash": null, "payment:visa": null, "payment:visa_debit": null, "building:roof": null, "building:structure": null, "building:walls": null, "access:roof": null, "hospital:type": null, "landuse": null, "height": null, "addr:street:sym_ul": null, "religion": null, "internet_access:ssid": null, "museum": null, "name:id": null, "wikimedia_commons": null, "school": null, "area": null, "tactile_paving": null, "wikidata": null, "since": null, "layer": null, "type": null, "path": "/home/perhanjay/Desktop/Semester 3/Pengantar Kecerdasan Artifisial /Tubes/balikpapan_pois.gpkg|layername=balikpapan_pois|geometrytype=Point" }, "geometry": { "type": "Point", "coordinates": [ 116.811787, -1.2757104 ] } },
{ "type": "Feature", "properties": { "element": "node", "id": 4263603022.0, "amenity": null, "name": "Hotel Gajah Mada", "tourism": "hostel", "cuisine": null, "addr:city": null, "addr:postcode": null, "addr:street": null, "shop": null, "addr:housenumber": null, "level": null, "smoking": null, "beds": null, "internet_access": null, "internet_access:fee": null, "operator": null, "rooms": null, "wheelchair": null, "stars": null, "opening_hours": null, "addr:full": null, "building": null, "building:levels": null, "capacity:persons": null, "operator:type": null, "school:type_idn": null, "website": null, "historic": null, "capacity": null, "delivery": null, "description": null, "outdoor_seating": null, "phone": null, "takeaway": null, "leisure": null, "emergency": null, "healthcare": null, "healthcare:speciality": null, "brand": null, "brand:wikidata": null, "brand:wikipedia": null, "short_name": null, "diet:halal": null, "branch": null, "email": null, "air_conditioning": null, "guest_house": null, "name:en": null, "addr:housename": null, "addr:province": null, "addr:unit": null, "addr:district": null, "addr:neighbourhood": null, "addr:subdistrict": null, "contact:instagram": null, "sport": null, "url": null, "old_name": null, "payment:cash": null, "payment:coins": null, "payment:ep_cash": null, "payment:visa": null, "payment:visa_debit": null, "building:roof": null, "building:structure": null, "building:walls": null, "access:roof": null, "hospital:type": null, "landuse": null, "height": null, "addr:street:sym_ul": null, "religion": null, "internet_access:ssid": null, "museum": null, "name:id": null, "wikimedia_commons": null, "school": null, "area": null, "tactile_paving": null, "wikidata": null, "since": null, "layer": null, "type": null, "path": "/home/perhanjay/Desktop/Semester 3/Pengantar Kecerdasan Artifisial /Tubes/balikpapan_pois.gpkg|layername=balikpapan_pois|geometrytype=Point" }, "geometry": { "type": "Point", "coordinates": [ 116.837497, -1.2773985 ] } },
{ "type": "Feature", "properties": { "element": "node", "id": 4263603024.0, "amenity": "restaurant", "name": "Kantin Hubdam", "tourism": null, "cuisine": null, "addr:city": null, "addr:postcode": null, "addr:street": null, "shop": null, "addr:housenumber": null, "level": null, "smoking": null, "beds": null, "internet_access": null, "internet_access:fee": null, "operator": null, "rooms": null, "wheelchair": null, "stars": null, "opening_hours": null, "addr:full": null, "building": null, "building:levels": null, "capacity:persons": null, "operator:type": null, "school:type_idn": null, "website": null, "historic": null, "capacity": null, "delivery": null, "description": null, "outdoor_seating": null, "phone": null, "takeaway": null, "leisure": null, "emergency": null, "healthcare": null, "healthcare:speciality": null, "brand": null, "brand:wikidata": null, "brand:wikipedia": null, "short_name": null, "diet:halal": null, "branch": null, "email": null, "air_conditioning": null, "guest_house": null, "name:en": null, "addr:housename": null, "addr:province": null, "addr:unit": null, "addr:district": null, "addr:neighbourhood": null, "addr:subdistrict": null, "contact:instagram": null, "sport": null, "url": null, "old_name": null, "payment:cash": null, "payment:coins": null, "payment:ep_cash": null, "payment:visa": null, "payment:visa_debit": null, "building:roof": null, "building:structure": null, "building:walls": null, "access:roof": null, "hospital:type": null, "landuse": null, "height": null, "addr:street:sym_ul": null, "religion": null, "internet_access:ssid": null, "museum": null, "name:id": null, "wikimedia_commons": null, "school": null, "area": null, "tactile_paving": null, "wikidata": null, "since": null, "layer": null, "type": null, "path": "/home/perhanjay/Desktop/Semester 3/Pengantar Kecerdasan Artifisial /Tubes/balikpapan_pois.gpkg|layername=balikpapan_pois|geometrytype=Point" }, "geometry": { "type": "Point", "coordinates": [ 116.8198757, -1.2779757 ] } },
{ "type": "Feature", "properties": { "element": "node", "id": 4263603028.0, "amenity": null, "name": "Makam Adji Kemala", "tourism": "attraction", "cuisine": null, "addr:city": null, "addr:postcode": null, "addr:street": null, "shop": null, "addr:housenumber": null, "level": null, "smoking": null, "beds": null, "internet_access": null, "internet_access:fee": null, "operator": null, "rooms": null, "wheelchair": null, "stars": null, "opening_hours": null, "addr:full": null, "building": null, "building:levels": null, "capacity:persons": null, "operator:type": null, "school:type_idn": null, "website": null, "historic": "tomb", "capacity": null, "delivery": null, "description": null, "outdoor_seating": null, "phone": null, "takeaway": null, "leisure": null, "emergency": null, "healthcare": null, "healthcare:speciality": null, "brand": null, "brand:wikidata": null, "brand:wikipedia": null, "short_name": null, "diet:halal": null, "branch": null, "email": null, "air_conditioning": null, "guest_house": null, "name:en": null, "addr:housename": null, "addr:province": null, "addr:unit": null, "addr:district": null, "addr:neighbourhood": null, "addr:subdistrict": null, "contact:instagram": null, "sport": null, "url": null, "old_name": null, "payment:cash": null, "payment:coins": null, "payment:ep_cash": null, "payment:visa": null, "payment:visa_debit": null, "building:roof": null, "building:structure": null, "building:walls": null, "access:roof": null, "hospital:type": null, "landuse": null, "height": null, "addr:street:sym_ul": null, "religion": null, "internet_access:ssid": null, "museum": null, "name:id": null, "wikimedia_commons": null, "school": null, "area": null, "tactile_paving": null, "wikidata": null, "since": null, "layer": null, "type": null, "path": "/home/perhanjay/Desktop/Semester 3/Pengantar Kecerdasan Artifisial /Tubes/balikpapan_pois.gpkg|layername=balikpapan_pois|geometrytype=Point" }, "geometry": { "type": "Point", "coordinates": [ 116.8083524, -1.2732247 ] } },
{ "type": "Feature", "properties": { "element": "node", "id": 4263603033.0, "amenity": "cafe", "name": "Minibar Cafe", "tourism": null, "cuisine": null, "addr:city": null, "addr:postcode": null, "addr:street": null, "shop": null, "addr:housenumber": null, "level": null, "smoking": null, "beds": null, "internet_access": null, "internet_access:fee": null, "operator": null, "rooms": null, "wheelchair": null, "stars": null, "opening_hours": null, "addr:full": null, "building": null, "building:levels": null, "capacity:persons": null, "operator:type": null, "school:type_idn": null, "website": null, "historic": null, "capacity": null, "delivery": null, "description": null, "outdoor_seating": null, "phone": null, "takeaway": null, "leisure": null, "emergency": null, "healthcare": null, "healthcare:speciality": null, "brand": null, "brand:wikidata": null, "brand:wikipedia": null, "short_name": null, "diet:halal": null, "branch": null, "email": null, "air_conditioning": null, "guest_house": null, "name:en": null, "addr:housename": null, "addr:province": null, "addr:unit": null, "addr:district": null, "addr:neighbourhood": null, "addr:subdistrict": null, "contact:instagram": null, "sport": null, "url": null, "old_name": null, "payment:cash": null, "payment:coins": null, "payment:ep_cash": null, "payment:visa": null, "payment:visa_debit": null, "building:roof": null, "building:structure": null, "building:walls": null, "access:roof": null, "hospital:type": null, "landuse": null, "height": null, "addr:street:sym_ul": null, "religion": null, "internet_access:ssid": null, "museum": null, "name:id": null, "wikimedia_commons": null, "school": null, "area": null, "tactile_paving": null, "wikidata": null, "since": null, "layer": null, "type": null, "path": "/home/perhanjay/Desktop/Semester 3/Pengantar Kecerdasan Artifisial /Tubes/balikpapan_pois.gpkg|layername=balikpapan_pois|geometrytype=Point" }, "geometry": { "type": "Point", "coordinates": [ 116.8202465, -1.2744833 ] } },
{ "type": "Feature", "properties": { "element": "node", "id": 4263603036.0, "amenity": "restaurant", "name": "Patra Melawai", "tourism": null, "cuisine": null, "addr:city": null, "addr:postcode": null, "addr:street": null, "shop": null, "addr:housenumber": null, "level": null, "smoking": null, "beds": null, "internet_access": null, "internet_access:fee": null, "operator": null, "rooms": null, "wheelchair": null, "stars": null, "opening_hours": null, "addr:full": null, "building": null, "building:levels": null, "capacity:persons": null, "operator:type": null, "school:type_idn": null, "website": null, "historic": null, "capacity": null, "delivery": null, "description": null, "outdoor_seating": null, "phone": null, "takeaway": null, "leisure": null, "emergency": null, "healthcare": null, "healthcare:speciality": null, "brand": null, "brand:wikidata": null, "brand:wikipedia": null, "short_name": null, "diet:halal": null, "branch": null, "email": null, "air_conditioning": null, "guest_house": null, "name:en": null, "addr:housename": null, "addr:province": null, "addr:unit": null, "addr:district": null, "addr:neighbourhood": null, "addr:subdistrict": null, "contact:instagram": null, "sport": null, "url": null, "old_name": null, "payment:cash": null, "payment:coins": null, "payment:ep_cash": null, "payment:visa": null, "payment:visa_debit": null, "building:roof": null, "building:structure": null, "building:walls": null, "access:roof": null, "hospital:type": null, "landuse": null, "height": null, "addr:street:sym_ul": null, "religion": null, "internet_access:ssid": null, "museum": null, "name:id": null, "wikimedia_commons": null, "school": null, "area": null, "tactile_paving": null, "wikidata": null, "since": null, "layer": null, "type": null, "path": "/home/perhanjay/Desktop/Semester 3/Pengantar Kecerdasan Artifisial /Tubes/balikpapan_pois.gpkg|layername=balikpapan_pois|geometrytype=Point" }, "geometry": { "type": "Point", "coordinates": [ 116.8152673, -1.2805037 ] } },
{ "type": "Feature", "properties": { "element": "node", "id": 4263603038.0, "amenity": "restaurant", "name": "Restoran Coto Makassar", "tourism": null, "cuisine": null, "addr:city": null, "addr:postcode": null, "addr:street": null, "shop": null, "addr:housenumber": null, "level": null, "smoking": null, "beds": null, "internet_access": null, "internet_access:fee": null, "operator": null, "rooms": null, "wheelchair": null, "stars": null, "opening_hours": null, "addr:full": null, "building": null, "building:levels": null, "capacity:persons": null, "operator:type": null, "school:type_idn": null, "website": null, "historic": null, "capacity": null, "delivery": null, "description": null, "outdoor_seating": null, "phone": null, "takeaway": null, "leisure": null, "emergency": null, "healthcare": null, "healthcare:speciality": null, "brand": null, "brand:wikidata": null, "brand:wikipedia": null, "short_name": null, "diet:halal": null, "branch": null, "email": null, "air_conditioning": null, "guest_house": null, "name:en": null, "addr:housename": null, "addr:province": null, "addr:unit": null, "addr:district": null, "addr:neighbourhood": null, "addr:subdistrict": null, "contact:instagram": null, "sport": null, "url": null, "old_name": null, "payment:cash": null, "payment:coins": null, "payment:ep_cash": null, "payment:visa": null, "payment:visa_debit": null, "building:roof": null, "building:structure": null, "building:walls": null, "access:roof": null, "hospital:type": null, "landuse": null, "height": null, "addr:street:sym_ul": null, "religion": null, "internet_access:ssid": null, "museum": null, "name:id": null, "wikimedia_commons": null, "school": null, "area": null, "tactile_paving": null, "wikidata": null, "since": null, "layer": null, "type": null, "path": "/home/perhanjay/Desktop/Semester 3/Pengantar Kecerdasan Artifisial /Tubes/balikpapan_pois.gpkg|layername=balikpapan_pois|geometrytype=Point" }, "geometry": { "type": "Point", "coordinates": [ 116.8326019, -1.2780731 ] } },
{ "type": "Feature", "properties": { "element": "node", "id": 4263603042.0, "amenity": "restaurant", "name": "Upik Padang", "tourism": null, "cuisine": "padang", "addr:city": null, "addr:postcode": null, "addr:street": null, "shop": null, "addr:housenumber": null, "level": null, "smoking": null, "beds": null, "internet_access": null, "internet_access:fee": null, "operator": null, "rooms": null, "wheelchair": null, "stars": null, "opening_hours": null, "addr:full": null, "building": null, "building:levels": null, "capacity:persons": null, "operator:type": null, "school:type_idn": null, "website": null, "historic": null, "capacity": null, "delivery": null, "description": null, "outdoor_seating": null, "phone": null, "takeaway": null, "leisure": null, "emergency": null, "healthcare": null, "healthcare:speciality": null, "brand": null, "brand:wikidata": null, "brand:wikipedia": null, "short_name": null, "diet:halal": null, "branch": null, "email": null, "air_conditioning": null, "guest_house": null, "name:en": null, "addr:housename": null, "addr:province": null, "addr:unit": null, "addr:district": null, "addr:neighbourhood": null, "addr:subdistrict": null, "contact:instagram": null, "sport": null, "url": null, "old_name": null, "payment:cash": null, "payment:coins": null, "payment:ep_cash": null, "payment:visa": null, "payment:visa_debit": null, "building:roof": null, "building:structure": null, "building:walls": null, "access:roof": null, "hospital:type": null, "landuse": null, "height": null, "addr:street:sym_ul": null, "religion": null, "internet_access:ssid": null, "museum": null, "name:id": null, "wikimedia_commons": null, "school": null, "area": null, "tactile_paving": null, "wikidata": null, "since": null, "layer": null, "type": null, "path": "/home/perhanjay/Desktop/Semester 3/Pengantar Kecerdasan Artifisial /Tubes/balikpapan_pois.gpkg|layername=balikpapan_pois|geometrytype=Point" }, "geometry": { "type": "Point", "coordinates": [ 116.8381249, -1.2743933 ] } },
{ "type": "Feature", "properties": { "element": "node", "id": 4263603043.0, "amenity": "restaurant", "name": "Warung Nasie Mie Goreng", "tourism": null, "cuisine": null, "addr:city": null, "addr:postcode": null, "addr:street": null, "shop": null, "addr:housenumber": null, "level": null, "smoking": null, "beds": null, "internet_access": null, "internet_access:fee": null, "operator": null, "rooms": null, "wheelchair": null, "stars": null, "opening_hours": null, "addr:full": null, "building": null, "building:levels": null, "capacity:persons": null, "operator:type": null, "school:type_idn": null, "website": null, "historic": null, "capacity": null, "delivery": null, "description": null, "outdoor_seating": null, "phone": null, "takeaway": null, "leisure": null, "emergency": null, "healthcare": null, "healthcare:speciality": null, "brand": null, "brand:wikidata": null, "brand:wikipedia": null, "short_name": null, "diet:halal": null, "branch": null, "email": null, "air_conditioning": null, "guest_house": null, "name:en": null, "addr:housename": null, "addr:province": null, "addr:unit": null, "addr:district": null, "addr:neighbourhood": null, "addr:subdistrict": null, "contact:instagram": null, "sport": null, "url": null, "old_name": null, "payment:cash": null, "payment:coins": null, "payment:ep_cash": null, "payment:visa": null, "payment:visa_debit": null, "building:roof": null, "building:structure": null, "building:walls": null, "access:roof": null, "hospital:type": null, "landuse": null, "height": null, "addr:street:sym_ul": null, "religion": null, "internet_access:ssid": null, "museum": null, "name:id": null, "wikimedia_commons": null, "school": null, "area": null, "tactile_paving": null, "wikidata": null, "since": null, "layer": null, "type": null, "path": "/home/perhanjay/Desktop/Semester 3/Pengantar Kecerdasan Artifisial /Tubes/balikpapan_pois.gpkg|layername=balikpapan_pois|geometrytype=Point" }, "geometry": { "type": "Point", "coordinates": [ 116.8268535, -1.2727972 ] } },
{ "type": "Feature", "properties": { "element": "node", "id": 4263603280.0, "amenity": "restaurant", "name": "Kemala Beach Resto", "tourism": null, "cuisine": null, "addr:city": null, "addr:postcode": null, "addr:street": null, "shop": null, "addr:housenumber": null, "level": null, "smoking": null, "beds": null, "internet_access": null, "internet_access:fee": null, "operator": null, "rooms": null, "wheelchair": null, "stars": null, "opening_hours": null, "addr:full": null, "building": null, "building:levels": null, "capacity:persons": null, "operator:type": null, "school:type_idn": null, "website": null, "historic": null, "capacity": null, "delivery": null, "description": null, "outdoor_seating": null, "phone": null, "takeaway": null, "leisure": null, "emergency": null, "healthcare": null, "healthcare:speciality": null, "brand": null, "brand:wikidata": null, "brand:wikipedia": null, "short_name": null, "diet:halal": null, "branch": null, "email": null, "air_conditioning": null, "guest_house": null, "name:en": null, "addr:housename": null, "addr:province": null, "addr:unit": null, "addr:district": null, "addr:neighbourhood": null, "addr:subdistrict": null, "contact:instagram": null, "sport": null, "url": null, "old_name": null, "payment:cash": null, "payment:coins": null, "payment:ep_cash": null, "payment:visa": null, "payment:visa_debit": null, "building:roof": null, "building:structure": null, "building:walls": null, "access:roof": null, "hospital:type": null, "landuse": null, "height": null, "addr:street:sym_ul": null, "religion": null, "internet_access:ssid": null, "museum": null, "name:id": null, "wikimedia_commons": null, "school": null, "area": null, "tactile_paving": null, "wikidata": null, "since": null, "layer": null, "type": null, "path": "/home/perhanjay/Desktop/Semester 3/Pengantar Kecerdasan Artifisial /Tubes/balikpapan_pois.gpkg|layername=balikpapan_pois|geometrytype=Point" }, "geometry": { "type": "Point", "coordinates": [ 116.8184565, -1.2803408 ] } },
{ "type": "Feature", "properties": { "element": "node", "id": 4524828989.0, "amenity": "cafe", "name": "Borneo Country Bar", "tourism": null, "cuisine": null, "addr:city": null, "addr:postcode": null, "addr:street": "Jl. Mayjen Sutoyo", "shop": null, "addr:housenumber": null, "level": null, "smoking": null, "beds": null, "internet_access": null, "internet_access:fee": null, "operator": null, "rooms": null, "wheelchair": null, "stars": null, "opening_hours": null, "addr:full": null, "building": null, "building:levels": null, "capacity:persons": null, "operator:type": null, "school:type_idn": null, "website": null, "historic": null, "capacity": null, "delivery": null, "description": null, "outdoor_seating": null, "phone": null, "takeaway": null, "leisure": null, "emergency": null, "healthcare": null, "healthcare:speciality": null, "brand": null, "brand:wikidata": null, "brand:wikipedia": null, "short_name": null, "diet:halal": null, "branch": null, "email": null, "air_conditioning": null, "guest_house": null, "name:en": null, "addr:housename": null, "addr:province": null, "addr:unit": null, "addr:district": null, "addr:neighbourhood": null, "addr:subdistrict": null, "contact:instagram": null, "sport": null, "url": null, "old_name": null, "payment:cash": null, "payment:coins": null, "payment:ep_cash": null, "payment:visa": null, "payment:visa_debit": null, "building:roof": null, "building:structure": null, "building:walls": null, "access:roof": null, "hospital:type": null, "landuse": null, "height": null, "addr:street:sym_ul": null, "religion": null, "internet_access:ssid": null, "museum": null, "name:id": null, "wikimedia_commons": null, "school": null, "area": null, "tactile_paving": null, "wikidata": null, "since": null, "layer": null, "type": null, "path": "/home/perhanjay/Desktop/Semester 3/Pengantar Kecerdasan Artifisial /Tubes/balikpapan_pois.gpkg|layername=balikpapan_pois|geometrytype=Point" }, "geometry": { "type": "Point", "coordinates": [ 116.8448768, -1.2698003 ] } },
{ "type": "Feature", "properties": { "element": "node", "id": 4547667894.0, "amenity": null, "name": "Penginapan Rahayu", "tourism": "guest_house", "cuisine": null, "addr:city": null, "addr:postcode": null, "addr:street": "Gg.Pelita 1", "shop": null, "addr:housenumber": null, "level": null, "smoking": null, "beds": null, "internet_access": null, "internet_access:fee": null, "operator": null, "rooms": null, "wheelchair": null, "stars": null, "opening_hours": null, "addr:full": null, "building": null, "building:levels": null, "capacity:persons": null, "operator:type": null, "school:type_idn": null, "website": null, "historic": null, "capacity": null, "delivery": null, "description": null, "outdoor_seating": null, "phone": null, "takeaway": null, "leisure": null, "emergency": null, "healthcare": null, "healthcare:speciality": null, "brand": null, "brand:wikidata": null, "brand:wikipedia": null, "short_name": null, "diet:halal": null, "branch": null, "email": null, "air_conditioning": null, "guest_house": null, "name:en": null, "addr:housename": null, "addr:province": null, "addr:unit": null, "addr:district": null, "addr:neighbourhood": null, "addr:subdistrict": null, "contact:instagram": null, "sport": null, "url": null, "old_name": null, "payment:cash": null, "payment:coins": null, "payment:ep_cash": null, "payment:visa": null, "payment:visa_debit": null, "building:roof": null, "building:structure": null, "building:walls": null, "access:roof": null, "hospital:type": null, "landuse": null, "height": null, "addr:street:sym_ul": null, "religion": null, "internet_access:ssid": null, "museum": null, "name:id": null, "wikimedia_commons": null, "school": null, "area": null, "tactile_paving": null, "wikidata": null, "since": null, "layer": null, "type": null, "path": "/home/perhanjay/Desktop/Semester 3/Pengantar Kecerdasan Artifisial /Tubes/balikpapan_pois.gpkg|layername=balikpapan_pois|geometrytype=Point" }, "geometry": { "type": "Point", "coordinates": [ 116.9023345, -1.2573288 ] } },
{ "type": "Feature", "properties": { "element": "node", "id": 4556440892.0, "amenity": null, "name": "Indonesia", "tourism": "artwork", "cuisine": null, "addr:city": null, "addr:postcode": null, "addr:street": null, "shop": null, "addr:housenumber": null, "level": null, "smoking": null, "beds": null, "internet_access": null, "internet_access:fee": null, "operator": null, "rooms": null, "wheelchair": null, "stars": null, "opening_hours": null, "addr:full": null, "building": null, "building:levels": null, "capacity:persons": null, "operator:type": null, "school:type_idn": null, "website": null, "historic": null, "capacity": null, "delivery": null, "description": null, "outdoor_seating": null, "phone": null, "takeaway": null, "leisure": null, "emergency": null, "healthcare": null, "healthcare:speciality": null, "brand": null, "brand:wikidata": null, "brand:wikipedia": null, "short_name": null, "diet:halal": null, "branch": null, "email": null, "air_conditioning": null, "guest_house": null, "name:en": null, "addr:housename": null, "addr:province": null, "addr:unit": null, "addr:district": null, "addr:neighbourhood": null, "addr:subdistrict": null, "contact:instagram": null, "sport": null, "url": null, "old_name": null, "payment:cash": null, "payment:coins": null, "payment:ep_cash": null, "payment:visa": null, "payment:visa_debit": null, "building:roof": null, "building:structure": null, "building:walls": null, "access:roof": null, "hospital:type": null, "landuse": null, "height": null, "addr:street:sym_ul": null, "religion": null, "internet_access:ssid": null, "museum": null, "name:id": null, "wikimedia_commons": null, "school": null, "area": null, "tactile_paving": null, "wikidata": null, "since": null, "layer": null, "type": null, "path": "/home/perhanjay/Desktop/Semester 3/Pengantar Kecerdasan Artifisial /Tubes/balikpapan_pois.gpkg|layername=balikpapan_pois|geometrytype=Point" }, "geometry": { "type": "Point", "coordinates": [ 116.8061802, -1.2719427 ] } },
{ "type": "Feature", "properties": { "element": "node", "id": 4691813589.0, "amenity": null, "name": "Haai", "tourism": "hotel", "cuisine": null, "addr:city": null, "addr:postcode": null, "addr:street": null, "shop": null, "addr:housenumber": null, "level": null, "smoking": null, "beds": null, "internet_access": null, "internet_access:fee": null, "operator": null, "rooms": null, "wheelchair": null, "stars": null, "opening_hours": null, "addr:full": null, "building": null, "building:levels": null, "capacity:persons": null, "operator:type": null, "school:type_idn": null, "website": null, "historic": null, "capacity": null, "delivery": null, "description": null, "outdoor_seating": null, "phone": null, "takeaway": null, "leisure": null, "emergency": null, "healthcare": null, "healthcare:speciality": null, "brand": null, "brand:wikidata": null, "brand:wikipedia": null, "short_name": null, "diet:halal": null, "branch": null, "email": null, "air_conditioning": null, "guest_house": null, "name:en": null, "addr:housename": null, "addr:province": null, "addr:unit": null, "addr:district": null, "addr:neighbourhood": null, "addr:subdistrict": null, "contact:instagram": null, "sport": null, "url": null, "old_name": null, "payment:cash": null, "payment:coins": null, "payment:ep_cash": null, "payment:visa": null, "payment:visa_debit": null, "building:roof": null, "building:structure": null, "building:walls": null, "access:roof": null, "hospital:type": null, "landuse": null, "height": null, "addr:street:sym_ul": null, "religion": null, "internet_access:ssid": null, "museum": null, "name:id": null, "wikimedia_commons": null, "school": null, "area": null, "tactile_paving": null, "wikidata": null, "since": null, "layer": null, "type": null, "path": "/home/perhanjay/Desktop/Semester 3/Pengantar Kecerdasan Artifisial /Tubes/balikpapan_pois.gpkg|layername=balikpapan_pois|geometrytype=Point" }, "geometry": { "type": "Point", "coordinates": [ 116.8844681, -1.2607443 ] } },
{ "type": "Feature", "properties": { "element": "node", "id": 4818314521.0, "amenity": null, "name": "Bilqis Hostel", "tourism": "guest_house", "cuisine": null, "addr:city": null, "addr:postcode": null, "addr:street": null, "shop": null, "addr:housenumber": null, "level": null, "smoking": null, "beds": null, "internet_access": null, "internet_access:fee": null, "operator": null, "rooms": null, "wheelchair": null, "stars": null, "opening_hours": null, "addr:full": null, "building": null, "building:levels": null, "capacity:persons": null, "operator:type": null, "school:type_idn": null, "website": null, "historic": null, "capacity": null, "delivery": null, "description": null, "outdoor_seating": null, "phone": null, "takeaway": null, "leisure": null, "emergency": null, "healthcare": null, "healthcare:speciality": null, "brand": null, "brand:wikidata": null, "brand:wikipedia": null, "short_name": null, "diet:halal": null, "branch": null, "email": null, "air_conditioning": null, "guest_house": null, "name:en": null, "addr:housename": null, "addr:province": null, "addr:unit": null, "addr:district": null, "addr:neighbourhood": null, "addr:subdistrict": null, "contact:instagram": null, "sport": null, "url": null, "old_name": null, "payment:cash": null, "payment:coins": null, "payment:ep_cash": null, "payment:visa": null, "payment:visa_debit": null, "building:roof": null, "building:structure": null, "building:walls": null, "access:roof": null, "hospital:type": null, "landuse": null, "height": null, "addr:street:sym_ul": null, "religion": null, "internet_access:ssid": null, "museum": null, "name:id": null, "wikimedia_commons": null, "school": null, "area": null, "tactile_paving": null, "wikidata": null, "since": null, "layer": null, "type": null, "path": "/home/perhanjay/Desktop/Semester 3/Pengantar Kecerdasan Artifisial /Tubes/balikpapan_pois.gpkg|layername=balikpapan_pois|geometrytype=Point" }, "geometry": { "type": "Point", "coordinates": [ 116.9123034, -1.2594824 ] } },
{ "type": "Feature", "properties": { "element": "node", "id": 5181376721.0, "amenity": null, "name": "Swiss Belinn Hotel", "tourism": "hotel", "cuisine": null, "addr:city": null, "addr:postcode": null, "addr:street": null, "shop": null, "addr:housenumber": null, "level": null, "smoking": null, "beds": null, "internet_access": null, "internet_access:fee": null, "operator": null, "rooms": null, "wheelchair": null, "stars": null, "opening_hours": null, "addr:full": null, "building": null, "building:levels": null, "capacity:persons": null, "operator:type": null, "school:type_idn": null, "website": null, "historic": null, "capacity": null, "delivery": null, "description": null, "outdoor_seating": null, "phone": null, "takeaway": null, "leisure": null, "emergency": null, "healthcare": null, "healthcare:speciality": null, "brand": null, "brand:wikidata": null, "brand:wikipedia": null, "short_name": null, "diet:halal": null, "branch": null, "email": null, "air_conditioning": null, "guest_house": null, "name:en": null, "addr:housename": null, "addr:province": null, "addr:unit": null, "addr:district": null, "addr:neighbourhood": null, "addr:subdistrict": null, "contact:instagram": null, "sport": null, "url": null, "old_name": null, "payment:cash": null, "payment:coins": null, "payment:ep_cash": null, "payment:visa": null, "payment:visa_debit": null, "building:roof": null, "building:structure": null, "building:walls": null, "access:roof": null, "hospital:type": null, "landuse": null, "height": null, "addr:street:sym_ul": null, "religion": null, "internet_access:ssid": null, "museum": null, "name:id": null, "wikimedia_commons": null, "school": null, "area": null, "tactile_paving": null, "wikidata": null, "since": null, "layer": null, "type": null, "path": "/home/perhanjay/Desktop/Semester 3/Pengantar Kecerdasan Artifisial /Tubes/balikpapan_pois.gpkg|layername=balikpapan_pois|geometrytype=Point" }, "geometry": { "type": "Point", "coordinates": [ 116.8527377, -1.2710954 ] } },
{ "type": "Feature", "properties": { "element": "node", "id": 5260624036.0, "amenity": "restaurant", "name": "hidangan Padang Panjang", "tourism": null, "cuisine": "asian;regional", "addr:city": "Balikpapan", "addr:postcode": "76113", "addr:street": "Jend Sudirman", "shop": null, "addr:housenumber": "22", "level": null, "smoking": "yes", "beds": null, "internet_access": null, "internet_access:fee": null, "operator": null, "rooms": null, "wheelchair": null, "stars": null, "opening_hours": "Mo-Su 09:00-22:00", "addr:full": null, "building": null, "building:levels": null, "capacity:persons": null, "operator:type": null, "school:type_idn": null, "website": null, "historic": null, "capacity": "50", "delivery": "yes", "description": "restoran", "outdoor_seating": "no", "phone": "+62 542 411556", "takeaway": "yes", "leisure": null, "emergency": null, "healthcare": null, "healthcare:speciality": null, "brand": null, "brand:wikidata": null, "brand:wikipedia": null, "short_name": null, "diet:halal": null, "branch": null, "email": null, "air_conditioning": null, "guest_house": null, "name:en": null, "addr:housename": null, "addr:province": null, "addr:unit": null, "addr:district": null, "addr:neighbourhood": null, "addr:subdistrict": null, "contact:instagram": null, "sport": null, "url": null, "old_name": null, "payment:cash": null, "payment:coins": null, "payment:ep_cash": null, "payment:visa": null, "payment:visa_debit": null, "building:roof": null, "building:structure": null, "building:walls": null, "access:roof": null, "hospital:type": null, "landuse": null, "height": null, "addr:street:sym_ul": null, "religion": null, "internet_access:ssid": null, "museum": null, "name:id": null, "wikimedia_commons": null, "school": null, "area": null, "tactile_paving": null, "wikidata": null, "since": null, "layer": null, "type": null, "path": "/home/perhanjay/Desktop/Semester 3/Pengantar Kecerdasan Artifisial /Tubes/balikpapan_pois.gpkg|layername=balikpapan_pois|geometrytype=Point" }, "geometry": { "type": "Point", "coordinates": [ 116.8471873, -1.2753251 ] } },
{ "type": "Feature", "properties": { "element": "node", "id": 5441736204.0, "amenity": "restaurant", "name": "Cafe Puncak", "tourism": null, "cuisine": null, "addr:city": null, "addr:postcode": null, "addr:street": null, "shop": null, "addr:housenumber": null, "level": null, "smoking": null, "beds": null, "internet_access": null, "internet_access:fee": null, "operator": null, "rooms": null, "wheelchair": null, "stars": null, "opening_hours": "15:00-22:00", "addr:full": null, "building": null, "building:levels": null, "capacity:persons": null, "operator:type": null, "school:type_idn": null, "website": null, "historic": null, "capacity": null, "delivery": null, "description": null, "outdoor_seating": null, "phone": null, "takeaway": null, "leisure": null, "emergency": null, "healthcare": null, "healthcare:speciality": null, "brand": null, "brand:wikidata": null, "brand:wikipedia": null, "short_name": null, "diet:halal": null, "branch": null, "email": null, "air_conditioning": null, "guest_house": null, "name:en": null, "addr:housename": null, "addr:province": null, "addr:unit": null, "addr:district": null, "addr:neighbourhood": null, "addr:subdistrict": null, "contact:instagram": null, "sport": null, "url": null, "old_name": null, "payment:cash": null, "payment:coins": null, "payment:ep_cash": null, "payment:visa": null, "payment:visa_debit": null, "building:roof": null, "building:structure": null, "building:walls": null, "access:roof": null, "hospital:type": null, "landuse": null, "height": null, "addr:street:sym_ul": null, "religion": null, "internet_access:ssid": null, "museum": null, "name:id": null, "wikimedia_commons": null, "school": null, "area": null, "tactile_paving": null, "wikidata": null, "since": null, "layer": null, "type": null, "path": "/home/perhanjay/Desktop/Semester 3/Pengantar Kecerdasan Artifisial /Tubes/balikpapan_pois.gpkg|layername=balikpapan_pois|geometrytype=Point" }, "geometry": { "type": "Point", "coordinates": [ 116.8090224, -1.2740408 ] } },
{ "type": "Feature", "properties": { "element": "node", "id": 5504951964.0, "amenity": null, "name": "Taman", "tourism": null, "cuisine": null, "addr:city": null, "addr:postcode": null, "addr:street": null, "shop": null, "addr:housenumber": null, "level": null, "smoking": null, "beds": null, "internet_access": null, "internet_access:fee": null, "operator": null, "rooms": null, "wheelchair": null, "stars": null, "opening_hours": null, "addr:full": null, "building": null, "building:levels": null, "capacity:persons": null, "operator:type": null, "school:type_idn": null, "website": null, "historic": null, "capacity": null, "delivery": null, "description": null, "outdoor_seating": null, "phone": null, "takeaway": null, "leisure": "park", "emergency": null, "healthcare": null, "healthcare:speciality": null, "brand": null, "brand:wikidata": null, "brand:wikipedia": null, "short_name": null, "diet:halal": null, "branch": null, "email": null, "air_conditioning": null, "guest_house": null, "name:en": null, "addr:housename": null, "addr:province": null, "addr:unit": null, "addr:district": null, "addr:neighbourhood": null, "addr:subdistrict": null, "contact:instagram": null, "sport": null, "url": null, "old_name": null, "payment:cash": null, "payment:coins": null, "payment:ep_cash": null, "payment:visa": null, "payment:visa_debit": null, "building:roof": null, "building:structure": null, "building:walls": null, "access:roof": null, "hospital:type": null, "landuse": null, "height": null, "addr:street:sym_ul": null, "religion": null, "internet_access:ssid": null, "museum": null, "name:id": null, "wikimedia_commons": null, "school": null, "area": null, "tactile_paving": null, "wikidata": null, "since": null, "layer": null, "type": null, "path": "/home/perhanjay/Desktop/Semester 3/Pengantar Kecerdasan Artifisial /Tubes/balikpapan_pois.gpkg|layername=balikpapan_pois|geometrytype=Point" }, "geometry": { "type": "Point", "coordinates": [ 116.8149037, -1.224338 ] } },
{ "type": "Feature", "properties": { "element": "node", "id": 5506824198.0, "amenity": null, "name": null, "tourism": null, "cuisine": null, "addr:city": null, "addr:postcode": null, "addr:street": null, "shop": null, "addr:housenumber": null, "level": null, "smoking": null, "beds": null, "internet_access": null, "internet_access:fee": null, "operator": null, "rooms": null, "wheelchair": null, "stars": null, "opening_hours": null, "addr:full": null, "building": null, "building:levels": null, "capacity:persons": null, "operator:type": null, "school:type_idn": null, "website": null, "historic": null, "capacity": null, "delivery": null, "description": null, "outdoor_seating": null, "phone": null, "takeaway": null, "leisure": "park", "emergency": null, "healthcare": null, "healthcare:speciality": null, "brand": null, "brand:wikidata": null, "brand:wikipedia": null, "short_name": null, "diet:halal": null, "branch": null, "email": null, "air_conditioning": null, "guest_house": null, "name:en": null, "addr:housename": null, "addr:province": null, "addr:unit": null, "addr:district": null, "addr:neighbourhood": null, "addr:subdistrict": null, "contact:instagram": null, "sport": null, "url": null, "old_name": null, "payment:cash": null, "payment:coins": null, "payment:ep_cash": null, "payment:visa": null, "payment:visa_debit": null, "building:roof": null, "building:structure": null, "building:walls": null, "access:roof": null, "hospital:type": null, "landuse": null, "height": null, "addr:street:sym_ul": null, "religion": null, "internet_access:ssid": null, "museum": null, "name:id": null, "wikimedia_commons": null, "school": null, "area": null, "tactile_paving": null, "wikidata": null, "since": null, "layer": null, "type": null, "path": "/home/perhanjay/Desktop/Semester 3/Pengantar Kecerdasan Artifisial /Tubes/balikpapan_pois.gpkg|layername=balikpapan_pois|geometrytype=Point" }, "geometry": { "type": "Point", "coordinates": [ 116.8284511, -1.2204208 ] } },
{ "type": "Feature", "properties": { "element": "node", "id": 5694413922.0, "amenity": "restaurant", "name": "Ocean Restaurant", "tourism": null, "cuisine": null, "addr:city": null, "addr:postcode": null, "addr:street": null, "shop": null, "addr:housenumber": null, "level": null, "smoking": null, "beds": null, "internet_access": null, "internet_access:fee": null, "operator": null, "rooms": null, "wheelchair": null, "stars": null, "opening_hours": null, "addr:full": null, "building": null, "building:levels": null, "capacity:persons": null, "operator:type": null, "school:type_idn": null, "website": null, "historic": null, "capacity": null, "delivery": null, "description": null, "outdoor_seating": null, "phone": null, "takeaway": null, "leisure": null, "emergency": null, "healthcare": null, "healthcare:speciality": null, "brand": null, "brand:wikidata": null, "brand:wikipedia": null, "short_name": null, "diet:halal": null, "branch": null, "email": null, "air_conditioning": null, "guest_house": null, "name:en": null, "addr:housename": null, "addr:province": null, "addr:unit": null, "addr:district": null, "addr:neighbourhood": null, "addr:subdistrict": null, "contact:instagram": null, "sport": null, "url": null, "old_name": null, "payment:cash": null, "payment:coins": null, "payment:ep_cash": null, "payment:visa": null, "payment:visa_debit": null, "building:roof": null, "building:structure": null, "building:walls": null, "access:roof": null, "hospital:type": null, "landuse": null, "height": null, "addr:street:sym_ul": null, "religion": null, "internet_access:ssid": null, "museum": null, "name:id": null, "wikimedia_commons": null, "school": null, "area": null, "tactile_paving": null, "wikidata": null, "since": null, "layer": null, "type": null, "path": "/home/perhanjay/Desktop/Semester 3/Pengantar Kecerdasan Artifisial /Tubes/balikpapan_pois.gpkg|layername=balikpapan_pois|geometrytype=Point" }, "geometry": { "type": "Point", "coordinates": [ 116.8352895, -1.2781742 ] } },
{ "type": "Feature", "properties": { "element": "node", "id": 5969051285.0, "amenity": "restaurant", "name": "Warung Semarang Lalapan", "tourism": null, "cuisine": null, "addr:city": null, "addr:postcode": null, "addr:street": null, "shop": null, "addr:housenumber": null, "level": null, "smoking": null, "beds": null, "internet_access": null, "internet_access:fee": null, "operator": null, "rooms": null, "wheelchair": null, "stars": null, "opening_hours": null, "addr:full": null, "building": null, "building:levels": null, "capacity:persons": null, "operator:type": null, "school:type_idn": null, "website": null, "historic": null, "capacity": null, "delivery": null, "description": null, "outdoor_seating": null, "phone": null, "takeaway": null, "leisure": null, "emergency": null, "healthcare": null, "healthcare:speciality": null, "brand": null, "brand:wikidata": null, "brand:wikipedia": null, "short_name": null, "diet:halal": null, "branch": null, "email": null, "air_conditioning": null, "guest_house": null, "name:en": null, "addr:housename": null, "addr:province": null, "addr:unit": null, "addr:district": null, "addr:neighbourhood": null, "addr:subdistrict": null, "contact:instagram": null, "sport": null, "url": null, "old_name": null, "payment:cash": null, "payment:coins": null, "payment:ep_cash": null, "payment:visa": null, "payment:visa_debit": null, "building:roof": null, "building:structure": null, "building:walls": null, "access:roof": null, "hospital:type": null, "landuse": null, "height": null, "addr:street:sym_ul": null, "religion": null, "internet_access:ssid": null, "museum": null, "name:id": null, "wikimedia_commons": null, "school": null, "area": null, "tactile_paving": null, "wikidata": null, "since": null, "layer": null, "type": null, "path": "/home/perhanjay/Desktop/Semester 3/Pengantar Kecerdasan Artifisial /Tubes/balikpapan_pois.gpkg|layername=balikpapan_pois|geometrytype=Point" }, "geometry": { "type": "Point", "coordinates": [ 116.8856826, -1.1872708 ] } },
{ "type": "Feature", "properties": { "element": "node", "id": 5981382291.0, "amenity": null, "name": "Pantai Lamaru", "tourism": "artwork", "cuisine": null, "addr:city": null, "addr:postcode": null, "addr:street": null, "shop": null, "addr:housenumber": null, "level": null, "smoking": null, "beds": null, "internet_access": null, "internet_access:fee": null, "operator": null, "rooms": null, "wheelchair": null, "stars": null, "opening_hours": null, "addr:full": null, "building": null, "building:levels": null, "capacity:persons": null, "operator:type": null, "school:type_idn": null, "website": null, "historic": null, "capacity": null, "delivery": null, "description": null, "outdoor_seating": null, "phone": null, "takeaway": null, "leisure": null, "emergency": null, "healthcare": null, "healthcare:speciality": null, "brand": null, "brand:wikidata": null, "brand:wikipedia": null, "short_name": null, "diet:halal": null, "branch": null, "email": null, "air_conditioning": null, "guest_house": null, "name:en": null, "addr:housename": null, "addr:province": null, "addr:unit": null, "addr:district": null, "addr:neighbourhood": null, "addr:subdistrict": null, "contact:instagram": null, "sport": null, "url": null, "old_name": null, "payment:cash": null, "payment:coins": null, "payment:ep_cash": null, "payment:visa": null, "payment:visa_debit": null, "building:roof": null, "building:structure": null, "building:walls": null, "access:roof": null, "hospital:type": null, "landuse": null, "height": null, "addr:street:sym_ul": null, "religion": null, "internet_access:ssid": null, "museum": null, "name:id": null, "wikimedia_commons": null, "school": null, "area": null, "tactile_paving": null, "wikidata": null, "since": null, "layer": null, "type": null, "path": "/home/perhanjay/Desktop/Semester 3/Pengantar Kecerdasan Artifisial /Tubes/balikpapan_pois.gpkg|layername=balikpapan_pois|geometrytype=Point" }, "geometry": { "type": "Point", "coordinates": [ 117.0030444, -1.1913437 ] } },
{ "type": "Feature", "properties": { "element": "node", "id": 7028041152.0, "amenity": "restaurant", "name": "Biru Laut Restoran", "tourism": null, "cuisine": null, "addr:city": null, "addr:postcode": null, "addr:street": null, "shop": null, "addr:housenumber": null, "level": null, "smoking": null, "beds": null, "internet_access": null, "internet_access:fee": null, "operator": null, "rooms": null, "wheelchair": null, "stars": null, "opening_hours": null, "addr:full": null, "building": null, "building:levels": null, "capacity:persons": null, "operator:type": null, "school:type_idn": null, "website": null, "historic": null, "capacity": null, "delivery": null, "description": null, "outdoor_seating": null, "phone": null, "takeaway": null, "leisure": null, "emergency": null, "healthcare": null, "healthcare:speciality": null, "brand": null, "brand:wikidata": null, "brand:wikipedia": null, "short_name": null, "diet:halal": null, "branch": null, "email": null, "air_conditioning": null, "guest_house": null, "name:en": null, "addr:housename": null, "addr:province": null, "addr:unit": null, "addr:district": null, "addr:neighbourhood": null, "addr:subdistrict": null, "contact:instagram": null, "sport": null, "url": null, "old_name": null, "payment:cash": null, "payment:coins": null, "payment:ep_cash": null, "payment:visa": null, "payment:visa_debit": null, "building:roof": null, "building:structure": null, "building:walls": null, "access:roof": null, "hospital:type": null, "landuse": null, "height": null, "addr:street:sym_ul": null, "religion": null, "internet_access:ssid": null, "museum": null, "name:id": null, "wikimedia_commons": null, "school": null, "area": null, "tactile_paving": null, "wikidata": null, "since": null, "layer": null, "type": null, "path": "/home/perhanjay/Desktop/Semester 3/Pengantar Kecerdasan Artifisial /Tubes/balikpapan_pois.gpkg|layername=balikpapan_pois|geometrytype=Point" }, "geometry": { "type": "Point", "coordinates": [ 116.822841, -1.2793663 ] } },
{ "type": "Feature", "properties": { "element": "node", "id": 7330415684.0, "amenity": "hospital", "name": "RSUD Beriman Balikpapan", "tourism": null, "cuisine": null, "addr:city": "Kota Balikpapan", "addr:postcode": null, "addr:street": "Jalan Mayjen Sutoyo", "shop": null, "addr:housenumber": "30", "level": null, "smoking": null, "beds": null, "internet_access": null, "internet_access:fee": null, "operator": "Andi Herman", "rooms": null, "wheelchair": null, "stars": null, "opening_hours": null, "addr:full": null, "building": null, "building:levels": null, "capacity:persons": null, "operator:type": "public", "school:type_idn": null, "website": null, "historic": null, "capacity": null, "delivery": null, "description": null, "outdoor_seating": null, "phone": null, "takeaway": null, "leisure": null, "emergency": "yes", "healthcare": "hospital", "healthcare:speciality": "general", "brand": null, "brand:wikidata": null, "brand:wikipedia": null, "short_name": null, "diet:halal": null, "branch": null, "email": null, "air_conditioning": null, "guest_house": null, "name:en": null, "addr:housename": null, "addr:province": null, "addr:unit": null, "addr:district": null, "addr:neighbourhood": null, "addr:subdistrict": null, "contact:instagram": null, "sport": null, "url": null, "old_name": null, "payment:cash": null, "payment:coins": null, "payment:ep_cash": null, "payment:visa": null, "payment:visa_debit": null, "building:roof": null, "building:structure": null, "building:walls": null, "access:roof": null, "hospital:type": null, "landuse": null, "height": null, "addr:street:sym_ul": null, "religion": null, "internet_access:ssid": null, "museum": null, "name:id": null, "wikimedia_commons": null, "school": null, "area": null, "tactile_paving": null, "wikidata": null, "since": null, "layer": null, "type": null, "path": "/home/perhanjay/Desktop/Semester 3/Pengantar Kecerdasan Artifisial /Tubes/balikpapan_pois.gpkg|layername=balikpapan_pois|geometrytype=Point" }, "geometry": { "type": "Point", "coordinates": [ 116.8472077, -1.2632244 ] } },
{ "type": "Feature", "properties": { "element": "node", "id": 7510242649.0, "amenity": null, "name": "Four Points by Sheraton Balikpapan", "tourism": "hotel", "cuisine": null, "addr:city": "Balikpapan", "addr:postcode": null, "addr:street": "Jalan Pelita", "shop": null, "addr:housenumber": "19", "level": null, "smoking": null, "beds": null, "internet_access": null, "internet_access:fee": null, "operator": null, "rooms": "138", "wheelchair": null, "stars": null, "opening_hours": null, "addr:full": null, "building": null, "building:levels": null, "capacity:persons": null, "operator:type": null, "school:type_idn": null, "website": null, "historic": null, "capacity": null, "delivery": null, "description": null, "outdoor_seating": null, "phone": null, "takeaway": null, "leisure": null, "emergency": null, "healthcare": null, "healthcare:speciality": null, "brand": "Four Points by Sheraton", "brand:wikidata": "Q1439966", "brand:wikipedia": "en:Four Points by Sheraton", "short_name": "Four Points", "diet:halal": null, "branch": null, "email": null, "air_conditioning": null, "guest_house": null, "name:en": null, "addr:housename": null, "addr:province": null, "addr:unit": null, "addr:district": null, "addr:neighbourhood": null, "addr:subdistrict": null, "contact:instagram": null, "sport": null, "url": null, "old_name": null, "payment:cash": null, "payment:coins": null, "payment:ep_cash": null, "payment:visa": null, "payment:visa_debit": null, "building:roof": null, "building:structure": null, "building:walls": null, "access:roof": null, "hospital:type": null, "landuse": null, "height": null, "addr:street:sym_ul": null, "religion": null, "internet_access:ssid": null, "museum": null, "name:id": null, "wikimedia_commons": null, "school": null, "area": null, "tactile_paving": null, "wikidata": null, "since": null, "layer": null, "type": null, "path": "/home/perhanjay/Desktop/Semester 3/Pengantar Kecerdasan Artifisial /Tubes/balikpapan_pois.gpkg|layername=balikpapan_pois|geometrytype=Point" }, "geometry": { "type": "Point", "coordinates": [ 116.9000823, -1.2568159 ] } },
{ "type": "Feature", "properties": { "element": "node", "id": 8187976561.0, "amenity": "hospital", "name": "Omni Hospital", "tourism": null, "cuisine": null, "addr:city": null, "addr:postcode": null, "addr:street": null, "shop": null, "addr:housenumber": null, "level": null, "smoking": null, "beds": null, "internet_access": null, "internet_access:fee": null, "operator": null, "rooms": null, "wheelchair": null, "stars": null, "opening_hours": null, "addr:full": null, "building": null, "building:levels": null, "capacity:persons": null, "operator:type": null, "school:type_idn": null, "website": null, "historic": null, "capacity": null, "delivery": null, "description": null, "outdoor_seating": null, "phone": null, "takeaway": null, "leisure": null, "emergency": null, "healthcare": "hospital", "healthcare:speciality": null, "brand": null, "brand:wikidata": null, "brand:wikipedia": null, "short_name": null, "diet:halal": null, "branch": null, "email": null, "air_conditioning": null, "guest_house": null, "name:en": null, "addr:housename": null, "addr:province": null, "addr:unit": null, "addr:district": null, "addr:neighbourhood": null, "addr:subdistrict": null, "contact:instagram": null, "sport": null, "url": null, "old_name": null, "payment:cash": null, "payment:coins": null, "payment:ep_cash": null, "payment:visa": null, "payment:visa_debit": null, "building:roof": null, "building:structure": null, "building:walls": null, "access:roof": null, "hospital:type": null, "landuse": null, "height": null, "addr:street:sym_ul": null, "religion": null, "internet_access:ssid": null, "museum": null, "name:id": null, "wikimedia_commons": null, "school": null, "area": null, "tactile_paving": null, "wikidata": null, "since": null, "layer": null, "type": null, "path": "/home/perhanjay/Desktop/Semester 3/Pengantar Kecerdasan Artifisial /Tubes/balikpapan_pois.gpkg|layername=balikpapan_pois|geometrytype=Point" }, "geometry": { "type": "Point", "coordinates": [ 116.872623, -1.2431814 ] } },
{ "type": "Feature", "properties": { "element": "node", "id": 8218872551.0, "amenity": "restaurant", "name": "GoBar", "tourism": null, "cuisine": null, "addr:city": "Balikpapan", "addr:postcode": null, "addr:street": "Jalan M.T. Haryono", "shop": null, "addr:housenumber": null, "level": null, "smoking": null, "beds": null, "internet_access": null, "internet_access:fee": null, "operator": null, "rooms": null, "wheelchair": null, "stars": null, "opening_hours": null, "addr:full": null, "building": null, "building:levels": null, "capacity:persons": null, "operator:type": null, "school:type_idn": null, "website": null, "historic": null, "capacity": null, "delivery": null, "description": null, "outdoor_seating": null, "phone": null, "takeaway": null, "leisure": null, "emergency": null, "healthcare": null, "healthcare:speciality": null, "brand": null, "brand:wikidata": null, "brand:wikipedia": null, "short_name": null, "diet:halal": null, "branch": null, "email": null, "air_conditioning": null, "guest_house": null, "name:en": null, "addr:housename": null, "addr:province": null, "addr:unit": null, "addr:district": null, "addr:neighbourhood": null, "addr:subdistrict": null, "contact:instagram": null, "sport": null, "url": null, "old_name": null, "payment:cash": null, "payment:coins": null, "payment:ep_cash": null, "payment:visa": null, "payment:visa_debit": null, "building:roof": null, "building:structure": null, "building:walls": null, "access:roof": null, "hospital:type": null, "landuse": null, "height": null, "addr:street:sym_ul": null, "religion": null, "internet_access:ssid": null, "museum": null, "name:id": null, "wikimedia_commons": null, "school": null, "area": null, "tactile_paving": null, "wikidata": null, "since": null, "layer": null, "type": null, "path": "/home/perhanjay/Desktop/Semester 3/Pengantar Kecerdasan Artifisial /Tubes/balikpapan_pois.gpkg|layername=balikpapan_pois|geometrytype=Point" }, "geometry": { "type": "Point", "coordinates": [ 116.873761, -1.238209 ] } },
{ "type": "Feature", "properties": { "element": "node", "id": 8636980817.0, "amenity": "restaurant", "name": "Kepiting Maknyus", "tourism": null, "cuisine": "seafood", "addr:city": "Balikpapan", "addr:postcode": null, "addr:street": "Jalan Pupuk Timur IV", "shop": null, "addr:housenumber": "No 88", "level": null, "smoking": null, "beds": null, "internet_access": null, "internet_access:fee": null, "operator": null, "rooms": null, "wheelchair": null, "stars": null, "opening_hours": null, "addr:full": null, "building": null, "building:levels": null, "capacity:persons": null, "operator:type": null, "school:type_idn": null, "website": null, "historic": null, "capacity": null, "delivery": null, "description": null, "outdoor_seating": null, "phone": null, "takeaway": null, "leisure": null, "emergency": null, "healthcare": null, "healthcare:speciality": null, "brand": null, "brand:wikidata": null, "brand:wikipedia": null, "short_name": null, "diet:halal": "yes", "branch": null, "email": null, "air_conditioning": null, "guest_house": null, "name:en": null, "addr:housename": null, "addr:province": null, "addr:unit": null, "addr:district": null, "addr:neighbourhood": null, "addr:subdistrict": null, "contact:instagram": null, "sport": null, "url": null, "old_name": null, "payment:cash": null, "payment:coins": null, "payment:ep_cash": null, "payment:visa": null, "payment:visa_debit": null, "building:roof": null, "building:structure": null, "building:walls": null, "access:roof": null, "hospital:type": null, "landuse": null, "height": null, "addr:street:sym_ul": null, "religion": null, "internet_access:ssid": null, "museum": null, "name:id": null, "wikimedia_commons": null, "school": null, "area": null, "tactile_paving": null, "wikidata": null, "since": null, "layer": null, "type": null, "path": "/home/perhanjay/Desktop/Semester 3/Pengantar Kecerdasan Artifisial /Tubes/balikpapan_pois.gpkg|layername=balikpapan_pois|geometrytype=Point" }, "geometry": { "type": "Point", "coordinates": [ 116.8628392, -1.272713 ] } },
{ "type": "Feature", "properties": { "element": "node", "id": 8978759175.0, "amenity": null, "name": null, "tourism": null, "cuisine": null, "addr:city": null, "addr:postcode": null, "addr:street": null, "shop": null, "addr:housenumber": null, "level": null, "smoking": null, "beds": null, "internet_access": null, "internet_access:fee": null, "operator": null, "rooms": null, "wheelchair": null, "stars": null, "opening_hours": null, "addr:full": null, "building": null, "building:levels": null, "capacity:persons": null, "operator:type": null, "school:type_idn": null, "website": null, "historic": null, "capacity": null, "delivery": null, "description": null, "outdoor_seating": null, "phone": null, "takeaway": null, "leisure": "park", "emergency": null, "healthcare": null, "healthcare:speciality": null, "brand": null, "brand:wikidata": null, "brand:wikipedia": null, "short_name": null, "diet:halal": null, "branch": null, "email": null, "air_conditioning": null, "guest_house": null, "name:en": null, "addr:housename": null, "addr:province": null, "addr:unit": null, "addr:district": null, "addr:neighbourhood": null, "addr:subdistrict": null, "contact:instagram": null, "sport": null, "url": null, "old_name": null, "payment:cash": null, "payment:coins": null, "payment:ep_cash": null, "payment:visa": null, "payment:visa_debit": null, "building:roof": null, "building:structure": null, "building:walls": null, "access:roof": null, "hospital:type": null, "landuse": null, "height": null, "addr:street:sym_ul": null, "religion": null, "internet_access:ssid": null, "museum": null, "name:id": null, "wikimedia_commons": null, "school": null, "area": null, "tactile_paving": null, "wikidata": null, "since": null, "layer": null, "type": null, "path": "/home/perhanjay/Desktop/Semester 3/Pengantar Kecerdasan Artifisial /Tubes/balikpapan_pois.gpkg|layername=balikpapan_pois|geometrytype=Point" }, "geometry": { "type": "Point", "coordinates": [ 116.8135723, -1.2192353 ] } },
{ "type": "Feature", "properties": { "element": "node", "id": 9447102736.0, "amenity": null, "name": "Bawaslu Kota Balikpapan", "tourism": null, "cuisine": null, "addr:city": "Balikpapan", "addr:postcode": "76114", "addr:street": "Jalan M.T. Haryono", "shop": null, "addr:housenumber": "No.109 RT.37 Kel. Damai Baru, Kec. Balikpapan Selatan", "level": null, "smoking": null, "beds": null, "internet_access": null, "internet_access:fee": null, "operator": null, "rooms": null, "wheelchair": null, "stars": null, "opening_hours": "Mo-Fr 08:00-16:00", "addr:full": null, "building": null, "building:levels": null, "capacity:persons": null, "operator:type": null, "school:type_idn": null, "website": null, "historic": null, "capacity": null, "delivery": null, "description": null, "outdoor_seating": null, "phone": null, "takeaway": null, "leisure": "park", "emergency": null, "healthcare": null, "healthcare:speciality": null, "brand": null, "brand:wikidata": null, "brand:wikipedia": null, "short_name": null, "diet:halal": null, "branch": null, "email": null, "air_conditioning": null, "guest_house": null, "name:en": null, "addr:housename": null, "addr:province": null, "addr:unit": null, "addr:district": null, "addr:neighbourhood": null, "addr:subdistrict": null, "contact:instagram": null, "sport": null, "url": null, "old_name": null, "payment:cash": null, "payment:coins": null, "payment:ep_cash": null, "payment:visa": null, "payment:visa_debit": null, "building:roof": null, "building:structure": null, "building:walls": null, "access:roof": null, "hospital:type": null, "landuse": null, "height": null, "addr:street:sym_ul": null, "religion": null, "internet_access:ssid": null, "museum": null, "name:id": null, "wikimedia_commons": null, "school": null, "area": null, "tactile_paving": null, "wikidata": null, "since": null, "layer": null, "type": null, "path": "/home/perhanjay/Desktop/Semester 3/Pengantar Kecerdasan Artifisial /Tubes/balikpapan_pois.gpkg|layername=balikpapan_pois|geometrytype=Point" }, "geometry": { "type": "Point", "coordinates": [ 116.8667892, -1.2595672 ] } },
{ "type": "Feature", "properties": { "element": "node", "id": 9496806369.0, "amenity": "hospital", "name": "UGD", "tourism": null, "cuisine": null, "addr:city": null, "addr:postcode": null, "addr:street": null, "shop": null, "addr:housenumber": null, "level": null, "smoking": null, "beds": null, "internet_access": null, "internet_access:fee": null, "operator": null, "rooms": null, "wheelchair": null, "stars": null, "opening_hours": null, "addr:full": null, "building": null, "building:levels": null, "capacity:persons": null, "operator:type": null, "school:type_idn": null, "website": null, "historic": null, "capacity": null, "delivery": null, "description": null, "outdoor_seating": null, "phone": null, "takeaway": null, "leisure": null, "emergency": "yes", "healthcare": "hospital", "healthcare:speciality": null, "brand": null, "brand:wikidata": null, "brand:wikipedia": null, "short_name": null, "diet:halal": null, "branch": null, "email": null, "air_conditioning": null, "guest_house": null, "name:en": null, "addr:housename": null, "addr:province": null, "addr:unit": null, "addr:district": null, "addr:neighbourhood": null, "addr:subdistrict": null, "contact:instagram": null, "sport": null, "url": null, "old_name": null, "payment:cash": null, "payment:coins": null, "payment:ep_cash": null, "payment:visa": null, "payment:visa_debit": null, "building:roof": null, "building:structure": null, "building:walls": null, "access:roof": null, "hospital:type": null, "landuse": null, "height": null, "addr:street:sym_ul": null, "religion": null, "internet_access:ssid": null, "museum": null, "name:id": null, "wikimedia_commons": null, "school": null, "area": null, "tactile_paving": null, "wikidata": null, "since": null, "layer": null, "type": null, "path": "/home/perhanjay/Desktop/Semester 3/Pengantar Kecerdasan Artifisial /Tubes/balikpapan_pois.gpkg|layername=balikpapan_pois|geometrytype=Point" }, "geometry": { "type": "Point", "coordinates": [ 116.8347214, -1.2430446 ] } },
{ "type": "Feature", "properties": { "element": "node", "id": 9805793151.0, "amenity": "cafe", "name": "Kopi Rumah Mantan", "tourism": null, "cuisine": null, "addr:city": null, "addr:postcode": null, "addr:street": "Jalan Soekarno-Hatta", "shop": null, "addr:housenumber": null, "level": null, "smoking": null, "beds": null, "internet_access": "wlan", "internet_access:fee": null, "operator": null, "rooms": null, "wheelchair": null, "stars": null, "opening_hours": null, "addr:full": null, "building": null, "building:levels": null, "capacity:persons": null, "operator:type": null, "school:type_idn": null, "website": null, "historic": null, "capacity": null, "delivery": null, "description": null, "outdoor_seating": null, "phone": null, "takeaway": null, "leisure": null, "emergency": null, "healthcare": null, "healthcare:speciality": null, "brand": null, "brand:wikidata": null, "brand:wikipedia": null, "short_name": null, "diet:halal": null, "branch": null, "email": null, "air_conditioning": null, "guest_house": null, "name:en": null, "addr:housename": null, "addr:province": null, "addr:unit": null, "addr:district": null, "addr:neighbourhood": null, "addr:subdistrict": null, "contact:instagram": null, "sport": null, "url": null, "old_name": null, "payment:cash": null, "payment:coins": null, "payment:ep_cash": null, "payment:visa": null, "payment:visa_debit": null, "building:roof": null, "building:structure": null, "building:walls": null, "access:roof": null, "hospital:type": null, "landuse": null, "height": null, "addr:street:sym_ul": null, "religion": null, "internet_access:ssid": null, "museum": null, "name:id": null, "wikimedia_commons": null, "school": null, "area": null, "tactile_paving": null, "wikidata": null, "since": null, "layer": null, "type": null, "path": "/home/perhanjay/Desktop/Semester 3/Pengantar Kecerdasan Artifisial /Tubes/balikpapan_pois.gpkg|layername=balikpapan_pois|geometrytype=Point" }, "geometry": { "type": "Point", "coordinates": [ 116.8464145, -1.2231638 ] } },
{ "type": "Feature", "properties": { "element": "node", "id": 9805801382.0, "amenity": "restaurant", "name": "Pizza Hut", "tourism": null, "cuisine": "pizza", "addr:city": null, "addr:postcode": null, "addr:street": "Jalan Soekarno-Hatta", "shop": null, "addr:housenumber": null, "level": null, "smoking": null, "beds": null, "internet_access": null, "internet_access:fee": null, "operator": null, "rooms": null, "wheelchair": null, "stars": null, "opening_hours": "Mo-Su 10:00-22:00", "addr:full": null, "building": null, "building:levels": null, "capacity:persons": null, "operator:type": null, "school:type_idn": null, "website": null, "historic": null, "capacity": null, "delivery": null, "description": null, "outdoor_seating": null, "phone": null, "takeaway": null, "leisure": null, "emergency": null, "healthcare": null, "healthcare:speciality": null, "brand": "Pizza Hut", "brand:wikidata": "Q191615", "brand:wikipedia": null, "short_name": null, "diet:halal": null, "branch": null, "email": null, "air_conditioning": null, "guest_house": null, "name:en": null, "addr:housename": null, "addr:province": null, "addr:unit": null, "addr:district": null, "addr:neighbourhood": null, "addr:subdistrict": null, "contact:instagram": null, "sport": null, "url": null, "old_name": null, "payment:cash": null, "payment:coins": null, "payment:ep_cash": null, "payment:visa": null, "payment:visa_debit": null, "building:roof": null, "building:structure": null, "building:walls": null, "access:roof": null, "hospital:type": null, "landuse": null, "height": null, "addr:street:sym_ul": null, "religion": null, "internet_access:ssid": null, "museum": null, "name:id": null, "wikimedia_commons": null, "school": null, "area": null, "tactile_paving": null, "wikidata": null, "since": null, "layer": null, "type": null, "path": "/home/perhanjay/Desktop/Semester 3/Pengantar Kecerdasan Artifisial /Tubes/balikpapan_pois.gpkg|layername=balikpapan_pois|geometrytype=Point" }, "geometry": { "type": "Point", "coordinates": [ 116.8518133, -1.2162835 ] } },
{ "type": "Feature", "properties": { "element": "node", "id": 9805847064.0, "amenity": "cafe", "name": "Cafe Halaman", "tourism": null, "cuisine": null, "addr:city": null, "addr:postcode": null, "addr:street": "Jalan Abdul Wahab Syahranie", "shop": null, "addr:housenumber": null, "level": null, "smoking": null, "beds": null, "internet_access": null, "internet_access:fee": null, "operator": null, "rooms": null, "wheelchair": null, "stars": null, "opening_hours": null, "addr:full": null, "building": null, "building:levels": null, "capacity:persons": null, "operator:type": null, "school:type_idn": null, "website": null, "historic": null, "capacity": null, "delivery": null, "description": null, "outdoor_seating": "yes", "phone": null, "takeaway": null, "leisure": null, "emergency": null, "healthcare": null, "healthcare:speciality": null, "brand": null, "brand:wikidata": null, "brand:wikipedia": null, "short_name": null, "diet:halal": null, "branch": null, "email": null, "air_conditioning": null, "guest_house": null, "name:en": null, "addr:housename": null, "addr:province": null, "addr:unit": null, "addr:district": null, "addr:neighbourhood": null, "addr:subdistrict": null, "contact:instagram": null, "sport": null, "url": null, "old_name": null, "payment:cash": null, "payment:coins": null, "payment:ep_cash": null, "payment:visa": null, "payment:visa_debit": null, "building:roof": null, "building:structure": null, "building:walls": null, "access:roof": null, "hospital:type": null, "landuse": null, "height": null, "addr:street:sym_ul": null, "religion": null, "internet_access:ssid": null, "museum": null, "name:id": null, "wikimedia_commons": null, "school": null, "area": null, "tactile_paving": null, "wikidata": null, "since": null, "layer": null, "type": null, "path": "/home/perhanjay/Desktop/Semester 3/Pengantar Kecerdasan Artifisial /Tubes/balikpapan_pois.gpkg|layername=balikpapan_pois|geometrytype=Point" }, "geometry": { "type": "Point", "coordinates": [ 116.8458489, -1.2228629 ] } },
{ "type": "Feature", "properties": { "element": "node", "id": 9898969705.0, "amenity": "restaurant", "name": "Dinasty Restaurant", "tourism": null, "cuisine": null, "addr:city": null, "addr:postcode": null, "addr:street": null, "shop": null, "addr:housenumber": null, "level": null, "smoking": null, "beds": null, "internet_access": null, "internet_access:fee": null, "operator": null, "rooms": null, "wheelchair": null, "stars": null, "opening_hours": null, "addr:full": null, "building": null, "building:levels": null, "capacity:persons": null, "operator:type": null, "school:type_idn": null, "website": null, "historic": null, "capacity": null, "delivery": null, "description": null, "outdoor_seating": null, "phone": null, "takeaway": null, "leisure": null, "emergency": null, "healthcare": null, "healthcare:speciality": null, "brand": null, "brand:wikidata": null, "brand:wikipedia": null, "short_name": null, "diet:halal": null, "branch": null, "email": null, "air_conditioning": null, "guest_house": null, "name:en": null, "addr:housename": null, "addr:province": null, "addr:unit": null, "addr:district": null, "addr:neighbourhood": null, "addr:subdistrict": null, "contact:instagram": null, "sport": null, "url": null, "old_name": null, "payment:cash": null, "payment:coins": null, "payment:ep_cash": null, "payment:visa": null, "payment:visa_debit": null, "building:roof": null, "building:structure": null, "building:walls": null, "access:roof": null, "hospital:type": null, "landuse": null, "height": null, "addr:street:sym_ul": null, "religion": null, "internet_access:ssid": null, "museum": null, "name:id": null, "wikimedia_commons": null, "school": null, "area": null, "tactile_paving": null, "wikidata": null, "since": null, "layer": null, "type": null, "path": "/home/perhanjay/Desktop/Semester 3/Pengantar Kecerdasan Artifisial /Tubes/balikpapan_pois.gpkg|layername=balikpapan_pois|geometrytype=Point" }, "geometry": { "type": "Point", "coordinates": [ 116.8630268, -1.2426337 ] } },
{ "type": "Feature", "properties": { "element": "node", "id": 9898980886.0, "amenity": "cafe", "name": "Excelso - Living Plaza", "tourism": null, "cuisine": null, "addr:city": null, "addr:postcode": null, "addr:street": null, "shop": null, "addr:housenumber": null, "level": null, "smoking": null, "beds": null, "internet_access": null, "internet_access:fee": null, "operator": null, "rooms": null, "wheelchair": null, "stars": null, "opening_hours": null, "addr:full": null, "building": null, "building:levels": null, "capacity:persons": null, "operator:type": null, "school:type_idn": null, "website": null, "historic": null, "capacity": null, "delivery": null, "description": null, "outdoor_seating": null, "phone": null, "takeaway": null, "leisure": null, "emergency": null, "healthcare": null, "healthcare:speciality": null, "brand": null, "brand:wikidata": null, "brand:wikipedia": null, "short_name": null, "diet:halal": null, "branch": null, "email": null, "air_conditioning": null, "guest_house": null, "name:en": null, "addr:housename": null, "addr:province": null, "addr:unit": null, "addr:district": null, "addr:neighbourhood": null, "addr:subdistrict": null, "contact:instagram": null, "sport": null, "url": null, "old_name": null, "payment:cash": null, "payment:coins": null, "payment:ep_cash": null, "payment:visa": null, "payment:visa_debit": null, "building:roof": null, "building:structure": null, "building:walls": null, "access:roof": null, "hospital:type": null, "landuse": null, "height": null, "addr:street:sym_ul": null, "religion": null, "internet_access:ssid": null, "museum": null, "name:id": null, "wikimedia_commons": null, "school": null, "area": null, "tactile_paving": null, "wikidata": null, "since": null, "layer": null, "type": null, "path": "/home/perhanjay/Desktop/Semester 3/Pengantar Kecerdasan Artifisial /Tubes/balikpapan_pois.gpkg|layername=balikpapan_pois|geometrytype=Point" }, "geometry": { "type": "Point", "coordinates": [ 116.8730133, -1.2420011 ] } },
{ "type": "Feature", "properties": { "element": "node", "id": 9898985880.0, "amenity": "restaurant", "name": "Fusion Cafe Sushi & Ramen - Balikpapan Baru", "tourism": null, "cuisine": null, "addr:city": null, "addr:postcode": null, "addr:street": null, "shop": null, "addr:housenumber": null, "level": null, "smoking": null, "beds": null, "internet_access": null, "internet_access:fee": null, "operator": null, "rooms": null, "wheelchair": null, "stars": null, "opening_hours": null, "addr:full": null, "building": null, "building:levels": null, "capacity:persons": null, "operator:type": null, "school:type_idn": null, "website": null, "historic": null, "capacity": null, "delivery": null, "description": null, "outdoor_seating": null, "phone": null, "takeaway": null, "leisure": null, "emergency": null, "healthcare": null, "healthcare:speciality": null, "brand": null, "brand:wikidata": null, "brand:wikipedia": null, "short_name": null, "diet:halal": null, "branch": null, "email": null, "air_conditioning": null, "guest_house": null, "name:en": null, "addr:housename": null, "addr:province": null, "addr:unit": null, "addr:district": null, "addr:neighbourhood": null, "addr:subdistrict": null, "contact:instagram": null, "sport": null, "url": null, "old_name": null, "payment:cash": null, "payment:coins": null, "payment:ep_cash": null, "payment:visa": null, "payment:visa_debit": null, "building:roof": null, "building:structure": null, "building:walls": null, "access:roof": null, "hospital:type": null, "landuse": null, "height": null, "addr:street:sym_ul": null, "religion": null, "internet_access:ssid": null, "museum": null, "name:id": null, "wikimedia_commons": null, "school": null, "area": null, "tactile_paving": null, "wikidata": null, "since": null, "layer": null, "type": null, "path": "/home/perhanjay/Desktop/Semester 3/Pengantar Kecerdasan Artifisial /Tubes/balikpapan_pois.gpkg|layername=balikpapan_pois|geometrytype=Point" }, "geometry": { "type": "Point", "coordinates": [ 116.8624936, -1.2428235 ] } },
{ "type": "Feature", "properties": { "element": "node", "id": 9899005299.0, "amenity": "restaurant", "name": "Kedai Wong Kreatif", "tourism": null, "cuisine": null, "addr:city": null, "addr:postcode": null, "addr:street": null, "shop": null, "addr:housenumber": null, "level": null, "smoking": null, "beds": null, "internet_access": null, "internet_access:fee": null, "operator": null, "rooms": null, "wheelchair": null, "stars": null, "opening_hours": null, "addr:full": null, "building": null, "building:levels": null, "capacity:persons": null, "operator:type": null, "school:type_idn": null, "website": null, "historic": null, "capacity": null, "delivery": null, "description": null, "outdoor_seating": null, "phone": null, "takeaway": null, "leisure": null, "emergency": null, "healthcare": null, "healthcare:speciality": null, "brand": null, "brand:wikidata": null, "brand:wikipedia": null, "short_name": null, "diet:halal": null, "branch": null, "email": null, "air_conditioning": null, "guest_house": null, "name:en": null, "addr:housename": null, "addr:province": null, "addr:unit": null, "addr:district": null, "addr:neighbourhood": null, "addr:subdistrict": null, "contact:instagram": null, "sport": null, "url": null, "old_name": null, "payment:cash": null, "payment:coins": null, "payment:ep_cash": null, "payment:visa": null, "payment:visa_debit": null, "building:roof": null, "building:structure": null, "building:walls": null, "access:roof": null, "hospital:type": null, "landuse": null, "height": null, "addr:street:sym_ul": null, "religion": null, "internet_access:ssid": null, "museum": null, "name:id": null, "wikimedia_commons": null, "school": null, "area": null, "tactile_paving": null, "wikidata": null, "since": null, "layer": null, "type": null, "path": "/home/perhanjay/Desktop/Semester 3/Pengantar Kecerdasan Artifisial /Tubes/balikpapan_pois.gpkg|layername=balikpapan_pois|geometrytype=Point" }, "geometry": { "type": "Point", "coordinates": [ 116.8976878, -1.2428539 ] } },
{ "type": "Feature", "properties": { "element": "node", "id": 9899019866.0, "amenity": "restaurant", "name": "Depot Dewa", "tourism": null, "cuisine": null, "addr:city": null, "addr:postcode": null, "addr:street": null, "shop": null, "addr:housenumber": null, "level": null, "smoking": null, "beds": null, "internet_access": null, "internet_access:fee": null, "operator": null, "rooms": null, "wheelchair": null, "stars": null, "opening_hours": null, "addr:full": null, "building": null, "building:levels": null, "capacity:persons": null, "operator:type": null, "school:type_idn": null, "website": null, "historic": null, "capacity": null, "delivery": null, "description": null, "outdoor_seating": null, "phone": null, "takeaway": null, "leisure": null, "emergency": null, "healthcare": null, "healthcare:speciality": null, "brand": null, "brand:wikidata": null, "brand:wikipedia": null, "short_name": null, "diet:halal": null, "branch": null, "email": null, "air_conditioning": null, "guest_house": null, "name:en": null, "addr:housename": null, "addr:province": null, "addr:unit": null, "addr:district": null, "addr:neighbourhood": null, "addr:subdistrict": null, "contact:instagram": null, "sport": null, "url": null, "old_name": null, "payment:cash": null, "payment:coins": null, "payment:ep_cash": null, "payment:visa": null, "payment:visa_debit": null, "building:roof": null, "building:structure": null, "building:walls": null, "access:roof": null, "hospital:type": null, "landuse": null, "height": null, "addr:street:sym_ul": null, "religion": null, "internet_access:ssid": null, "museum": null, "name:id": null, "wikimedia_commons": null, "school": null, "area": null, "tactile_paving": null, "wikidata": null, "since": null, "layer": null, "type": null, "path": "/home/perhanjay/Desktop/Semester 3/Pengantar Kecerdasan Artifisial /Tubes/balikpapan_pois.gpkg|layername=balikpapan_pois|geometrytype=Point" }, "geometry": { "type": "Point", "coordinates": [ 116.8621366, -1.2429647 ] } },
{ "type": "Feature", "properties": { "element": "node", "id": 9899025231.0, "amenity": "restaurant", "name": "Bakso Popeye", "tourism": null, "cuisine": null, "addr:city": null, "addr:postcode": null, "addr:street": null, "shop": null, "addr:housenumber": null, "level": null, "smoking": null, "beds": null, "internet_access": null, "internet_access:fee": null, "operator": null, "rooms": null, "wheelchair": null, "stars": null, "opening_hours": null, "addr:full": null, "building": null, "building:levels": null, "capacity:persons": null, "operator:type": null, "school:type_idn": null, "website": null, "historic": null, "capacity": null, "delivery": null, "description": null, "outdoor_seating": null, "phone": null, "takeaway": null, "leisure": null, "emergency": null, "healthcare": null, "healthcare:speciality": null, "brand": null, "brand:wikidata": null, "brand:wikipedia": null, "short_name": null, "diet:halal": null, "branch": null, "email": null, "air_conditioning": null, "guest_house": null, "name:en": null, "addr:housename": null, "addr:province": null, "addr:unit": null, "addr:district": null, "addr:neighbourhood": null, "addr:subdistrict": null, "contact:instagram": null, "sport": null, "url": null, "old_name": null, "payment:cash": null, "payment:coins": null, "payment:ep_cash": null, "payment:visa": null, "payment:visa_debit": null, "building:roof": null, "building:structure": null, "building:walls": null, "access:roof": null, "hospital:type": null, "landuse": null, "height": null, "addr:street:sym_ul": null, "religion": null, "internet_access:ssid": null, "museum": null, "name:id": null, "wikimedia_commons": null, "school": null, "area": null, "tactile_paving": null, "wikidata": null, "since": null, "layer": null, "type": null, "path": "/home/perhanjay/Desktop/Semester 3/Pengantar Kecerdasan Artifisial /Tubes/balikpapan_pois.gpkg|layername=balikpapan_pois|geometrytype=Point" }, "geometry": { "type": "Point", "coordinates": [ 116.8631325, -1.2431118 ] } },
{ "type": "Feature", "properties": { "element": "node", "id": 9899027887.0, "amenity": "restaurant", "name": "Sate Taichan 'Icun' - Gunung Samarinda", "tourism": null, "cuisine": null, "addr:city": null, "addr:postcode": null, "addr:street": null, "shop": null, "addr:housenumber": null, "level": null, "smoking": null, "beds": null, "internet_access": null, "internet_access:fee": null, "operator": null, "rooms": null, "wheelchair": null, "stars": null, "opening_hours": null, "addr:full": null, "building": null, "building:levels": null, "capacity:persons": null, "operator:type": null, "school:type_idn": null, "website": null, "historic": null, "capacity": null, "delivery": null, "description": null, "outdoor_seating": null, "phone": null, "takeaway": null, "leisure": null, "emergency": null, "healthcare": null, "healthcare:speciality": null, "brand": null, "brand:wikidata": null, "brand:wikipedia": null, "short_name": null, "diet:halal": null, "branch": null, "email": null, "air_conditioning": null, "guest_house": null, "name:en": null, "addr:housename": null, "addr:province": null, "addr:unit": null, "addr:district": null, "addr:neighbourhood": null, "addr:subdistrict": null, "contact:instagram": null, "sport": null, "url": null, "old_name": null, "payment:cash": null, "payment:coins": null, "payment:ep_cash": null, "payment:visa": null, "payment:visa_debit": null, "building:roof": null, "building:structure": null, "building:walls": null, "access:roof": null, "hospital:type": null, "landuse": null, "height": null, "addr:street:sym_ul": null, "religion": null, "internet_access:ssid": null, "museum": null, "name:id": null, "wikimedia_commons": null, "school": null, "area": null, "tactile_paving": null, "wikidata": null, "since": null, "layer": null, "type": null, "path": "/home/perhanjay/Desktop/Semester 3/Pengantar Kecerdasan Artifisial /Tubes/balikpapan_pois.gpkg|layername=balikpapan_pois|geometrytype=Point" }, "geometry": { "type": "Point", "coordinates": [ 116.8573774, -1.2436871 ] } },
{ "type": "Feature", "properties": { "element": "node", "id": 9899030268.0, "amenity": "restaurant", "name": "Nasi Uduk Jakarta - Gunungsari Ulu", "tourism": null, "cuisine": null, "addr:city": null, "addr:postcode": null, "addr:street": null, "shop": null, "addr:housenumber": null, "level": null, "smoking": null, "beds": null, "internet_access": null, "internet_access:fee": null, "operator": null, "rooms": null, "wheelchair": null, "stars": null, "opening_hours": null, "addr:full": null, "building": null, "building:levels": null, "capacity:persons": null, "operator:type": null, "school:type_idn": null, "website": null, "historic": null, "capacity": null, "delivery": null, "description": null, "outdoor_seating": null, "phone": null, "takeaway": null, "leisure": null, "emergency": null, "healthcare": null, "healthcare:speciality": null, "brand": null, "brand:wikidata": null, "brand:wikipedia": null, "short_name": null, "diet:halal": null, "branch": null, "email": null, "air_conditioning": null, "guest_house": null, "name:en": null, "addr:housename": null, "addr:province": null, "addr:unit": null, "addr:district": null, "addr:neighbourhood": null, "addr:subdistrict": null, "contact:instagram": null, "sport": null, "url": null, "old_name": null, "payment:cash": null, "payment:coins": null, "payment:ep_cash": null, "payment:visa": null, "payment:visa_debit": null, "building:roof": null, "building:structure": null, "building:walls": null, "access:roof": null, "hospital:type": null, "landuse": null, "height": null, "addr:street:sym_ul": null, "religion": null, "internet_access:ssid": null, "museum": null, "name:id": null, "wikimedia_commons": null, "school": null, "area": null, "tactile_paving": null, "wikidata": null, "since": null, "layer": null, "type": null, "path": "/home/perhanjay/Desktop/Semester 3/Pengantar Kecerdasan Artifisial /Tubes/balikpapan_pois.gpkg|layername=balikpapan_pois|geometrytype=Point" }, "geometry": { "type": "Point", "coordinates": [ 116.8572032, -1.2436622 ] } },
{ "type": "Feature", "properties": { "element": "node", "id": 9899034268.0, "amenity": "restaurant", "name": "Warung Rejeki Makmur", "tourism": null, "cuisine": null, "addr:city": null, "addr:postcode": null, "addr:street": null, "shop": null, "addr:housenumber": null, "level": null, "smoking": null, "beds": null, "internet_access": null, "internet_access:fee": null, "operator": null, "rooms": null, "wheelchair": null, "stars": null, "opening_hours": null, "addr:full": null, "building": null, "building:levels": null, "capacity:persons": null, "operator:type": null, "school:type_idn": null, "website": null, "historic": null, "capacity": null, "delivery": null, "description": null, "outdoor_seating": null, "phone": null, "takeaway": null, "leisure": null, "emergency": null, "healthcare": null, "healthcare:speciality": null, "brand": null, "brand:wikidata": null, "brand:wikipedia": null, "short_name": null, "diet:halal": null, "branch": null, "email": null, "air_conditioning": null, "guest_house": null, "name:en": null, "addr:housename": null, "addr:province": null, "addr:unit": null, "addr:district": null, "addr:neighbourhood": null, "addr:subdistrict": null, "contact:instagram": null, "sport": null, "url": null, "old_name": null, "payment:cash": null, "payment:coins": null, "payment:ep_cash": null, "payment:visa": null, "payment:visa_debit": null, "building:roof": null, "building:structure": null, "building:walls": null, "access:roof": null, "hospital:type": null, "landuse": null, "height": null, "addr:street:sym_ul": null, "religion": null, "internet_access:ssid": null, "museum": null, "name:id": null, "wikimedia_commons": null, "school": null, "area": null, "tactile_paving": null, "wikidata": null, "since": null, "layer": null, "type": null, "path": "/home/perhanjay/Desktop/Semester 3/Pengantar Kecerdasan Artifisial /Tubes/balikpapan_pois.gpkg|layername=balikpapan_pois|geometrytype=Point" }, "geometry": { "type": "Point", "coordinates": [ 116.862315, -1.243951 ] } },
{ "type": "Feature", "properties": { "element": "node", "id": 9899039726.0, "amenity": "cafe", "name": "Excelso Cafe Mall Fantasy", "tourism": null, "cuisine": null, "addr:city": null, "addr:postcode": null, "addr:street": null, "shop": null, "addr:housenumber": null, "level": null, "smoking": null, "beds": null, "internet_access": null, "internet_access:fee": null, "operator": null, "rooms": null, "wheelchair": null, "stars": null, "opening_hours": null, "addr:full": null, "building": null, "building:levels": null, "capacity:persons": null, "operator:type": null, "school:type_idn": null, "website": null, "historic": null, "capacity": null, "delivery": null, "description": null, "outdoor_seating": null, "phone": null, "takeaway": null, "leisure": null, "emergency": null, "healthcare": null, "healthcare:speciality": null, "brand": null, "brand:wikidata": null, "brand:wikipedia": null, "short_name": null, "diet:halal": null, "branch": null, "email": null, "air_conditioning": null, "guest_house": null, "name:en": null, "addr:housename": null, "addr:province": null, "addr:unit": null, "addr:district": null, "addr:neighbourhood": null, "addr:subdistrict": null, "contact:instagram": null, "sport": null, "url": null, "old_name": null, "payment:cash": null, "payment:coins": null, "payment:ep_cash": null, "payment:visa": null, "payment:visa_debit": null, "building:roof": null, "building:structure": null, "building:walls": null, "access:roof": null, "hospital:type": null, "landuse": null, "height": null, "addr:street:sym_ul": null, "religion": null, "internet_access:ssid": null, "museum": null, "name:id": null, "wikimedia_commons": null, "school": null, "area": null, "tactile_paving": null, "wikidata": null, "since": null, "layer": null, "type": null, "path": "/home/perhanjay/Desktop/Semester 3/Pengantar Kecerdasan Artifisial /Tubes/balikpapan_pois.gpkg|layername=balikpapan_pois|geometrytype=Point" }, "geometry": { "type": "Point", "coordinates": [ 116.8607824, -1.2437437 ] } },
{ "type": "Feature", "properties": { "element": "node", "id": 9899050717.0, "amenity": "restaurant", "name": "Waroeng Mama - Gunung Samarinda", "tourism": null, "cuisine": null, "addr:city": null, "addr:postcode": null, "addr:street": null, "shop": null, "addr:housenumber": null, "level": null, "smoking": null, "beds": null, "internet_access": null, "internet_access:fee": null, "operator": null, "rooms": null, "wheelchair": null, "stars": null, "opening_hours": null, "addr:full": null, "building": null, "building:levels": null, "capacity:persons": null, "operator:type": null, "school:type_idn": null, "website": null, "historic": null, "capacity": null, "delivery": null, "description": null, "outdoor_seating": null, "phone": null, "takeaway": null, "leisure": null, "emergency": null, "healthcare": null, "healthcare:speciality": null, "brand": null, "brand:wikidata": null, "brand:wikipedia": null, "short_name": null, "diet:halal": null, "branch": null, "email": null, "air_conditioning": null, "guest_house": null, "name:en": null, "addr:housename": null, "addr:province": null, "addr:unit": null, "addr:district": null, "addr:neighbourhood": null, "addr:subdistrict": null, "contact:instagram": null, "sport": null, "url": null, "old_name": null, "payment:cash": null, "payment:coins": null, "payment:ep_cash": null, "payment:visa": null, "payment:visa_debit": null, "building:roof": null, "building:structure": null, "building:walls": null, "access:roof": null, "hospital:type": null, "landuse": null, "height": null, "addr:street:sym_ul": null, "religion": null, "internet_access:ssid": null, "museum": null, "name:id": null, "wikimedia_commons": null, "school": null, "area": null, "tactile_paving": null, "wikidata": null, "since": null, "layer": null, "type": null, "path": "/home/perhanjay/Desktop/Semester 3/Pengantar Kecerdasan Artifisial /Tubes/balikpapan_pois.gpkg|layername=balikpapan_pois|geometrytype=Point" }, "geometry": { "type": "Point", "coordinates": [ 116.8599637, -1.2439431 ] } },
{ "type": "Feature", "properties": { "element": "node", "id": 9899052979.0, "amenity": "restaurant", "name": "Lontong Medan Ny. Lim - Balikpapan Baru", "tourism": null, "cuisine": null, "addr:city": null, "addr:postcode": null, "addr:street": null, "shop": null, "addr:housenumber": null, "level": null, "smoking": null, "beds": null, "internet_access": null, "internet_access:fee": null, "operator": null, "rooms": null, "wheelchair": null, "stars": null, "opening_hours": null, "addr:full": null, "building": null, "building:levels": null, "capacity:persons": null, "operator:type": null, "school:type_idn": null, "website": null, "historic": null, "capacity": null, "delivery": null, "description": null, "outdoor_seating": null, "phone": null, "takeaway": null, "leisure": null, "emergency": null, "healthcare": null, "healthcare:speciality": null, "brand": null, "brand:wikidata": null, "brand:wikipedia": null, "short_name": null, "diet:halal": null, "branch": null, "email": null, "air_conditioning": null, "guest_house": null, "name:en": null, "addr:housename": null, "addr:province": null, "addr:unit": null, "addr:district": null, "addr:neighbourhood": null, "addr:subdistrict": null, "contact:instagram": null, "sport": null, "url": null, "old_name": null, "payment:cash": null, "payment:coins": null, "payment:ep_cash": null, "payment:visa": null, "payment:visa_debit": null, "building:roof": null, "building:structure": null, "building:walls": null, "access:roof": null, "hospital:type": null, "landuse": null, "height": null, "addr:street:sym_ul": null, "religion": null, "internet_access:ssid": null, "museum": null, "name:id": null, "wikimedia_commons": null, "school": null, "area": null, "tactile_paving": null, "wikidata": null, "since": null, "layer": null, "type": null, "path": "/home/perhanjay/Desktop/Semester 3/Pengantar Kecerdasan Artifisial /Tubes/balikpapan_pois.gpkg|layername=balikpapan_pois|geometrytype=Point" }, "geometry": { "type": "Point", "coordinates": [ 116.8607521, -1.2444597 ] } },
{ "type": "Feature", "properties": { "element": "node", "id": 9899071440.0, "amenity": "restaurant", "name": "RM. Simpang Empat Suki - Damai", "tourism": null, "cuisine": null, "addr:city": null, "addr:postcode": null, "addr:street": null, "shop": null, "addr:housenumber": null, "level": null, "smoking": null, "beds": null, "internet_access": null, "internet_access:fee": null, "operator": null, "rooms": null, "wheelchair": null, "stars": null, "opening_hours": null, "addr:full": null, "building": null, "building:levels": null, "capacity:persons": null, "operator:type": null, "school:type_idn": null, "website": null, "historic": null, "capacity": null, "delivery": null, "description": null, "outdoor_seating": null, "phone": null, "takeaway": null, "leisure": null, "emergency": null, "healthcare": null, "healthcare:speciality": null, "brand": null, "brand:wikidata": null, "brand:wikipedia": null, "short_name": null, "diet:halal": null, "branch": null, "email": null, "air_conditioning": null, "guest_house": null, "name:en": null, "addr:housename": null, "addr:province": null, "addr:unit": null, "addr:district": null, "addr:neighbourhood": null, "addr:subdistrict": null, "contact:instagram": null, "sport": null, "url": null, "old_name": null, "payment:cash": null, "payment:coins": null, "payment:ep_cash": null, "payment:visa": null, "payment:visa_debit": null, "building:roof": null, "building:structure": null, "building:walls": null, "access:roof": null, "hospital:type": null, "landuse": null, "height": null, "addr:street:sym_ul": null, "religion": null, "internet_access:ssid": null, "museum": null, "name:id": null, "wikimedia_commons": null, "school": null, "area": null, "tactile_paving": null, "wikidata": null, "since": null, "layer": null, "type": null, "path": "/home/perhanjay/Desktop/Semester 3/Pengantar Kecerdasan Artifisial /Tubes/balikpapan_pois.gpkg|layername=balikpapan_pois|geometrytype=Point" }, "geometry": { "type": "Point", "coordinates": [ 116.8592815, -1.2448177 ] } },
{ "type": "Feature", "properties": { "element": "node", "id": 9899381791.0, "amenity": "restaurant", "name": "Kebab Kairo - Ruko Sentra Eropa", "tourism": null, "cuisine": null, "addr:city": null, "addr:postcode": null, "addr:street": null, "shop": null, "addr:housenumber": null, "level": null, "smoking": null, "beds": null, "internet_access": null, "internet_access:fee": null, "operator": null, "rooms": null, "wheelchair": null, "stars": null, "opening_hours": null, "addr:full": null, "building": null, "building:levels": null, "capacity:persons": null, "operator:type": null, "school:type_idn": null, "website": null, "historic": null, "capacity": null, "delivery": null, "description": null, "outdoor_seating": null, "phone": null, "takeaway": null, "leisure": null, "emergency": null, "healthcare": null, "healthcare:speciality": null, "brand": null, "brand:wikidata": null, "brand:wikipedia": null, "short_name": null, "diet:halal": null, "branch": null, "email": null, "air_conditioning": null, "guest_house": null, "name:en": null, "addr:housename": null, "addr:province": null, "addr:unit": null, "addr:district": null, "addr:neighbourhood": null, "addr:subdistrict": null, "contact:instagram": null, "sport": null, "url": null, "old_name": null, "payment:cash": null, "payment:coins": null, "payment:ep_cash": null, "payment:visa": null, "payment:visa_debit": null, "building:roof": null, "building:structure": null, "building:walls": null, "access:roof": null, "hospital:type": null, "landuse": null, "height": null, "addr:street:sym_ul": null, "religion": null, "internet_access:ssid": null, "museum": null, "name:id": null, "wikimedia_commons": null, "school": null, "area": null, "tactile_paving": null, "wikidata": null, "since": null, "layer": null, "type": null, "path": "/home/perhanjay/Desktop/Semester 3/Pengantar Kecerdasan Artifisial /Tubes/balikpapan_pois.gpkg|layername=balikpapan_pois|geometrytype=Point" }, "geometry": { "type": "Point", "coordinates": [ 116.8601546, -1.2449967 ] } },
{ "type": "Feature", "properties": { "element": "node", "id": 9899398634.0, "amenity": "cafe", "name": "CPM Coffee Shop Balikpapan Baru - Damai", "tourism": null, "cuisine": null, "addr:city": null, "addr:postcode": null, "addr:street": null, "shop": null, "addr:housenumber": null, "level": null, "smoking": null, "beds": null, "internet_access": null, "internet_access:fee": null, "operator": null, "rooms": null, "wheelchair": null, "stars": null, "opening_hours": null, "addr:full": null, "building": null, "building:levels": null, "capacity:persons": null, "operator:type": null, "school:type_idn": null, "website": null, "historic": null, "capacity": null, "delivery": null, "description": null, "outdoor_seating": null, "phone": null, "takeaway": null, "leisure": null, "emergency": null, "healthcare": null, "healthcare:speciality": null, "brand": null, "brand:wikidata": null, "brand:wikipedia": null, "short_name": null, "diet:halal": null, "branch": null, "email": null, "air_conditioning": null, "guest_house": null, "name:en": null, "addr:housename": null, "addr:province": null, "addr:unit": null, "addr:district": null, "addr:neighbourhood": null, "addr:subdistrict": null, "contact:instagram": null, "sport": null, "url": null, "old_name": null, "payment:cash": null, "payment:coins": null, "payment:ep_cash": null, "payment:visa": null, "payment:visa_debit": null, "building:roof": null, "building:structure": null, "building:walls": null, "access:roof": null, "hospital:type": null, "landuse": null, "height": null, "addr:street:sym_ul": null, "religion": null, "internet_access:ssid": null, "museum": null, "name:id": null, "wikimedia_commons": null, "school": null, "area": null, "tactile_paving": null, "wikidata": null, "since": null, "layer": null, "type": null, "path": "/home/perhanjay/Desktop/Semester 3/Pengantar Kecerdasan Artifisial /Tubes/balikpapan_pois.gpkg|layername=balikpapan_pois|geometrytype=Point" }, "geometry": { "type": "Point", "coordinates": [ 116.8603869, -1.244916 ] } },
{ "type": "Feature", "properties": { "element": "node", "id": 9899400587.0, "amenity": "cafe", "name": "Balgas Cafe - Damai", "tourism": null, "cuisine": null, "addr:city": null, "addr:postcode": null, "addr:street": null, "shop": null, "addr:housenumber": null, "level": null, "smoking": null, "beds": null, "internet_access": null, "internet_access:fee": null, "operator": null, "rooms": null, "wheelchair": null, "stars": null, "opening_hours": null, "addr:full": null, "building": null, "building:levels": null, "capacity:persons": null, "operator:type": null, "school:type_idn": null, "website": null, "historic": null, "capacity": null, "delivery": null, "description": null, "outdoor_seating": null, "phone": null, "takeaway": null, "leisure": null, "emergency": null, "healthcare": null, "healthcare:speciality": null, "brand": null, "brand:wikidata": null, "brand:wikipedia": null, "short_name": null, "diet:halal": null, "branch": null, "email": null, "air_conditioning": null, "guest_house": null, "name:en": null, "addr:housename": null, "addr:province": null, "addr:unit": null, "addr:district": null, "addr:neighbourhood": null, "addr:subdistrict": null, "contact:instagram": null, "sport": null, "url": null, "old_name": null, "payment:cash": null, "payment:coins": null, "payment:ep_cash": null, "payment:visa": null, "payment:visa_debit": null, "building:roof": null, "building:structure": null, "building:walls": null, "access:roof": null, "hospital:type": null, "landuse": null, "height": null, "addr:street:sym_ul": null, "religion": null, "internet_access:ssid": null, "museum": null, "name:id": null, "wikimedia_commons": null, "school": null, "area": null, "tactile_paving": null, "wikidata": null, "since": null, "layer": null, "type": null, "path": "/home/perhanjay/Desktop/Semester 3/Pengantar Kecerdasan Artifisial /Tubes/balikpapan_pois.gpkg|layername=balikpapan_pois|geometrytype=Point" }, "geometry": { "type": "Point", "coordinates": [ 116.8597143, -1.2452571 ] } },
{ "type": "Feature", "properties": { "element": "node", "id": 9899406395.0, "amenity": "cafe", "name": "Kopi Lawe - Damai Baru", "tourism": null, "cuisine": null, "addr:city": null, "addr:postcode": null, "addr:street": null, "shop": null, "addr:housenumber": null, "level": null, "smoking": null, "beds": null, "internet_access": null, "internet_access:fee": null, "operator": null, "rooms": null, "wheelchair": null, "stars": null, "opening_hours": null, "addr:full": null, "building": null, "building:levels": null, "capacity:persons": null, "operator:type": null, "school:type_idn": null, "website": null, "historic": null, "capacity": null, "delivery": null, "description": null, "outdoor_seating": null, "phone": null, "takeaway": null, "leisure": null, "emergency": null, "healthcare": null, "healthcare:speciality": null, "brand": null, "brand:wikidata": null, "brand:wikipedia": null, "short_name": null, "diet:halal": null, "branch": null, "email": null, "air_conditioning": null, "guest_house": null, "name:en": null, "addr:housename": null, "addr:province": null, "addr:unit": null, "addr:district": null, "addr:neighbourhood": null, "addr:subdistrict": null, "contact:instagram": null, "sport": null, "url": null, "old_name": null, "payment:cash": null, "payment:coins": null, "payment:ep_cash": null, "payment:visa": null, "payment:visa_debit": null, "building:roof": null, "building:structure": null, "building:walls": null, "access:roof": null, "hospital:type": null, "landuse": null, "height": null, "addr:street:sym_ul": null, "religion": null, "internet_access:ssid": null, "museum": null, "name:id": null, "wikimedia_commons": null, "school": null, "area": null, "tactile_paving": null, "wikidata": null, "since": null, "layer": null, "type": null, "path": "/home/perhanjay/Desktop/Semester 3/Pengantar Kecerdasan Artifisial /Tubes/balikpapan_pois.gpkg|layername=balikpapan_pois|geometrytype=Point" }, "geometry": { "type": "Point", "coordinates": [ 116.860645, -1.245269 ] } },
{ "type": "Feature", "properties": { "element": "node", "id": 9899461628.0, "amenity": "restaurant", "name": "Dapur Jogja - Damai", "tourism": null, "cuisine": null, "addr:city": null, "addr:postcode": null, "addr:street": null, "shop": null, "addr:housenumber": null, "level": null, "smoking": null, "beds": null, "internet_access": null, "internet_access:fee": null, "operator": null, "rooms": null, "wheelchair": null, "stars": null, "opening_hours": null, "addr:full": null, "building": null, "building:levels": null, "capacity:persons": null, "operator:type": null, "school:type_idn": null, "website": null, "historic": null, "capacity": null, "delivery": null, "description": null, "outdoor_seating": null, "phone": null, "takeaway": null, "leisure": null, "emergency": null, "healthcare": null, "healthcare:speciality": null, "brand": null, "brand:wikidata": null, "brand:wikipedia": null, "short_name": null, "diet:halal": null, "branch": null, "email": null, "air_conditioning": null, "guest_house": null, "name:en": null, "addr:housename": null, "addr:province": null, "addr:unit": null, "addr:district": null, "addr:neighbourhood": null, "addr:subdistrict": null, "contact:instagram": null, "sport": null, "url": null, "old_name": null, "payment:cash": null, "payment:coins": null, "payment:ep_cash": null, "payment:visa": null, "payment:visa_debit": null, "building:roof": null, "building:structure": null, "building:walls": null, "access:roof": null, "hospital:type": null, "landuse": null, "height": null, "addr:street:sym_ul": null, "religion": null, "internet_access:ssid": null, "museum": null, "name:id": null, "wikimedia_commons": null, "school": null, "area": null, "tactile_paving": null, "wikidata": null, "since": null, "layer": null, "type": null, "path": "/home/perhanjay/Desktop/Semester 3/Pengantar Kecerdasan Artifisial /Tubes/balikpapan_pois.gpkg|layername=balikpapan_pois|geometrytype=Point" }, "geometry": { "type": "Point", "coordinates": [ 116.859835, -1.2457069 ] } },
{ "type": "Feature", "properties": { "element": "node", "id": 9899480611.0, "amenity": "restaurant", "name": "Oto Bento Balikpapan Baru - Damai", "tourism": null, "cuisine": null, "addr:city": null, "addr:postcode": null, "addr:street": null, "shop": null, "addr:housenumber": null, "level": null, "smoking": null, "beds": null, "internet_access": null, "internet_access:fee": null, "operator": null, "rooms": null, "wheelchair": null, "stars": null, "opening_hours": null, "addr:full": null, "building": null, "building:levels": null, "capacity:persons": null, "operator:type": null, "school:type_idn": null, "website": null, "historic": null, "capacity": null, "delivery": null, "description": null, "outdoor_seating": null, "phone": null, "takeaway": null, "leisure": null, "emergency": null, "healthcare": null, "healthcare:speciality": null, "brand": null, "brand:wikidata": null, "brand:wikipedia": null, "short_name": null, "diet:halal": null, "branch": null, "email": null, "air_conditioning": null, "guest_house": null, "name:en": null, "addr:housename": null, "addr:province": null, "addr:unit": null, "addr:district": null, "addr:neighbourhood": null, "addr:subdistrict": null, "contact:instagram": null, "sport": null, "url": null, "old_name": null, "payment:cash": null, "payment:coins": null, "payment:ep_cash": null, "payment:visa": null, "payment:visa_debit": null, "building:roof": null, "building:structure": null, "building:walls": null, "access:roof": null, "hospital:type": null, "landuse": null, "height": null, "addr:street:sym_ul": null, "religion": null, "internet_access:ssid": null, "museum": null, "name:id": null, "wikimedia_commons": null, "school": null, "area": null, "tactile_paving": null, "wikidata": null, "since": null, "layer": null, "type": null, "path": "/home/perhanjay/Desktop/Semester 3/Pengantar Kecerdasan Artifisial /Tubes/balikpapan_pois.gpkg|layername=balikpapan_pois|geometrytype=Point" }, "geometry": { "type": "Point", "coordinates": [ 116.8582758, -1.2453231 ] } },
{ "type": "Feature", "properties": { "element": "node", "id": 9900928236.0, "amenity": "restaurant", "name": "Warung Rakyat", "tourism": null, "cuisine": null, "addr:city": null, "addr:postcode": null, "addr:street": null, "shop": null, "addr:housenumber": null, "level": null, "smoking": null, "beds": null, "internet_access": null, "internet_access:fee": null, "operator": null, "rooms": null, "wheelchair": null, "stars": null, "opening_hours": null, "addr:full": null, "building": null, "building:levels": null, "capacity:persons": null, "operator:type": null, "school:type_idn": null, "website": null, "historic": null, "capacity": null, "delivery": null, "description": null, "outdoor_seating": null, "phone": null, "takeaway": null, "leisure": null, "emergency": null, "healthcare": null, "healthcare:speciality": null, "brand": null, "brand:wikidata": null, "brand:wikipedia": null, "short_name": null, "diet:halal": null, "branch": null, "email": null, "air_conditioning": null, "guest_house": null, "name:en": null, "addr:housename": null, "addr:province": null, "addr:unit": null, "addr:district": null, "addr:neighbourhood": null, "addr:subdistrict": null, "contact:instagram": null, "sport": null, "url": null, "old_name": null, "payment:cash": null, "payment:coins": null, "payment:ep_cash": null, "payment:visa": null, "payment:visa_debit": null, "building:roof": null, "building:structure": null, "building:walls": null, "access:roof": null, "hospital:type": null, "landuse": null, "height": null, "addr:street:sym_ul": null, "religion": null, "internet_access:ssid": null, "museum": null, "name:id": null, "wikimedia_commons": null, "school": null, "area": null, "tactile_paving": null, "wikidata": null, "since": null, "layer": null, "type": null, "path": "/home/perhanjay/Desktop/Semester 3/Pengantar Kecerdasan Artifisial /Tubes/balikpapan_pois.gpkg|layername=balikpapan_pois|geometrytype=Point" }, "geometry": { "type": "Point", "coordinates": [ 116.8713063, -1.2460899 ] } },
{ "type": "Feature", "properties": { "element": "node", "id": 9900941826.0, "amenity": "restaurant", "name": "Warung Tudai - Sumber Rejo", "tourism": null, "cuisine": null, "addr:city": null, "addr:postcode": null, "addr:street": null, "shop": null, "addr:housenumber": null, "level": null, "smoking": null, "beds": null, "internet_access": null, "internet_access:fee": null, "operator": null, "rooms": null, "wheelchair": null, "stars": null, "opening_hours": null, "addr:full": null, "building": null, "building:levels": null, "capacity:persons": null, "operator:type": null, "school:type_idn": null, "website": null, "historic": null, "capacity": null, "delivery": null, "description": null, "outdoor_seating": null, "phone": null, "takeaway": null, "leisure": null, "emergency": null, "healthcare": null, "healthcare:speciality": null, "brand": null, "brand:wikidata": null, "brand:wikipedia": null, "short_name": null, "diet:halal": null, "branch": null, "email": null, "air_conditioning": null, "guest_house": null, "name:en": null, "addr:housename": null, "addr:province": null, "addr:unit": null, "addr:district": null, "addr:neighbourhood": null, "addr:subdistrict": null, "contact:instagram": null, "sport": null, "url": null, "old_name": null, "payment:cash": null, "payment:coins": null, "payment:ep_cash": null, "payment:visa": null, "payment:visa_debit": null, "building:roof": null, "building:structure": null, "building:walls": null, "access:roof": null, "hospital:type": null, "landuse": null, "height": null, "addr:street:sym_ul": null, "religion": null, "internet_access:ssid": null, "museum": null, "name:id": null, "wikimedia_commons": null, "school": null, "area": null, "tactile_paving": null, "wikidata": null, "since": null, "layer": null, "type": null, "path": "/home/perhanjay/Desktop/Semester 3/Pengantar Kecerdasan Artifisial /Tubes/balikpapan_pois.gpkg|layername=balikpapan_pois|geometrytype=Point" }, "geometry": { "type": "Point", "coordinates": [ 116.8511698, -1.248129 ] } },
{ "type": "Feature", "properties": { "element": "node", "id": 9900996432.0, "amenity": "cafe", "name": "Kopi Kenangan", "tourism": null, "cuisine": "coffee_shop", "addr:city": null, "addr:postcode": null, "addr:street": null, "shop": null, "addr:housenumber": null, "level": null, "smoking": null, "beds": null, "internet_access": null, "internet_access:fee": null, "operator": null, "rooms": null, "wheelchair": null, "stars": null, "opening_hours": null, "addr:full": null, "building": null, "building:levels": null, "capacity:persons": null, "operator:type": null, "school:type_idn": null, "website": null, "historic": null, "capacity": null, "delivery": null, "description": null, "outdoor_seating": null, "phone": null, "takeaway": "yes", "leisure": null, "emergency": null, "healthcare": null, "healthcare:speciality": null, "brand": "Kopi Kenangan", "brand:wikidata": "Q97221992", "brand:wikipedia": null, "short_name": null, "diet:halal": "only", "branch": "Ruko Jalan MT Haryono", "email": null, "air_conditioning": null, "guest_house": null, "name:en": null, "addr:housename": null, "addr:province": null, "addr:unit": null, "addr:district": null, "addr:neighbourhood": null, "addr:subdistrict": null, "contact:instagram": null, "sport": null, "url": null, "old_name": null, "payment:cash": null, "payment:coins": null, "payment:ep_cash": null, "payment:visa": null, "payment:visa_debit": null, "building:roof": null, "building:structure": null, "building:walls": null, "access:roof": null, "hospital:type": null, "landuse": null, "height": null, "addr:street:sym_ul": null, "religion": null, "internet_access:ssid": null, "museum": null, "name:id": null, "wikimedia_commons": null, "school": null, "area": null, "tactile_paving": null, "wikidata": null, "since": null, "layer": null, "type": null, "path": "/home/perhanjay/Desktop/Semester 3/Pengantar Kecerdasan Artifisial /Tubes/balikpapan_pois.gpkg|layername=balikpapan_pois|geometrytype=Point" }, "geometry": { "type": "Point", "coordinates": [ 116.8696109, -1.2511856 ] } },
{ "type": "Feature", "properties": { "element": "node", "id": 9901193020.0, "amenity": "restaurant", "name": "Warung Arema", "tourism": null, "cuisine": null, "addr:city": null, "addr:postcode": null, "addr:street": null, "shop": null, "addr:housenumber": null, "level": null, "smoking": null, "beds": null, "internet_access": null, "internet_access:fee": null, "operator": null, "rooms": null, "wheelchair": null, "stars": null, "opening_hours": null, "addr:full": null, "building": null, "building:levels": null, "capacity:persons": null, "operator:type": null, "school:type_idn": null, "website": null, "historic": null, "capacity": null, "delivery": null, "description": null, "outdoor_seating": null, "phone": null, "takeaway": null, "leisure": null, "emergency": null, "healthcare": null, "healthcare:speciality": null, "brand": null, "brand:wikidata": null, "brand:wikipedia": null, "short_name": null, "diet:halal": null, "branch": null, "email": null, "air_conditioning": null, "guest_house": null, "name:en": null, "addr:housename": null, "addr:province": null, "addr:unit": null, "addr:district": null, "addr:neighbourhood": null, "addr:subdistrict": null, "contact:instagram": null, "sport": null, "url": null, "old_name": null, "payment:cash": null, "payment:coins": null, "payment:ep_cash": null, "payment:visa": null, "payment:visa_debit": null, "building:roof": null, "building:structure": null, "building:walls": null, "access:roof": null, "hospital:type": null, "landuse": null, "height": null, "addr:street:sym_ul": null, "religion": null, "internet_access:ssid": null, "museum": null, "name:id": null, "wikimedia_commons": null, "school": null, "area": null, "tactile_paving": null, "wikidata": null, "since": null, "layer": null, "type": null, "path": "/home/perhanjay/Desktop/Semester 3/Pengantar Kecerdasan Artifisial /Tubes/balikpapan_pois.gpkg|layername=balikpapan_pois|geometrytype=Point" }, "geometry": { "type": "Point", "coordinates": [ 116.8383458, -1.2572415 ] } },
{ "type": "Feature", "properties": { "element": "node", "id": 9901207556.0, "amenity": null, "name": "Hypermart - Pentas City Balikpapan", "tourism": null, "cuisine": null, "addr:city": null, "addr:postcode": null, "addr:street": null, "shop": "supermarket", "addr:housenumber": null, "level": null, "smoking": null, "beds": null, "internet_access": null, "internet_access:fee": null, "operator": null, "rooms": null, "wheelchair": null, "stars": null, "opening_hours": null, "addr:full": null, "building": null, "building:levels": null, "capacity:persons": null, "operator:type": null, "school:type_idn": null, "website": null, "historic": null, "capacity": null, "delivery": null, "description": null, "outdoor_seating": null, "phone": null, "takeaway": null, "leisure": null, "emergency": null, "healthcare": null, "healthcare:speciality": null, "brand": null, "brand:wikidata": null, "brand:wikipedia": null, "short_name": null, "diet:halal": null, "branch": null, "email": null, "air_conditioning": null, "guest_house": null, "name:en": null, "addr:housename": null, "addr:province": null, "addr:unit": null, "addr:district": null, "addr:neighbourhood": null, "addr:subdistrict": null, "contact:instagram": null, "sport": null, "url": null, "old_name": null, "payment:cash": null, "payment:coins": null, "payment:ep_cash": null, "payment:visa": null, "payment:visa_debit": null, "building:roof": null, "building:structure": null, "building:walls": null, "access:roof": null, "hospital:type": null, "landuse": null, "height": null, "addr:street:sym_ul": null, "religion": null, "internet_access:ssid": null, "museum": null, "name:id": null, "wikimedia_commons": null, "school": null, "area": null, "tactile_paving": null, "wikidata": null, "since": null, "layer": null, "type": null, "path": "/home/perhanjay/Desktop/Semester 3/Pengantar Kecerdasan Artifisial /Tubes/balikpapan_pois.gpkg|layername=balikpapan_pois|geometrytype=Point" }, "geometry": { "type": "Point", "coordinates": [ 116.8564491, -1.2744715 ] } },
{ "type": "Feature", "properties": { "element": "node", "id": 9901215519.0, "amenity": "restaurant", "name": "Raja Jahe - Damai", "tourism": null, "cuisine": null, "addr:city": null, "addr:postcode": null, "addr:street": null, "shop": null, "addr:housenumber": null, "level": null, "smoking": null, "beds": null, "internet_access": null, "internet_access:fee": null, "operator": null, "rooms": null, "wheelchair": null, "stars": null, "opening_hours": null, "addr:full": null, "building": null, "building:levels": null, "capacity:persons": null, "operator:type": null, "school:type_idn": null, "website": null, "historic": null, "capacity": null, "delivery": null, "description": null, "outdoor_seating": null, "phone": null, "takeaway": null, "leisure": null, "emergency": null, "healthcare": null, "healthcare:speciality": null, "brand": null, "brand:wikidata": null, "brand:wikipedia": null, "short_name": null, "diet:halal": null, "branch": null, "email": null, "air_conditioning": null, "guest_house": null, "name:en": null, "addr:housename": null, "addr:province": null, "addr:unit": null, "addr:district": null, "addr:neighbourhood": null, "addr:subdistrict": null, "contact:instagram": null, "sport": null, "url": null, "old_name": null, "payment:cash": null, "payment:coins": null, "payment:ep_cash": null, "payment:visa": null, "payment:visa_debit": null, "building:roof": null, "building:structure": null, "building:walls": null, "access:roof": null, "hospital:type": null, "landuse": null, "height": null, "addr:street:sym_ul": null, "religion": null, "internet_access:ssid": null, "museum": null, "name:id": null, "wikimedia_commons": null, "school": null, "area": null, "tactile_paving": null, "wikidata": null, "since": null, "layer": null, "type": null, "path": "/home/perhanjay/Desktop/Semester 3/Pengantar Kecerdasan Artifisial /Tubes/balikpapan_pois.gpkg|layername=balikpapan_pois|geometrytype=Point" }, "geometry": { "type": "Point", "coordinates": [ 116.8672143, -1.2583972 ] } },
{ "type": "Feature", "properties": { "element": "node", "id": 9901318739.0, "amenity": "restaurant", "name": "Depot Vegetarian Shuang Hua", "tourism": null, "cuisine": null, "addr:city": null, "addr:postcode": null, "addr:street": null, "shop": null, "addr:housenumber": null, "level": null, "smoking": null, "beds": null, "internet_access": null, "internet_access:fee": null, "operator": null, "rooms": null, "wheelchair": null, "stars": null, "opening_hours": null, "addr:full": null, "building": null, "building:levels": null, "capacity:persons": null, "operator:type": null, "school:type_idn": null, "website": null, "historic": null, "capacity": null, "delivery": null, "description": null, "outdoor_seating": null, "phone": null, "takeaway": null, "leisure": null, "emergency": null, "healthcare": null, "healthcare:speciality": null, "brand": null, "brand:wikidata": null, "brand:wikipedia": null, "short_name": null, "diet:halal": null, "branch": null, "email": null, "air_conditioning": null, "guest_house": null, "name:en": null, "addr:housename": null, "addr:province": null, "addr:unit": null, "addr:district": null, "addr:neighbourhood": null, "addr:subdistrict": null, "contact:instagram": null, "sport": null, "url": null, "old_name": null, "payment:cash": null, "payment:coins": null, "payment:ep_cash": null, "payment:visa": null, "payment:visa_debit": null, "building:roof": null, "building:structure": null, "building:walls": null, "access:roof": null, "hospital:type": null, "landuse": null, "height": null, "addr:street:sym_ul": null, "religion": null, "internet_access:ssid": null, "museum": null, "name:id": null, "wikimedia_commons": null, "school": null, "area": null, "tactile_paving": null, "wikidata": null, "since": null, "layer": null, "type": null, "path": "/home/perhanjay/Desktop/Semester 3/Pengantar Kecerdasan Artifisial /Tubes/balikpapan_pois.gpkg|layername=balikpapan_pois|geometrytype=Point" }, "geometry": { "type": "Point", "coordinates": [ 116.8386191, -1.2625046 ] } },
{ "type": "Feature", "properties": { "element": "node", "id": 9903080721.0, "amenity": null, "name": "Quest Hotel Balikpapan", "tourism": "hotel", "cuisine": null, "addr:city": null, "addr:postcode": null, "addr:street": null, "shop": null, "addr:housenumber": null, "level": null, "smoking": null, "beds": null, "internet_access": null, "internet_access:fee": null, "operator": null, "rooms": null, "wheelchair": null, "stars": null, "opening_hours": null, "addr:full": null, "building": null, "building:levels": null, "capacity:persons": null, "operator:type": null, "school:type_idn": null, "website": null, "historic": null, "capacity": null, "delivery": null, "description": null, "outdoor_seating": null, "phone": null, "takeaway": null, "leisure": null, "emergency": null, "healthcare": null, "healthcare:speciality": null, "brand": null, "brand:wikidata": null, "brand:wikipedia": null, "short_name": null, "diet:halal": null, "branch": null, "email": null, "air_conditioning": null, "guest_house": null, "name:en": null, "addr:housename": null, "addr:province": null, "addr:unit": null, "addr:district": null, "addr:neighbourhood": null, "addr:subdistrict": null, "contact:instagram": null, "sport": null, "url": null, "old_name": null, "payment:cash": null, "payment:coins": null, "payment:ep_cash": null, "payment:visa": null, "payment:visa_debit": null, "building:roof": null, "building:structure": null, "building:walls": null, "access:roof": null, "hospital:type": null, "landuse": null, "height": null, "addr:street:sym_ul": null, "religion": null, "internet_access:ssid": null, "museum": null, "name:id": null, "wikimedia_commons": null, "school": null, "area": null, "tactile_paving": null, "wikidata": null, "since": null, "layer": null, "type": null, "path": "/home/perhanjay/Desktop/Semester 3/Pengantar Kecerdasan Artifisial /Tubes/balikpapan_pois.gpkg|layername=balikpapan_pois|geometrytype=Point" }, "geometry": { "type": "Point", "coordinates": [ 116.857727, -1.2747151 ] } },
{ "type": "Feature", "properties": { "element": "node", "id": 9903149862.0, "amenity": null, "name": "Astara Hotel Balikpapan", "tourism": "hotel", "cuisine": null, "addr:city": null, "addr:postcode": null, "addr:street": null, "shop": null, "addr:housenumber": null, "level": null, "smoking": null, "beds": null, "internet_access": null, "internet_access:fee": null, "operator": null, "rooms": null, "wheelchair": null, "stars": null, "opening_hours": null, "addr:full": null, "building": null, "building:levels": null, "capacity:persons": null, "operator:type": null, "school:type_idn": null, "website": null, "historic": null, "capacity": null, "delivery": null, "description": null, "outdoor_seating": null, "phone": null, "takeaway": null, "leisure": null, "emergency": null, "healthcare": null, "healthcare:speciality": null, "brand": null, "brand:wikidata": null, "brand:wikipedia": null, "short_name": null, "diet:halal": null, "branch": null, "email": null, "air_conditioning": null, "guest_house": null, "name:en": null, "addr:housename": null, "addr:province": null, "addr:unit": null, "addr:district": null, "addr:neighbourhood": null, "addr:subdistrict": null, "contact:instagram": null, "sport": null, "url": null, "old_name": null, "payment:cash": null, "payment:coins": null, "payment:ep_cash": null, "payment:visa": null, "payment:visa_debit": null, "building:roof": null, "building:structure": null, "building:walls": null, "access:roof": null, "hospital:type": null, "landuse": null, "height": null, "addr:street:sym_ul": null, "religion": null, "internet_access:ssid": null, "museum": null, "name:id": null, "wikimedia_commons": null, "school": null, "area": null, "tactile_paving": null, "wikidata": null, "since": null, "layer": null, "type": null, "path": "/home/perhanjay/Desktop/Semester 3/Pengantar Kecerdasan Artifisial /Tubes/balikpapan_pois.gpkg|layername=balikpapan_pois|geometrytype=Point" }, "geometry": { "type": "Point", "coordinates": [ 116.8567415, -1.2747308 ] } },
{ "type": "Feature", "properties": { "element": "node", "id": 9903214082.0, "amenity": "restaurant", "name": "Bebek Goreng H Slamet", "tourism": null, "cuisine": null, "addr:city": null, "addr:postcode": null, "addr:street": null, "shop": null, "addr:housenumber": null, "level": null, "smoking": null, "beds": null, "internet_access": null, "internet_access:fee": null, "operator": null, "rooms": null, "wheelchair": null, "stars": null, "opening_hours": null, "addr:full": null, "building": null, "building:levels": null, "capacity:persons": null, "operator:type": null, "school:type_idn": null, "website": null, "historic": null, "capacity": null, "delivery": null, "description": null, "outdoor_seating": null, "phone": null, "takeaway": null, "leisure": null, "emergency": null, "healthcare": null, "healthcare:speciality": null, "brand": null, "brand:wikidata": null, "brand:wikipedia": null, "short_name": null, "diet:halal": null, "branch": null, "email": null, "air_conditioning": null, "guest_house": null, "name:en": null, "addr:housename": null, "addr:province": null, "addr:unit": null, "addr:district": null, "addr:neighbourhood": null, "addr:subdistrict": null, "contact:instagram": null, "sport": null, "url": null, "old_name": null, "payment:cash": null, "payment:coins": null, "payment:ep_cash": null, "payment:visa": null, "payment:visa_debit": null, "building:roof": null, "building:structure": null, "building:walls": null, "access:roof": null, "hospital:type": null, "landuse": null, "height": null, "addr:street:sym_ul": null, "religion": null, "internet_access:ssid": null, "museum": null, "name:id": null, "wikimedia_commons": null, "school": null, "area": null, "tactile_paving": null, "wikidata": null, "since": null, "layer": null, "type": null, "path": "/home/perhanjay/Desktop/Semester 3/Pengantar Kecerdasan Artifisial /Tubes/balikpapan_pois.gpkg|layername=balikpapan_pois|geometrytype=Point" }, "geometry": { "type": "Point", "coordinates": [ 116.8295406, -1.2749737 ] } },
{ "type": "Feature", "properties": { "element": "node", "id": 9903540473.0, "amenity": "restaurant", "name": "RM Tulungagung Balikpapan", "tourism": null, "cuisine": null, "addr:city": null, "addr:postcode": null, "addr:street": null, "shop": null, "addr:housenumber": null, "level": null, "smoking": null, "beds": null, "internet_access": null, "internet_access:fee": null, "operator": null, "rooms": null, "wheelchair": null, "stars": null, "opening_hours": null, "addr:full": null, "building": null, "building:levels": null, "capacity:persons": null, "operator:type": null, "school:type_idn": null, "website": null, "historic": null, "capacity": null, "delivery": null, "description": null, "outdoor_seating": null, "phone": null, "takeaway": null, "leisure": null, "emergency": null, "healthcare": null, "healthcare:speciality": null, "brand": null, "brand:wikidata": null, "brand:wikipedia": null, "short_name": null, "diet:halal": null, "branch": null, "email": null, "air_conditioning": null, "guest_house": null, "name:en": null, "addr:housename": null, "addr:province": null, "addr:unit": null, "addr:district": null, "addr:neighbourhood": null, "addr:subdistrict": null, "contact:instagram": null, "sport": null, "url": null, "old_name": null, "payment:cash": null, "payment:coins": null, "payment:ep_cash": null, "payment:visa": null, "payment:visa_debit": null, "building:roof": null, "building:structure": null, "building:walls": null, "access:roof": null, "hospital:type": null, "landuse": null, "height": null, "addr:street:sym_ul": null, "religion": null, "internet_access:ssid": null, "museum": null, "name:id": null, "wikimedia_commons": null, "school": null, "area": null, "tactile_paving": null, "wikidata": null, "since": null, "layer": null, "type": null, "path": "/home/perhanjay/Desktop/Semester 3/Pengantar Kecerdasan Artifisial /Tubes/balikpapan_pois.gpkg|layername=balikpapan_pois|geometrytype=Point" }, "geometry": { "type": "Point", "coordinates": [ 116.843836, -1.2757515 ] } },
{ "type": "Feature", "properties": { "element": "node", "id": 9903618826.0, "amenity": "restaurant", "name": "Warung Magetan", "tourism": null, "cuisine": null, "addr:city": null, "addr:postcode": null, "addr:street": null, "shop": null, "addr:housenumber": null, "level": null, "smoking": null, "beds": null, "internet_access": null, "internet_access:fee": null, "operator": null, "rooms": null, "wheelchair": null, "stars": null, "opening_hours": null, "addr:full": null, "building": null, "building:levels": null, "capacity:persons": null, "operator:type": null, "school:type_idn": null, "website": null, "historic": null, "capacity": null, "delivery": null, "description": null, "outdoor_seating": null, "phone": null, "takeaway": null, "leisure": null, "emergency": null, "healthcare": null, "healthcare:speciality": null, "brand": null, "brand:wikidata": null, "brand:wikipedia": null, "short_name": null, "diet:halal": null, "branch": null, "email": null, "air_conditioning": null, "guest_house": null, "name:en": null, "addr:housename": null, "addr:province": null, "addr:unit": null, "addr:district": null, "addr:neighbourhood": null, "addr:subdistrict": null, "contact:instagram": null, "sport": null, "url": null, "old_name": null, "payment:cash": null, "payment:coins": null, "payment:ep_cash": null, "payment:visa": null, "payment:visa_debit": null, "building:roof": null, "building:structure": null, "building:walls": null, "access:roof": null, "hospital:type": null, "landuse": null, "height": null, "addr:street:sym_ul": null, "religion": null, "internet_access:ssid": null, "museum": null, "name:id": null, "wikimedia_commons": null, "school": null, "area": null, "tactile_paving": null, "wikidata": null, "since": null, "layer": null, "type": null, "path": "/home/perhanjay/Desktop/Semester 3/Pengantar Kecerdasan Artifisial /Tubes/balikpapan_pois.gpkg|layername=balikpapan_pois|geometrytype=Point" }, "geometry": { "type": "Point", "coordinates": [ 116.8401679, -1.2761363 ] } },
{ "type": "Feature", "properties": { "element": "node", "id": 9903669863.0, "amenity": null, "name": "Golden Tulip Balikpapan Hotel & Suites", "tourism": "hotel", "cuisine": null, "addr:city": null, "addr:postcode": null, "addr:street": null, "shop": null, "addr:housenumber": null, "level": null, "smoking": null, "beds": null, "internet_access": null, "internet_access:fee": null, "operator": null, "rooms": null, "wheelchair": null, "stars": null, "opening_hours": null, "addr:full": null, "building": null, "building:levels": null, "capacity:persons": null, "operator:type": null, "school:type_idn": null, "website": null, "historic": null, "capacity": null, "delivery": null, "description": null, "outdoor_seating": null, "phone": null, "takeaway": null, "leisure": null, "emergency": null, "healthcare": null, "healthcare:speciality": null, "brand": null, "brand:wikidata": null, "brand:wikipedia": null, "short_name": null, "diet:halal": null, "branch": null, "email": null, "air_conditioning": null, "guest_house": null, "name:en": null, "addr:housename": null, "addr:province": null, "addr:unit": null, "addr:district": null, "addr:neighbourhood": null, "addr:subdistrict": null, "contact:instagram": null, "sport": null, "url": null, "old_name": null, "payment:cash": null, "payment:coins": null, "payment:ep_cash": null, "payment:visa": null, "payment:visa_debit": null, "building:roof": null, "building:structure": null, "building:walls": null, "access:roof": null, "hospital:type": null, "landuse": null, "height": null, "addr:street:sym_ul": null, "religion": null, "internet_access:ssid": null, "museum": null, "name:id": null, "wikimedia_commons": null, "school": null, "area": null, "tactile_paving": null, "wikidata": null, "since": null, "layer": null, "type": null, "path": "/home/perhanjay/Desktop/Semester 3/Pengantar Kecerdasan Artifisial /Tubes/balikpapan_pois.gpkg|layername=balikpapan_pois|geometrytype=Point" }, "geometry": { "type": "Point", "coordinates": [ 116.8450074, -1.2767428 ] } },
{ "type": "Feature", "properties": { "element": "node", "id": 9903756680.0, "amenity": "restaurant", "name": "Pak Asman Bebek Goreng Jumbo", "tourism": null, "cuisine": null, "addr:city": null, "addr:postcode": null, "addr:street": null, "shop": null, "addr:housenumber": null, "level": null, "smoking": null, "beds": null, "internet_access": null, "internet_access:fee": null, "operator": null, "rooms": null, "wheelchair": null, "stars": null, "opening_hours": null, "addr:full": null, "building": null, "building:levels": null, "capacity:persons": null, "operator:type": null, "school:type_idn": null, "website": null, "historic": null, "capacity": null, "delivery": null, "description": null, "outdoor_seating": null, "phone": null, "takeaway": null, "leisure": null, "emergency": null, "healthcare": null, "healthcare:speciality": null, "brand": null, "brand:wikidata": null, "brand:wikipedia": null, "short_name": null, "diet:halal": null, "branch": null, "email": null, "air_conditioning": null, "guest_house": null, "name:en": null, "addr:housename": null, "addr:province": null, "addr:unit": null, "addr:district": null, "addr:neighbourhood": null, "addr:subdistrict": null, "contact:instagram": null, "sport": null, "url": null, "old_name": null, "payment:cash": null, "payment:coins": null, "payment:ep_cash": null, "payment:visa": null, "payment:visa_debit": null, "building:roof": null, "building:structure": null, "building:walls": null, "access:roof": null, "hospital:type": null, "landuse": null, "height": null, "addr:street:sym_ul": null, "religion": null, "internet_access:ssid": null, "museum": null, "name:id": null, "wikimedia_commons": null, "school": null, "area": null, "tactile_paving": null, "wikidata": null, "since": null, "layer": null, "type": null, "path": "/home/perhanjay/Desktop/Semester 3/Pengantar Kecerdasan Artifisial /Tubes/balikpapan_pois.gpkg|layername=balikpapan_pois|geometrytype=Point" }, "geometry": { "type": "Point", "coordinates": [ 116.8409897, -1.2768962 ] } },
{ "type": "Feature", "properties": { "element": "node", "id": 9908501207.0, "amenity": null, "name": "Malibu Suites by Sissae Living", "tourism": "hotel", "cuisine": null, "addr:city": null, "addr:postcode": null, "addr:street": null, "shop": null, "addr:housenumber": null, "level": null, "smoking": null, "beds": null, "internet_access": null, "internet_access:fee": null, "operator": null, "rooms": null, "wheelchair": null, "stars": null, "opening_hours": null, "addr:full": null, "building": null, "building:levels": null, "capacity:persons": null, "operator:type": null, "school:type_idn": null, "website": null, "historic": null, "capacity": null, "delivery": null, "description": null, "outdoor_seating": null, "phone": null, "takeaway": null, "leisure": null, "emergency": null, "healthcare": null, "healthcare:speciality": null, "brand": null, "brand:wikidata": null, "brand:wikipedia": null, "short_name": null, "diet:halal": null, "branch": null, "email": null, "air_conditioning": null, "guest_house": null, "name:en": null, "addr:housename": null, "addr:province": null, "addr:unit": null, "addr:district": null, "addr:neighbourhood": null, "addr:subdistrict": null, "contact:instagram": null, "sport": null, "url": null, "old_name": null, "payment:cash": null, "payment:coins": null, "payment:ep_cash": null, "payment:visa": null, "payment:visa_debit": null, "building:roof": null, "building:structure": null, "building:walls": null, "access:roof": null, "hospital:type": null, "landuse": null, "height": null, "addr:street:sym_ul": null, "religion": null, "internet_access:ssid": null, "museum": null, "name:id": null, "wikimedia_commons": null, "school": null, "area": null, "tactile_paving": null, "wikidata": null, "since": null, "layer": null, "type": null, "path": "/home/perhanjay/Desktop/Semester 3/Pengantar Kecerdasan Artifisial /Tubes/balikpapan_pois.gpkg|layername=balikpapan_pois|geometrytype=Point" }, "geometry": { "type": "Point", "coordinates": [ 116.8451736, -1.2766608 ] } },
{ "type": "Feature", "properties": { "element": "node", "id": 9908644724.0, "amenity": "cafe", "name": "De Cafe Resto & Delicatessen", "tourism": null, "cuisine": null, "addr:city": null, "addr:postcode": null, "addr:street": null, "shop": null, "addr:housenumber": null, "level": null, "smoking": null, "beds": null, "internet_access": null, "internet_access:fee": null, "operator": null, "rooms": null, "wheelchair": null, "stars": null, "opening_hours": null, "addr:full": null, "building": null, "building:levels": null, "capacity:persons": null, "operator:type": null, "school:type_idn": null, "website": null, "historic": null, "capacity": null, "delivery": null, "description": null, "outdoor_seating": null, "phone": null, "takeaway": null, "leisure": null, "emergency": null, "healthcare": null, "healthcare:speciality": null, "brand": null, "brand:wikidata": null, "brand:wikipedia": null, "short_name": null, "diet:halal": null, "branch": null, "email": null, "air_conditioning": null, "guest_house": null, "name:en": null, "addr:housename": null, "addr:province": null, "addr:unit": null, "addr:district": null, "addr:neighbourhood": null, "addr:subdistrict": null, "contact:instagram": null, "sport": null, "url": null, "old_name": null, "payment:cash": null, "payment:coins": null, "payment:ep_cash": null, "payment:visa": null, "payment:visa_debit": null, "building:roof": null, "building:structure": null, "building:walls": null, "access:roof": null, "hospital:type": null, "landuse": null, "height": null, "addr:street:sym_ul": null, "religion": null, "internet_access:ssid": null, "museum": null, "name:id": null, "wikimedia_commons": null, "school": null, "area": null, "tactile_paving": null, "wikidata": null, "since": null, "layer": null, "type": null, "path": "/home/perhanjay/Desktop/Semester 3/Pengantar Kecerdasan Artifisial /Tubes/balikpapan_pois.gpkg|layername=balikpapan_pois|geometrytype=Point" }, "geometry": { "type": "Point", "coordinates": [ 116.8337884, -1.2773542 ] } },
{ "type": "Feature", "properties": { "element": "node", "id": 9908866446.0, "amenity": "restaurant", "name": "Matsu Bento - Plaza Balikpapan", "tourism": null, "cuisine": null, "addr:city": null, "addr:postcode": null, "addr:street": null, "shop": null, "addr:housenumber": null, "level": null, "smoking": null, "beds": null, "internet_access": null, "internet_access:fee": null, "operator": null, "rooms": null, "wheelchair": null, "stars": null, "opening_hours": null, "addr:full": null, "building": null, "building:levels": null, "capacity:persons": null, "operator:type": null, "school:type_idn": null, "website": null, "historic": null, "capacity": null, "delivery": null, "description": null, "outdoor_seating": null, "phone": null, "takeaway": null, "leisure": null, "emergency": null, "healthcare": null, "healthcare:speciality": null, "brand": null, "brand:wikidata": null, "brand:wikipedia": null, "short_name": null, "diet:halal": null, "branch": null, "email": null, "air_conditioning": null, "guest_house": null, "name:en": null, "addr:housename": null, "addr:province": null, "addr:unit": null, "addr:district": null, "addr:neighbourhood": null, "addr:subdistrict": null, "contact:instagram": null, "sport": null, "url": null, "old_name": null, "payment:cash": null, "payment:coins": null, "payment:ep_cash": null, "payment:visa": null, "payment:visa_debit": null, "building:roof": null, "building:structure": null, "building:walls": null, "access:roof": null, "hospital:type": null, "landuse": null, "height": null, "addr:street:sym_ul": null, "religion": null, "internet_access:ssid": null, "museum": null, "name:id": null, "wikimedia_commons": null, "school": null, "area": null, "tactile_paving": null, "wikidata": null, "since": null, "layer": null, "type": null, "path": "/home/perhanjay/Desktop/Semester 3/Pengantar Kecerdasan Artifisial /Tubes/balikpapan_pois.gpkg|layername=balikpapan_pois|geometrytype=Point" }, "geometry": { "type": "Point", "coordinates": [ 116.8387369, -1.2783172 ] } },
{ "type": "Feature", "properties": { "element": "node", "id": 9908926721.0, "amenity": "restaurant", "name": "Lesehan Melawai", "tourism": null, "cuisine": null, "addr:city": null, "addr:postcode": null, "addr:street": null, "shop": null, "addr:housenumber": null, "level": null, "smoking": null, "beds": null, "internet_access": null, "internet_access:fee": null, "operator": null, "rooms": null, "wheelchair": null, "stars": null, "opening_hours": null, "addr:full": null, "building": null, "building:levels": null, "capacity:persons": null, "operator:type": null, "school:type_idn": null, "website": null, "historic": null, "capacity": null, "delivery": null, "description": null, "outdoor_seating": null, "phone": null, "takeaway": null, "leisure": null, "emergency": null, "healthcare": null, "healthcare:speciality": null, "brand": null, "brand:wikidata": null, "brand:wikipedia": null, "short_name": null, "diet:halal": null, "branch": null, "email": null, "air_conditioning": null, "guest_house": null, "name:en": null, "addr:housename": null, "addr:province": null, "addr:unit": null, "addr:district": null, "addr:neighbourhood": null, "addr:subdistrict": null, "contact:instagram": null, "sport": null, "url": null, "old_name": null, "payment:cash": null, "payment:coins": null, "payment:ep_cash": null, "payment:visa": null, "payment:visa_debit": null, "building:roof": null, "building:structure": null, "building:walls": null, "access:roof": null, "hospital:type": null, "landuse": null, "height": null, "addr:street:sym_ul": null, "religion": null, "internet_access:ssid": null, "museum": null, "name:id": null, "wikimedia_commons": null, "school": null, "area": null, "tactile_paving": null, "wikidata": null, "since": null, "layer": null, "type": null, "path": "/home/perhanjay/Desktop/Semester 3/Pengantar Kecerdasan Artifisial /Tubes/balikpapan_pois.gpkg|layername=balikpapan_pois|geometrytype=Point" }, "geometry": { "type": "Point", "coordinates": [ 116.8099959, -1.2787113 ] } },
{ "type": "Feature", "properties": { "element": "node", "id": 9908978110.0, "amenity": "restaurant", "name": "Mr Sumo Handayani - Prapatan", "tourism": null, "cuisine": null, "addr:city": null, "addr:postcode": null, "addr:street": null, "shop": null, "addr:housenumber": null, "level": null, "smoking": null, "beds": null, "internet_access": null, "internet_access:fee": null, "operator": null, "rooms": null, "wheelchair": null, "stars": null, "opening_hours": null, "addr:full": null, "building": null, "building:levels": null, "capacity:persons": null, "operator:type": null, "school:type_idn": null, "website": null, "historic": null, "capacity": null, "delivery": null, "description": null, "outdoor_seating": null, "phone": null, "takeaway": null, "leisure": null, "emergency": null, "healthcare": null, "healthcare:speciality": null, "brand": null, "brand:wikidata": null, "brand:wikipedia": null, "short_name": null, "diet:halal": null, "branch": null, "email": null, "air_conditioning": null, "guest_house": null, "name:en": null, "addr:housename": null, "addr:province": null, "addr:unit": null, "addr:district": null, "addr:neighbourhood": null, "addr:subdistrict": null, "contact:instagram": null, "sport": null, "url": null, "old_name": null, "payment:cash": null, "payment:coins": null, "payment:ep_cash": null, "payment:visa": null, "payment:visa_debit": null, "building:roof": null, "building:structure": null, "building:walls": null, "access:roof": null, "hospital:type": null, "landuse": null, "height": null, "addr:street:sym_ul": null, "religion": null, "internet_access:ssid": null, "museum": null, "name:id": null, "wikimedia_commons": null, "school": null, "area": null, "tactile_paving": null, "wikidata": null, "since": null, "layer": null, "type": null, "path": "/home/perhanjay/Desktop/Semester 3/Pengantar Kecerdasan Artifisial /Tubes/balikpapan_pois.gpkg|layername=balikpapan_pois|geometrytype=Point" }, "geometry": { "type": "Point", "coordinates": [ 116.8107717, -1.2801104 ] } },
{ "type": "Feature", "properties": { "element": "node", "id": 9990278478.0, "amenity": "cafe", "name": "Starbucks - Penta city", "tourism": null, "cuisine": null, "addr:city": null, "addr:postcode": null, "addr:street": null, "shop": null, "addr:housenumber": null, "level": null, "smoking": null, "beds": null, "internet_access": null, "internet_access:fee": null, "operator": null, "rooms": null, "wheelchair": null, "stars": null, "opening_hours": null, "addr:full": null, "building": null, "building:levels": null, "capacity:persons": null, "operator:type": null, "school:type_idn": null, "website": null, "historic": null, "capacity": null, "delivery": null, "description": null, "outdoor_seating": null, "phone": null, "takeaway": null, "leisure": null, "emergency": null, "healthcare": null, "healthcare:speciality": null, "brand": null, "brand:wikidata": null, "brand:wikipedia": null, "short_name": null, "diet:halal": null, "branch": null, "email": null, "air_conditioning": null, "guest_house": null, "name:en": null, "addr:housename": null, "addr:province": null, "addr:unit": null, "addr:district": null, "addr:neighbourhood": null, "addr:subdistrict": null, "contact:instagram": null, "sport": null, "url": null, "old_name": null, "payment:cash": null, "payment:coins": null, "payment:ep_cash": null, "payment:visa": null, "payment:visa_debit": null, "building:roof": null, "building:structure": null, "building:walls": null, "access:roof": null, "hospital:type": null, "landuse": null, "height": null, "addr:street:sym_ul": null, "religion": null, "internet_access:ssid": null, "museum": null, "name:id": null, "wikimedia_commons": null, "school": null, "area": null, "tactile_paving": null, "wikidata": null, "since": null, "layer": null, "type": null, "path": "/home/perhanjay/Desktop/Semester 3/Pengantar Kecerdasan Artifisial /Tubes/balikpapan_pois.gpkg|layername=balikpapan_pois|geometrytype=Point" }, "geometry": { "type": "Point", "coordinates": [ 116.857374, -1.2739268 ] } },
{ "type": "Feature", "properties": { "element": "node", "id": 9990610390.0, "amenity": null, "name": "Hotel Sejati Balikpapan", "tourism": "hotel", "cuisine": null, "addr:city": null, "addr:postcode": null, "addr:street": null, "shop": null, "addr:housenumber": null, "level": null, "smoking": null, "beds": null, "internet_access": null, "internet_access:fee": null, "operator": null, "rooms": null, "wheelchair": null, "stars": null, "opening_hours": null, "addr:full": null, "building": null, "building:levels": null, "capacity:persons": null, "operator:type": null, "school:type_idn": null, "website": null, "historic": null, "capacity": null, "delivery": null, "description": null, "outdoor_seating": null, "phone": null, "takeaway": null, "leisure": null, "emergency": null, "healthcare": null, "healthcare:speciality": null, "brand": null, "brand:wikidata": null, "brand:wikipedia": null, "short_name": null, "diet:halal": null, "branch": null, "email": null, "air_conditioning": null, "guest_house": null, "name:en": null, "addr:housename": null, "addr:province": null, "addr:unit": null, "addr:district": null, "addr:neighbourhood": null, "addr:subdistrict": null, "contact:instagram": null, "sport": null, "url": null, "old_name": null, "payment:cash": null, "payment:coins": null, "payment:ep_cash": null, "payment:visa": null, "payment:visa_debit": null, "building:roof": null, "building:structure": null, "building:walls": null, "access:roof": null, "hospital:type": null, "landuse": null, "height": null, "addr:street:sym_ul": null, "religion": null, "internet_access:ssid": null, "museum": null, "name:id": null, "wikimedia_commons": null, "school": null, "area": null, "tactile_paving": null, "wikidata": null, "since": null, "layer": null, "type": null, "path": "/home/perhanjay/Desktop/Semester 3/Pengantar Kecerdasan Artifisial /Tubes/balikpapan_pois.gpkg|layername=balikpapan_pois|geometrytype=Point" }, "geometry": { "type": "Point", "coordinates": [ 116.8704643, -1.2482539 ] } },
{ "type": "Feature", "properties": { "element": "node", "id": 9993908495.0, "amenity": null, "name": "Grand Jatra Hotel Balikpapan", "tourism": "hotel", "cuisine": null, "addr:city": null, "addr:postcode": null, "addr:street": null, "shop": null, "addr:housenumber": null, "level": null, "smoking": null, "beds": null, "internet_access": null, "internet_access:fee": null, "operator": null, "rooms": null, "wheelchair": null, "stars": null, "opening_hours": null, "addr:full": null, "building": null, "building:levels": null, "capacity:persons": null, "operator:type": null, "school:type_idn": null, "website": null, "historic": null, "capacity": null, "delivery": null, "description": null, "outdoor_seating": null, "phone": null, "takeaway": null, "leisure": null, "emergency": null, "healthcare": null, "healthcare:speciality": null, "brand": null, "brand:wikidata": null, "brand:wikipedia": null, "short_name": null, "diet:halal": null, "branch": null, "email": null, "air_conditioning": null, "guest_house": null, "name:en": null, "addr:housename": null, "addr:province": null, "addr:unit": null, "addr:district": null, "addr:neighbourhood": null, "addr:subdistrict": null, "contact:instagram": null, "sport": null, "url": null, "old_name": null, "payment:cash": null, "payment:coins": null, "payment:ep_cash": null, "payment:visa": null, "payment:visa_debit": null, "building:roof": null, "building:structure": null, "building:walls": null, "access:roof": null, "hospital:type": null, "landuse": null, "height": null, "addr:street:sym_ul": null, "religion": null, "internet_access:ssid": null, "museum": null, "name:id": null, "wikimedia_commons": null, "school": null, "area": null, "tactile_paving": null, "wikidata": null, "since": null, "layer": null, "type": null, "path": "/home/perhanjay/Desktop/Semester 3/Pengantar Kecerdasan Artifisial /Tubes/balikpapan_pois.gpkg|layername=balikpapan_pois|geometrytype=Point" }, "geometry": { "type": "Point", "coordinates": [ 116.8595997, -1.2729597 ] } },
{ "type": "Feature", "properties": { "element": "node", "id": 9993995358.0, "amenity": null, "name": "Penginapan Manise", "tourism": "hostel", "cuisine": null, "addr:city": null, "addr:postcode": null, "addr:street": null, "shop": null, "addr:housenumber": null, "level": null, "smoking": null, "beds": null, "internet_access": null, "internet_access:fee": null, "operator": null, "rooms": null, "wheelchair": null, "stars": null, "opening_hours": null, "addr:full": null, "building": null, "building:levels": null, "capacity:persons": null, "operator:type": null, "school:type_idn": null, "website": null, "historic": null, "capacity": null, "delivery": null, "description": null, "outdoor_seating": null, "phone": null, "takeaway": null, "leisure": null, "emergency": null, "healthcare": null, "healthcare:speciality": null, "brand": null, "brand:wikidata": null, "brand:wikipedia": null, "short_name": null, "diet:halal": null, "branch": null, "email": null, "air_conditioning": null, "guest_house": null, "name:en": null, "addr:housename": null, "addr:province": null, "addr:unit": null, "addr:district": null, "addr:neighbourhood": null, "addr:subdistrict": null, "contact:instagram": null, "sport": null, "url": null, "old_name": null, "payment:cash": null, "payment:coins": null, "payment:ep_cash": null, "payment:visa": null, "payment:visa_debit": null, "building:roof": null, "building:structure": null, "building:walls": null, "access:roof": null, "hospital:type": null, "landuse": null, "height": null, "addr:street:sym_ul": null, "religion": null, "internet_access:ssid": null, "museum": null, "name:id": null, "wikimedia_commons": null, "school": null, "area": null, "tactile_paving": null, "wikidata": null, "since": null, "layer": null, "type": null, "path": "/home/perhanjay/Desktop/Semester 3/Pengantar Kecerdasan Artifisial /Tubes/balikpapan_pois.gpkg|layername=balikpapan_pois|geometrytype=Point" }, "geometry": { "type": "Point", "coordinates": [ 116.8535028, -1.2167804 ] } },
{ "type": "Feature", "properties": { "element": "node", "id": 9993996976.0, "amenity": null, "name": "Fajar Kost Balikpapan", "tourism": "hostel", "cuisine": null, "addr:city": null, "addr:postcode": null, "addr:street": null, "shop": null, "addr:housenumber": null, "level": null, "smoking": null, "beds": null, "internet_access": null, "internet_access:fee": null, "operator": null, "rooms": null, "wheelchair": null, "stars": null, "opening_hours": null, "addr:full": null, "building": null, "building:levels": null, "capacity:persons": null, "operator:type": null, "school:type_idn": null, "website": null, "historic": null, "capacity": null, "delivery": null, "description": null, "outdoor_seating": null, "phone": null, "takeaway": null, "leisure": null, "emergency": null, "healthcare": null, "healthcare:speciality": null, "brand": null, "brand:wikidata": null, "brand:wikipedia": null, "short_name": null, "diet:halal": null, "branch": null, "email": null, "air_conditioning": null, "guest_house": null, "name:en": null, "addr:housename": null, "addr:province": null, "addr:unit": null, "addr:district": null, "addr:neighbourhood": null, "addr:subdistrict": null, "contact:instagram": null, "sport": null, "url": null, "old_name": null, "payment:cash": null, "payment:coins": null, "payment:ep_cash": null, "payment:visa": null, "payment:visa_debit": null, "building:roof": null, "building:structure": null, "building:walls": null, "access:roof": null, "hospital:type": null, "landuse": null, "height": null, "addr:street:sym_ul": null, "religion": null, "internet_access:ssid": null, "museum": null, "name:id": null, "wikimedia_commons": null, "school": null, "area": null, "tactile_paving": null, "wikidata": null, "since": null, "layer": null, "type": null, "path": "/home/perhanjay/Desktop/Semester 3/Pengantar Kecerdasan Artifisial /Tubes/balikpapan_pois.gpkg|layername=balikpapan_pois|geometrytype=Point" }, "geometry": { "type": "Point", "coordinates": [ 116.8364407, -1.2404738 ] } },
{ "type": "Feature", "properties": { "element": "node", "id": 9994018931.0, "amenity": null, "name": "J Icon Hip Hotel", "tourism": "hotel", "cuisine": null, "addr:city": null, "addr:postcode": null, "addr:street": null, "shop": null, "addr:housenumber": null, "level": null, "smoking": null, "beds": null, "internet_access": null, "internet_access:fee": null, "operator": null, "rooms": null, "wheelchair": null, "stars": null, "opening_hours": null, "addr:full": null, "building": null, "building:levels": null, "capacity:persons": null, "operator:type": null, "school:type_idn": null, "website": null, "historic": null, "capacity": null, "delivery": null, "description": null, "outdoor_seating": null, "phone": null, "takeaway": null, "leisure": null, "emergency": null, "healthcare": null, "healthcare:speciality": null, "brand": null, "brand:wikidata": null, "brand:wikipedia": null, "short_name": null, "diet:halal": null, "branch": null, "email": null, "air_conditioning": null, "guest_house": null, "name:en": null, "addr:housename": null, "addr:province": null, "addr:unit": null, "addr:district": null, "addr:neighbourhood": null, "addr:subdistrict": null, "contact:instagram": null, "sport": null, "url": null, "old_name": null, "payment:cash": null, "payment:coins": null, "payment:ep_cash": null, "payment:visa": null, "payment:visa_debit": null, "building:roof": null, "building:structure": null, "building:walls": null, "access:roof": null, "hospital:type": null, "landuse": null, "height": null, "addr:street:sym_ul": null, "religion": null, "internet_access:ssid": null, "museum": null, "name:id": null, "wikimedia_commons": null, "school": null, "area": null, "tactile_paving": null, "wikidata": null, "since": null, "layer": null, "type": null, "path": "/home/perhanjay/Desktop/Semester 3/Pengantar Kecerdasan Artifisial /Tubes/balikpapan_pois.gpkg|layername=balikpapan_pois|geometrytype=Point" }, "geometry": { "type": "Point", "coordinates": [ 116.8598625, -1.2730486 ] } },
{ "type": "Feature", "properties": { "element": "node", "id": 9994625466.0, "amenity": "restaurant", "name": "Siang Malam Seafood & Resto", "tourism": null, "cuisine": null, "addr:city": null, "addr:postcode": null, "addr:street": null, "shop": null, "addr:housenumber": null, "level": null, "smoking": null, "beds": null, "internet_access": null, "internet_access:fee": null, "operator": null, "rooms": null, "wheelchair": null, "stars": null, "opening_hours": null, "addr:full": null, "building": null, "building:levels": null, "capacity:persons": null, "operator:type": null, "school:type_idn": null, "website": null, "historic": null, "capacity": null, "delivery": null, "description": null, "outdoor_seating": null, "phone": null, "takeaway": null, "leisure": null, "emergency": null, "healthcare": null, "healthcare:speciality": null, "brand": null, "brand:wikidata": null, "brand:wikipedia": null, "short_name": null, "diet:halal": null, "branch": null, "email": null, "air_conditioning": null, "guest_house": null, "name:en": null, "addr:housename": null, "addr:province": null, "addr:unit": null, "addr:district": null, "addr:neighbourhood": null, "addr:subdistrict": null, "contact:instagram": null, "sport": null, "url": null, "old_name": null, "payment:cash": null, "payment:coins": null, "payment:ep_cash": null, "payment:visa": null, "payment:visa_debit": null, "building:roof": null, "building:structure": null, "building:walls": null, "access:roof": null, "hospital:type": null, "landuse": null, "height": null, "addr:street:sym_ul": null, "religion": null, "internet_access:ssid": null, "museum": null, "name:id": null, "wikimedia_commons": null, "school": null, "area": null, "tactile_paving": null, "wikidata": null, "since": null, "layer": null, "type": null, "path": "/home/perhanjay/Desktop/Semester 3/Pengantar Kecerdasan Artifisial /Tubes/balikpapan_pois.gpkg|layername=balikpapan_pois|geometrytype=Point" }, "geometry": { "type": "Point", "coordinates": [ 116.8581714, -1.2131105 ] } },
{ "type": "Feature", "properties": { "element": "node", "id": 9994873497.0, "amenity": "restaurant", "name": "Warung Padang Upik - Gunung Sari Ilir", "tourism": null, "cuisine": null, "addr:city": null, "addr:postcode": null, "addr:street": null, "shop": null, "addr:housenumber": null, "level": null, "smoking": null, "beds": null, "internet_access": null, "internet_access:fee": null, "operator": null, "rooms": null, "wheelchair": null, "stars": null, "opening_hours": null, "addr:full": null, "building": null, "building:levels": null, "capacity:persons": null, "operator:type": null, "school:type_idn": null, "website": null, "historic": null, "capacity": null, "delivery": null, "description": null, "outdoor_seating": null, "phone": null, "takeaway": null, "leisure": null, "emergency": null, "healthcare": null, "healthcare:speciality": null, "brand": null, "brand:wikidata": null, "brand:wikipedia": null, "short_name": null, "diet:halal": null, "branch": null, "email": null, "air_conditioning": null, "guest_house": null, "name:en": null, "addr:housename": null, "addr:province": null, "addr:unit": null, "addr:district": null, "addr:neighbourhood": null, "addr:subdistrict": null, "contact:instagram": null, "sport": null, "url": null, "old_name": null, "payment:cash": null, "payment:coins": null, "payment:ep_cash": null, "payment:visa": null, "payment:visa_debit": null, "building:roof": null, "building:structure": null, "building:walls": null, "access:roof": null, "hospital:type": null, "landuse": null, "height": null, "addr:street:sym_ul": null, "religion": null, "internet_access:ssid": null, "museum": null, "name:id": null, "wikimedia_commons": null, "school": null, "area": null, "tactile_paving": null, "wikidata": null, "since": null, "layer": null, "type": null, "path": "/home/perhanjay/Desktop/Semester 3/Pengantar Kecerdasan Artifisial /Tubes/balikpapan_pois.gpkg|layername=balikpapan_pois|geometrytype=Point" }, "geometry": { "type": "Point", "coordinates": [ 116.8384326, -1.2743201 ] } },
{ "type": "Feature", "properties": { "element": "node", "id": 9994924734.0, "amenity": "restaurant", "name": "Depot Horison", "tourism": null, "cuisine": null, "addr:city": null, "addr:postcode": null, "addr:street": null, "shop": null, "addr:housenumber": null, "level": null, "smoking": null, "beds": null, "internet_access": null, "internet_access:fee": null, "operator": null, "rooms": null, "wheelchair": null, "stars": null, "opening_hours": null, "addr:full": null, "building": null, "building:levels": null, "capacity:persons": null, "operator:type": null, "school:type_idn": null, "website": null, "historic": null, "capacity": null, "delivery": null, "description": null, "outdoor_seating": null, "phone": null, "takeaway": null, "leisure": null, "emergency": null, "healthcare": null, "healthcare:speciality": null, "brand": null, "brand:wikidata": null, "brand:wikipedia": null, "short_name": null, "diet:halal": null, "branch": null, "email": null, "air_conditioning": null, "guest_house": null, "name:en": null, "addr:housename": null, "addr:province": null, "addr:unit": null, "addr:district": null, "addr:neighbourhood": null, "addr:subdistrict": null, "contact:instagram": null, "sport": null, "url": null, "old_name": null, "payment:cash": null, "payment:coins": null, "payment:ep_cash": null, "payment:visa": null, "payment:visa_debit": null, "building:roof": null, "building:structure": null, "building:walls": null, "access:roof": null, "hospital:type": null, "landuse": null, "height": null, "addr:street:sym_ul": null, "religion": null, "internet_access:ssid": null, "museum": null, "name:id": null, "wikimedia_commons": null, "school": null, "area": null, "tactile_paving": null, "wikidata": null, "since": null, "layer": null, "type": null, "path": "/home/perhanjay/Desktop/Semester 3/Pengantar Kecerdasan Artifisial /Tubes/balikpapan_pois.gpkg|layername=balikpapan_pois|geometrytype=Point" }, "geometry": { "type": "Point", "coordinates": [ 116.8375068, -1.2696666 ] } },
{ "type": "Feature", "properties": { "element": "node", "id": 9995003941.0, "amenity": "restaurant", "name": "Auskah - Gunung Sari Ilir", "tourism": null, "cuisine": null, "addr:city": null, "addr:postcode": null, "addr:street": null, "shop": null, "addr:housenumber": null, "level": null, "smoking": null, "beds": null, "internet_access": null, "internet_access:fee": null, "operator": null, "rooms": null, "wheelchair": null, "stars": null, "opening_hours": null, "addr:full": null, "building": null, "building:levels": null, "capacity:persons": null, "operator:type": null, "school:type_idn": null, "website": null, "historic": null, "capacity": null, "delivery": null, "description": null, "outdoor_seating": null, "phone": null, "takeaway": null, "leisure": null, "emergency": null, "healthcare": null, "healthcare:speciality": null, "brand": null, "brand:wikidata": null, "brand:wikipedia": null, "short_name": null, "diet:halal": null, "branch": null, "email": null, "air_conditioning": null, "guest_house": null, "name:en": null, "addr:housename": null, "addr:province": null, "addr:unit": null, "addr:district": null, "addr:neighbourhood": null, "addr:subdistrict": null, "contact:instagram": null, "sport": null, "url": null, "old_name": null, "payment:cash": null, "payment:coins": null, "payment:ep_cash": null, "payment:visa": null, "payment:visa_debit": null, "building:roof": null, "building:structure": null, "building:walls": null, "access:roof": null, "hospital:type": null, "landuse": null, "height": null, "addr:street:sym_ul": null, "religion": null, "internet_access:ssid": null, "museum": null, "name:id": null, "wikimedia_commons": null, "school": null, "area": null, "tactile_paving": null, "wikidata": null, "since": null, "layer": null, "type": null, "path": "/home/perhanjay/Desktop/Semester 3/Pengantar Kecerdasan Artifisial /Tubes/balikpapan_pois.gpkg|layername=balikpapan_pois|geometrytype=Point" }, "geometry": { "type": "Point", "coordinates": [ 116.8390351, -1.269813 ] } },
{ "type": "Feature", "properties": { "element": "node", "id": 10012587004.0, "amenity": null, "name": "IZXTREEM-TECH", "tourism": null, "cuisine": null, "addr:city": "Gunung Samarinda", "addr:postcode": "76125", "addr:street": "Jalan Gurinda 4", "shop": "supermarket", "addr:housenumber": "10", "level": null, "smoking": null, "beds": null, "internet_access": null, "internet_access:fee": null, "operator": null, "rooms": null, "wheelchair": null, "stars": null, "opening_hours": "24/7", "addr:full": null, "building": null, "building:levels": null, "capacity:persons": null, "operator:type": null, "school:type_idn": null, "website": null, "historic": null, "capacity": null, "delivery": null, "description": null, "outdoor_seating": null, "phone": "+6285787770609", "takeaway": null, "leisure": null, "emergency": null, "healthcare": null, "healthcare:speciality": null, "brand": null, "brand:wikidata": null, "brand:wikipedia": null, "short_name": null, "diet:halal": null, "branch": null, "email": null, "air_conditioning": null, "guest_house": null, "name:en": null, "addr:housename": null, "addr:province": null, "addr:unit": null, "addr:district": null, "addr:neighbourhood": null, "addr:subdistrict": null, "contact:instagram": null, "sport": null, "url": null, "old_name": null, "payment:cash": null, "payment:coins": null, "payment:ep_cash": null, "payment:visa": null, "payment:visa_debit": null, "building:roof": null, "building:structure": null, "building:walls": null, "access:roof": null, "hospital:type": null, "landuse": null, "height": null, "addr:street:sym_ul": null, "religion": null, "internet_access:ssid": null, "museum": null, "name:id": null, "wikimedia_commons": null, "school": null, "area": null, "tactile_paving": null, "wikidata": null, "since": null, "layer": null, "type": null, "path": "/home/perhanjay/Desktop/Semester 3/Pengantar Kecerdasan Artifisial /Tubes/balikpapan_pois.gpkg|layername=balikpapan_pois|geometrytype=Point" }, "geometry": { "type": "Point", "coordinates": [ 116.8430777, -1.2332159 ] } },
{ "type": "Feature", "properties": { "element": "node", "id": 10023402257.0, "amenity": "restaurant", "name": "Mie Ayam Bakso Semut Ireng - Batu Ampar", "tourism": null, "cuisine": null, "addr:city": null, "addr:postcode": null, "addr:street": null, "shop": null, "addr:housenumber": null, "level": null, "smoking": null, "beds": null, "internet_access": null, "internet_access:fee": null, "operator": null, "rooms": null, "wheelchair": null, "stars": null, "opening_hours": null, "addr:full": null, "building": null, "building:levels": null, "capacity:persons": null, "operator:type": null, "school:type_idn": null, "website": null, "historic": null, "capacity": null, "delivery": null, "description": null, "outdoor_seating": null, "phone": null, "takeaway": null, "leisure": null, "emergency": null, "healthcare": null, "healthcare:speciality": null, "brand": null, "brand:wikidata": null, "brand:wikipedia": null, "short_name": null, "diet:halal": null, "branch": null, "email": null, "air_conditioning": null, "guest_house": null, "name:en": null, "addr:housename": null, "addr:province": null, "addr:unit": null, "addr:district": null, "addr:neighbourhood": null, "addr:subdistrict": null, "contact:instagram": null, "sport": null, "url": null, "old_name": null, "payment:cash": null, "payment:coins": null, "payment:ep_cash": null, "payment:visa": null, "payment:visa_debit": null, "building:roof": null, "building:structure": null, "building:walls": null, "access:roof": null, "hospital:type": null, "landuse": null, "height": null, "addr:street:sym_ul": null, "religion": null, "internet_access:ssid": null, "museum": null, "name:id": null, "wikimedia_commons": null, "school": null, "area": null, "tactile_paving": null, "wikidata": null, "since": null, "layer": null, "type": null, "path": "/home/perhanjay/Desktop/Semester 3/Pengantar Kecerdasan Artifisial /Tubes/balikpapan_pois.gpkg|layername=balikpapan_pois|geometrytype=Point" }, "geometry": { "type": "Point", "coordinates": [ 116.8444825, -1.2193027 ] } },
{ "type": "Feature", "properties": { "element": "node", "id": 10023419042.0, "amenity": "restaurant", "name": "Warung Mas Gondrong Batu Ampar Balikpapan", "tourism": null, "cuisine": null, "addr:city": null, "addr:postcode": null, "addr:street": null, "shop": null, "addr:housenumber": null, "level": null, "smoking": null, "beds": null, "internet_access": null, "internet_access:fee": null, "operator": null, "rooms": null, "wheelchair": null, "stars": null, "opening_hours": null, "addr:full": null, "building": null, "building:levels": null, "capacity:persons": null, "operator:type": null, "school:type_idn": null, "website": null, "historic": null, "capacity": null, "delivery": null, "description": null, "outdoor_seating": null, "phone": null, "takeaway": null, "leisure": null, "emergency": null, "healthcare": null, "healthcare:speciality": null, "brand": null, "brand:wikidata": null, "brand:wikipedia": null, "short_name": null, "diet:halal": null, "branch": null, "email": null, "air_conditioning": null, "guest_house": null, "name:en": null, "addr:housename": null, "addr:province": null, "addr:unit": null, "addr:district": null, "addr:neighbourhood": null, "addr:subdistrict": null, "contact:instagram": null, "sport": null, "url": null, "old_name": null, "payment:cash": null, "payment:coins": null, "payment:ep_cash": null, "payment:visa": null, "payment:visa_debit": null, "building:roof": null, "building:structure": null, "building:walls": null, "access:roof": null, "hospital:type": null, "landuse": null, "height": null, "addr:street:sym_ul": null, "religion": null, "internet_access:ssid": null, "museum": null, "name:id": null, "wikimedia_commons": null, "school": null, "area": null, "tactile_paving": null, "wikidata": null, "since": null, "layer": null, "type": null, "path": "/home/perhanjay/Desktop/Semester 3/Pengantar Kecerdasan Artifisial /Tubes/balikpapan_pois.gpkg|layername=balikpapan_pois|geometrytype=Point" }, "geometry": { "type": "Point", "coordinates": [ 116.8561169, -1.2192371 ] } },
{ "type": "Feature", "properties": { "element": "node", "id": 10026316943.0, "amenity": "restaurant", "name": "Sushikuy Grand City - Batu Ampar", "tourism": null, "cuisine": null, "addr:city": null, "addr:postcode": null, "addr:street": null, "shop": null, "addr:housenumber": null, "level": null, "smoking": null, "beds": null, "internet_access": null, "internet_access:fee": null, "operator": null, "rooms": null, "wheelchair": null, "stars": null, "opening_hours": null, "addr:full": null, "building": null, "building:levels": null, "capacity:persons": null, "operator:type": null, "school:type_idn": null, "website": null, "historic": null, "capacity": null, "delivery": null, "description": null, "outdoor_seating": null, "phone": null, "takeaway": null, "leisure": null, "emergency": null, "healthcare": null, "healthcare:speciality": null, "brand": null, "brand:wikidata": null, "brand:wikipedia": null, "short_name": null, "diet:halal": null, "branch": null, "email": null, "air_conditioning": null, "guest_house": null, "name:en": null, "addr:housename": null, "addr:province": null, "addr:unit": null, "addr:district": null, "addr:neighbourhood": null, "addr:subdistrict": null, "contact:instagram": null, "sport": null, "url": null, "old_name": null, "payment:cash": null, "payment:coins": null, "payment:ep_cash": null, "payment:visa": null, "payment:visa_debit": null, "building:roof": null, "building:structure": null, "building:walls": null, "access:roof": null, "hospital:type": null, "landuse": null, "height": null, "addr:street:sym_ul": null, "religion": null, "internet_access:ssid": null, "museum": null, "name:id": null, "wikimedia_commons": null, "school": null, "area": null, "tactile_paving": null, "wikidata": null, "since": null, "layer": null, "type": null, "path": "/home/perhanjay/Desktop/Semester 3/Pengantar Kecerdasan Artifisial /Tubes/balikpapan_pois.gpkg|layername=balikpapan_pois|geometrytype=Point" }, "geometry": { "type": "Point", "coordinates": [ 116.8775607, -1.2226351 ] } },
{ "type": "Feature", "properties": { "element": "node", "id": 10026531481.0, "amenity": "restaurant", "name": "Bubur Goreng Balikpapan - Batu Ampar", "tourism": null, "cuisine": null, "addr:city": null, "addr:postcode": null, "addr:street": null, "shop": null, "addr:housenumber": null, "level": null, "smoking": null, "beds": null, "internet_access": null, "internet_access:fee": null, "operator": null, "rooms": null, "wheelchair": null, "stars": null, "opening_hours": null, "addr:full": null, "building": null, "building:levels": null, "capacity:persons": null, "operator:type": null, "school:type_idn": null, "website": null, "historic": null, "capacity": null, "delivery": null, "description": null, "outdoor_seating": null, "phone": null, "takeaway": null, "leisure": null, "emergency": null, "healthcare": null, "healthcare:speciality": null, "brand": null, "brand:wikidata": null, "brand:wikipedia": null, "short_name": null, "diet:halal": null, "branch": null, "email": null, "air_conditioning": null, "guest_house": null, "name:en": null, "addr:housename": null, "addr:province": null, "addr:unit": null, "addr:district": null, "addr:neighbourhood": null, "addr:subdistrict": null, "contact:instagram": null, "sport": null, "url": null, "old_name": null, "payment:cash": null, "payment:coins": null, "payment:ep_cash": null, "payment:visa": null, "payment:visa_debit": null, "building:roof": null, "building:structure": null, "building:walls": null, "access:roof": null, "hospital:type": null, "landuse": null, "height": null, "addr:street:sym_ul": null, "religion": null, "internet_access:ssid": null, "museum": null, "name:id": null, "wikimedia_commons": null, "school": null, "area": null, "tactile_paving": null, "wikidata": null, "since": null, "layer": null, "type": null, "path": "/home/perhanjay/Desktop/Semester 3/Pengantar Kecerdasan Artifisial /Tubes/balikpapan_pois.gpkg|layername=balikpapan_pois|geometrytype=Point" }, "geometry": { "type": "Point", "coordinates": [ 116.8573461, -1.2218858 ] } },
{ "type": "Feature", "properties": { "element": "node", "id": 10026545656.0, "amenity": "restaurant", "name": "Ready Cook - Batu Ampar", "tourism": null, "cuisine": null, "addr:city": null, "addr:postcode": null, "addr:street": null, "shop": null, "addr:housenumber": null, "level": null, "smoking": null, "beds": null, "internet_access": null, "internet_access:fee": null, "operator": null, "rooms": null, "wheelchair": null, "stars": null, "opening_hours": null, "addr:full": null, "building": null, "building:levels": null, "capacity:persons": null, "operator:type": null, "school:type_idn": null, "website": null, "historic": null, "capacity": null, "delivery": null, "description": null, "outdoor_seating": null, "phone": null, "takeaway": null, "leisure": null, "emergency": null, "healthcare": null, "healthcare:speciality": null, "brand": null, "brand:wikidata": null, "brand:wikipedia": null, "short_name": null, "diet:halal": null, "branch": null, "email": null, "air_conditioning": null, "guest_house": null, "name:en": null, "addr:housename": null, "addr:province": null, "addr:unit": null, "addr:district": null, "addr:neighbourhood": null, "addr:subdistrict": null, "contact:instagram": null, "sport": null, "url": null, "old_name": null, "payment:cash": null, "payment:coins": null, "payment:ep_cash": null, "payment:visa": null, "payment:visa_debit": null, "building:roof": null, "building:structure": null, "building:walls": null, "access:roof": null, "hospital:type": null, "landuse": null, "height": null, "addr:street:sym_ul": null, "religion": null, "internet_access:ssid": null, "museum": null, "name:id": null, "wikimedia_commons": null, "school": null, "area": null, "tactile_paving": null, "wikidata": null, "since": null, "layer": null, "type": null, "path": "/home/perhanjay/Desktop/Semester 3/Pengantar Kecerdasan Artifisial /Tubes/balikpapan_pois.gpkg|layername=balikpapan_pois|geometrytype=Point" }, "geometry": { "type": "Point", "coordinates": [ 116.8772287, -1.2228964 ] } },
{ "type": "Feature", "properties": { "element": "node", "id": 10026595867.0, "amenity": "restaurant", "name": "Bakso & Mie Ayam Kolor Ijo", "tourism": null, "cuisine": null, "addr:city": null, "addr:postcode": null, "addr:street": null, "shop": null, "addr:housenumber": null, "level": null, "smoking": null, "beds": null, "internet_access": null, "internet_access:fee": null, "operator": null, "rooms": null, "wheelchair": null, "stars": null, "opening_hours": null, "addr:full": null, "building": null, "building:levels": null, "capacity:persons": null, "operator:type": null, "school:type_idn": null, "website": null, "historic": null, "capacity": null, "delivery": null, "description": null, "outdoor_seating": null, "phone": null, "takeaway": null, "leisure": null, "emergency": null, "healthcare": null, "healthcare:speciality": null, "brand": null, "brand:wikidata": null, "brand:wikipedia": null, "short_name": null, "diet:halal": null, "branch": null, "email": null, "air_conditioning": null, "guest_house": null, "name:en": null, "addr:housename": null, "addr:province": null, "addr:unit": null, "addr:district": null, "addr:neighbourhood": null, "addr:subdistrict": null, "contact:instagram": null, "sport": null, "url": null, "old_name": null, "payment:cash": null, "payment:coins": null, "payment:ep_cash": null, "payment:visa": null, "payment:visa_debit": null, "building:roof": null, "building:structure": null, "building:walls": null, "access:roof": null, "hospital:type": null, "landuse": null, "height": null, "addr:street:sym_ul": null, "religion": null, "internet_access:ssid": null, "museum": null, "name:id": null, "wikimedia_commons": null, "school": null, "area": null, "tactile_paving": null, "wikidata": null, "since": null, "layer": null, "type": null, "path": "/home/perhanjay/Desktop/Semester 3/Pengantar Kecerdasan Artifisial /Tubes/balikpapan_pois.gpkg|layername=balikpapan_pois|geometrytype=Point" }, "geometry": { "type": "Point", "coordinates": [ 116.8641198, -1.2276876 ] } },
{ "type": "Feature", "properties": { "element": "node", "id": 10026967754.0, "amenity": "restaurant", "name": "Wakul Cafe Resto - Sepinggan", "tourism": null, "cuisine": null, "addr:city": null, "addr:postcode": null, "addr:street": null, "shop": null, "addr:housenumber": null, "level": null, "smoking": null, "beds": null, "internet_access": null, "internet_access:fee": null, "operator": null, "rooms": null, "wheelchair": null, "stars": null, "opening_hours": null, "addr:full": null, "building": null, "building:levels": null, "capacity:persons": null, "operator:type": null, "school:type_idn": null, "website": null, "historic": null, "capacity": null, "delivery": null, "description": null, "outdoor_seating": null, "phone": null, "takeaway": null, "leisure": null, "emergency": null, "healthcare": null, "healthcare:speciality": null, "brand": null, "brand:wikidata": null, "brand:wikipedia": null, "short_name": null, "diet:halal": null, "branch": null, "email": null, "air_conditioning": null, "guest_house": null, "name:en": null, "addr:housename": null, "addr:province": null, "addr:unit": null, "addr:district": null, "addr:neighbourhood": null, "addr:subdistrict": null, "contact:instagram": null, "sport": null, "url": null, "old_name": null, "payment:cash": null, "payment:coins": null, "payment:ep_cash": null, "payment:visa": null, "payment:visa_debit": null, "building:roof": null, "building:structure": null, "building:walls": null, "access:roof": null, "hospital:type": null, "landuse": null, "height": null, "addr:street:sym_ul": null, "religion": null, "internet_access:ssid": null, "museum": null, "name:id": null, "wikimedia_commons": null, "school": null, "area": null, "tactile_paving": null, "wikidata": null, "since": null, "layer": null, "type": null, "path": "/home/perhanjay/Desktop/Semester 3/Pengantar Kecerdasan Artifisial /Tubes/balikpapan_pois.gpkg|layername=balikpapan_pois|geometrytype=Point" }, "geometry": { "type": "Point", "coordinates": [ 116.8818628, -1.2282289 ] } },
{ "type": "Feature", "properties": { "element": "node", "id": 10027249700.0, "amenity": "restaurant", "name": "Moonks Cwie Mie Malang", "tourism": null, "cuisine": null, "addr:city": null, "addr:postcode": null, "addr:street": null, "shop": null, "addr:housenumber": null, "level": null, "smoking": null, "beds": null, "internet_access": null, "internet_access:fee": null, "operator": null, "rooms": null, "wheelchair": null, "stars": null, "opening_hours": null, "addr:full": null, "building": null, "building:levels": null, "capacity:persons": null, "operator:type": null, "school:type_idn": null, "website": null, "historic": null, "capacity": null, "delivery": null, "description": null, "outdoor_seating": null, "phone": null, "takeaway": null, "leisure": null, "emergency": null, "healthcare": null, "healthcare:speciality": null, "brand": null, "brand:wikidata": null, "brand:wikipedia": null, "short_name": null, "diet:halal": null, "branch": null, "email": null, "air_conditioning": null, "guest_house": null, "name:en": null, "addr:housename": null, "addr:province": null, "addr:unit": null, "addr:district": null, "addr:neighbourhood": null, "addr:subdistrict": null, "contact:instagram": null, "sport": null, "url": null, "old_name": null, "payment:cash": null, "payment:coins": null, "payment:ep_cash": null, "payment:visa": null, "payment:visa_debit": null, "building:roof": null, "building:structure": null, "building:walls": null, "access:roof": null, "hospital:type": null, "landuse": null, "height": null, "addr:street:sym_ul": null, "religion": null, "internet_access:ssid": null, "museum": null, "name:id": null, "wikimedia_commons": null, "school": null, "area": null, "tactile_paving": null, "wikidata": null, "since": null, "layer": null, "type": null, "path": "/home/perhanjay/Desktop/Semester 3/Pengantar Kecerdasan Artifisial /Tubes/balikpapan_pois.gpkg|layername=balikpapan_pois|geometrytype=Point" }, "geometry": { "type": "Point", "coordinates": [ 116.8927702, -1.2298194 ] } },
{ "type": "Feature", "properties": { "element": "node", "id": 10027556763.0, "amenity": "restaurant", "name": "Coto Makassar Ahbab", "tourism": null, "cuisine": null, "addr:city": null, "addr:postcode": null, "addr:street": null, "shop": null, "addr:housenumber": null, "level": null, "smoking": null, "beds": null, "internet_access": null, "internet_access:fee": null, "operator": null, "rooms": null, "wheelchair": null, "stars": null, "opening_hours": null, "addr:full": null, "building": null, "building:levels": null, "capacity:persons": null, "operator:type": null, "school:type_idn": null, "website": null, "historic": null, "capacity": null, "delivery": null, "description": null, "outdoor_seating": null, "phone": null, "takeaway": null, "leisure": null, "emergency": null, "healthcare": null, "healthcare:speciality": null, "brand": null, "brand:wikidata": null, "brand:wikipedia": null, "short_name": null, "diet:halal": null, "branch": null, "email": null, "air_conditioning": null, "guest_house": null, "name:en": null, "addr:housename": null, "addr:province": null, "addr:unit": null, "addr:district": null, "addr:neighbourhood": null, "addr:subdistrict": null, "contact:instagram": null, "sport": null, "url": null, "old_name": null, "payment:cash": null, "payment:coins": null, "payment:ep_cash": null, "payment:visa": null, "payment:visa_debit": null, "building:roof": null, "building:structure": null, "building:walls": null, "access:roof": null, "hospital:type": null, "landuse": null, "height": null, "addr:street:sym_ul": null, "religion": null, "internet_access:ssid": null, "museum": null, "name:id": null, "wikimedia_commons": null, "school": null, "area": null, "tactile_paving": null, "wikidata": null, "since": null, "layer": null, "type": null, "path": "/home/perhanjay/Desktop/Semester 3/Pengantar Kecerdasan Artifisial /Tubes/balikpapan_pois.gpkg|layername=balikpapan_pois|geometrytype=Point" }, "geometry": { "type": "Point", "coordinates": [ 116.8738332, -1.2307536 ] } },
{ "type": "Feature", "properties": { "element": "node", "id": 10029314256.0, "amenity": "restaurant", "name": "Kulawaku - Gunung Samarinda", "tourism": null, "cuisine": null, "addr:city": null, "addr:postcode": null, "addr:street": null, "shop": null, "addr:housenumber": null, "level": null, "smoking": null, "beds": null, "internet_access": null, "internet_access:fee": null, "operator": null, "rooms": null, "wheelchair": null, "stars": null, "opening_hours": null, "addr:full": null, "building": null, "building:levels": null, "capacity:persons": null, "operator:type": null, "school:type_idn": null, "website": null, "historic": null, "capacity": null, "delivery": null, "description": null, "outdoor_seating": null, "phone": null, "takeaway": null, "leisure": null, "emergency": null, "healthcare": null, "healthcare:speciality": null, "brand": null, "brand:wikidata": null, "brand:wikipedia": null, "short_name": null, "diet:halal": null, "branch": null, "email": null, "air_conditioning": null, "guest_house": null, "name:en": null, "addr:housename": null, "addr:province": null, "addr:unit": null, "addr:district": null, "addr:neighbourhood": null, "addr:subdistrict": null, "contact:instagram": null, "sport": null, "url": null, "old_name": null, "payment:cash": null, "payment:coins": null, "payment:ep_cash": null, "payment:visa": null, "payment:visa_debit": null, "building:roof": null, "building:structure": null, "building:walls": null, "access:roof": null, "hospital:type": null, "landuse": null, "height": null, "addr:street:sym_ul": null, "religion": null, "internet_access:ssid": null, "museum": null, "name:id": null, "wikimedia_commons": null, "school": null, "area": null, "tactile_paving": null, "wikidata": null, "since": null, "layer": null, "type": null, "path": "/home/perhanjay/Desktop/Semester 3/Pengantar Kecerdasan Artifisial /Tubes/balikpapan_pois.gpkg|layername=balikpapan_pois|geometrytype=Point" }, "geometry": { "type": "Point", "coordinates": [ 116.8544815, -1.2374502 ] } },
{ "type": "Feature", "properties": { "element": "node", "id": 10029328183.0, "amenity": "restaurant", "name": "Warung Prasmanan Bu Lulu - Gunung Samarinda", "tourism": null, "cuisine": null, "addr:city": null, "addr:postcode": null, "addr:street": null, "shop": null, "addr:housenumber": null, "level": null, "smoking": null, "beds": null, "internet_access": null, "internet_access:fee": null, "operator": null, "rooms": null, "wheelchair": null, "stars": null, "opening_hours": null, "addr:full": null, "building": null, "building:levels": null, "capacity:persons": null, "operator:type": null, "school:type_idn": null, "website": null, "historic": null, "capacity": null, "delivery": null, "description": null, "outdoor_seating": null, "phone": null, "takeaway": null, "leisure": null, "emergency": null, "healthcare": null, "healthcare:speciality": null, "brand": null, "brand:wikidata": null, "brand:wikipedia": null, "short_name": null, "diet:halal": null, "branch": null, "email": null, "air_conditioning": null, "guest_house": null, "name:en": null, "addr:housename": null, "addr:province": null, "addr:unit": null, "addr:district": null, "addr:neighbourhood": null, "addr:subdistrict": null, "contact:instagram": null, "sport": null, "url": null, "old_name": null, "payment:cash": null, "payment:coins": null, "payment:ep_cash": null, "payment:visa": null, "payment:visa_debit": null, "building:roof": null, "building:structure": null, "building:walls": null, "access:roof": null, "hospital:type": null, "landuse": null, "height": null, "addr:street:sym_ul": null, "religion": null, "internet_access:ssid": null, "museum": null, "name:id": null, "wikimedia_commons": null, "school": null, "area": null, "tactile_paving": null, "wikidata": null, "since": null, "layer": null, "type": null, "path": "/home/perhanjay/Desktop/Semester 3/Pengantar Kecerdasan Artifisial /Tubes/balikpapan_pois.gpkg|layername=balikpapan_pois|geometrytype=Point" }, "geometry": { "type": "Point", "coordinates": [ 116.8565236, -1.2368054 ] } },
{ "type": "Feature", "properties": { "element": "node", "id": 10035508092.0, "amenity": "restaurant", "name": "Depot Arison Damai", "tourism": null, "cuisine": null, "addr:city": null, "addr:postcode": null, "addr:street": null, "shop": null, "addr:housenumber": null, "level": null, "smoking": null, "beds": null, "internet_access": null, "internet_access:fee": null, "operator": null, "rooms": null, "wheelchair": null, "stars": null, "opening_hours": null, "addr:full": null, "building": null, "building:levels": null, "capacity:persons": null, "operator:type": null, "school:type_idn": null, "website": null, "historic": null, "capacity": null, "delivery": null, "description": null, "outdoor_seating": null, "phone": null, "takeaway": null, "leisure": null, "emergency": null, "healthcare": null, "healthcare:speciality": null, "brand": null, "brand:wikidata": null, "brand:wikipedia": null, "short_name": null, "diet:halal": null, "branch": null, "email": null, "air_conditioning": null, "guest_house": null, "name:en": null, "addr:housename": null, "addr:province": null, "addr:unit": null, "addr:district": null, "addr:neighbourhood": null, "addr:subdistrict": null, "contact:instagram": null, "sport": null, "url": null, "old_name": null, "payment:cash": null, "payment:coins": null, "payment:ep_cash": null, "payment:visa": null, "payment:visa_debit": null, "building:roof": null, "building:structure": null, "building:walls": null, "access:roof": null, "hospital:type": null, "landuse": null, "height": null, "addr:street:sym_ul": null, "religion": null, "internet_access:ssid": null, "museum": null, "name:id": null, "wikimedia_commons": null, "school": null, "area": null, "tactile_paving": null, "wikidata": null, "since": null, "layer": null, "type": null, "path": "/home/perhanjay/Desktop/Semester 3/Pengantar Kecerdasan Artifisial /Tubes/balikpapan_pois.gpkg|layername=balikpapan_pois|geometrytype=Point" }, "geometry": { "type": "Point", "coordinates": [ 116.8571875, -1.2681247 ] } },
{ "type": "Feature", "properties": { "element": "node", "id": 10035774378.0, "amenity": "cafe", "name": "Cafe 3tiga", "tourism": null, "cuisine": null, "addr:city": null, "addr:postcode": null, "addr:street": null, "shop": null, "addr:housenumber": null, "level": null, "smoking": null, "beds": null, "internet_access": null, "internet_access:fee": null, "operator": null, "rooms": null, "wheelchair": null, "stars": null, "opening_hours": null, "addr:full": null, "building": null, "building:levels": null, "capacity:persons": null, "operator:type": null, "school:type_idn": null, "website": null, "historic": null, "capacity": null, "delivery": null, "description": null, "outdoor_seating": null, "phone": null, "takeaway": null, "leisure": null, "emergency": null, "healthcare": null, "healthcare:speciality": null, "brand": null, "brand:wikidata": null, "brand:wikipedia": null, "short_name": null, "diet:halal": null, "branch": null, "email": null, "air_conditioning": null, "guest_house": null, "name:en": null, "addr:housename": null, "addr:province": null, "addr:unit": null, "addr:district": null, "addr:neighbourhood": null, "addr:subdistrict": null, "contact:instagram": null, "sport": null, "url": null, "old_name": null, "payment:cash": null, "payment:coins": null, "payment:ep_cash": null, "payment:visa": null, "payment:visa_debit": null, "building:roof": null, "building:structure": null, "building:walls": null, "access:roof": null, "hospital:type": null, "landuse": null, "height": null, "addr:street:sym_ul": null, "religion": null, "internet_access:ssid": null, "museum": null, "name:id": null, "wikimedia_commons": null, "school": null, "area": null, "tactile_paving": null, "wikidata": null, "since": null, "layer": null, "type": null, "path": "/home/perhanjay/Desktop/Semester 3/Pengantar Kecerdasan Artifisial /Tubes/balikpapan_pois.gpkg|layername=balikpapan_pois|geometrytype=Point" }, "geometry": { "type": "Point", "coordinates": [ 116.8356107, -1.2710686 ] } },
{ "type": "Feature", "properties": { "element": "node", "id": 10036164934.0, "amenity": "restaurant", "name": "Bondy Bakery & Restaurant", "tourism": null, "cuisine": null, "addr:city": null, "addr:postcode": null, "addr:street": null, "shop": null, "addr:housenumber": null, "level": null, "smoking": null, "beds": null, "internet_access": null, "internet_access:fee": null, "operator": null, "rooms": null, "wheelchair": null, "stars": null, "opening_hours": null, "addr:full": null, "building": null, "building:levels": null, "capacity:persons": null, "operator:type": null, "school:type_idn": null, "website": null, "historic": null, "capacity": null, "delivery": null, "description": null, "outdoor_seating": null, "phone": null, "takeaway": null, "leisure": null, "emergency": null, "healthcare": null, "healthcare:speciality": null, "brand": null, "brand:wikidata": null, "brand:wikipedia": null, "short_name": null, "diet:halal": null, "branch": null, "email": null, "air_conditioning": null, "guest_house": null, "name:en": null, "addr:housename": null, "addr:province": null, "addr:unit": null, "addr:district": null, "addr:neighbourhood": null, "addr:subdistrict": null, "contact:instagram": null, "sport": null, "url": null, "old_name": null, "payment:cash": null, "payment:coins": null, "payment:ep_cash": null, "payment:visa": null, "payment:visa_debit": null, "building:roof": null, "building:structure": null, "building:walls": null, "access:roof": null, "hospital:type": null, "landuse": null, "height": null, "addr:street:sym_ul": null, "religion": null, "internet_access:ssid": null, "museum": null, "name:id": null, "wikimedia_commons": null, "school": null, "area": null, "tactile_paving": null, "wikidata": null, "since": null, "layer": null, "type": null, "path": "/home/perhanjay/Desktop/Semester 3/Pengantar Kecerdasan Artifisial /Tubes/balikpapan_pois.gpkg|layername=balikpapan_pois|geometrytype=Point" }, "geometry": { "type": "Point", "coordinates": [ 116.8384136, -1.2734464 ] } },
{ "type": "Feature", "properties": { "element": "node", "id": 10036595776.0, "amenity": "cafe", "name": "Dialog Cafe - Balikpapan Baru", "tourism": null, "cuisine": null, "addr:city": null, "addr:postcode": null, "addr:street": null, "shop": null, "addr:housenumber": null, "level": null, "smoking": null, "beds": null, "internet_access": null, "internet_access:fee": null, "operator": null, "rooms": null, "wheelchair": null, "stars": null, "opening_hours": null, "addr:full": null, "building": null, "building:levels": null, "capacity:persons": null, "operator:type": null, "school:type_idn": null, "website": null, "historic": null, "capacity": null, "delivery": null, "description": null, "outdoor_seating": null, "phone": null, "takeaway": null, "leisure": null, "emergency": null, "healthcare": null, "healthcare:speciality": null, "brand": null, "brand:wikidata": null, "brand:wikipedia": null, "short_name": null, "diet:halal": null, "branch": null, "email": null, "air_conditioning": null, "guest_house": null, "name:en": null, "addr:housename": null, "addr:province": null, "addr:unit": null, "addr:district": null, "addr:neighbourhood": null, "addr:subdistrict": null, "contact:instagram": null, "sport": null, "url": null, "old_name": null, "payment:cash": null, "payment:coins": null, "payment:ep_cash": null, "payment:visa": null, "payment:visa_debit": null, "building:roof": null, "building:structure": null, "building:walls": null, "access:roof": null, "hospital:type": null, "landuse": null, "height": null, "addr:street:sym_ul": null, "religion": null, "internet_access:ssid": null, "museum": null, "name:id": null, "wikimedia_commons": null, "school": null, "area": null, "tactile_paving": null, "wikidata": null, "since": null, "layer": null, "type": null, "path": "/home/perhanjay/Desktop/Semester 3/Pengantar Kecerdasan Artifisial /Tubes/balikpapan_pois.gpkg|layername=balikpapan_pois|geometrytype=Point" }, "geometry": { "type": "Point", "coordinates": [ 116.8594667, -1.2460153 ] } },
{ "type": "Feature", "properties": { "element": "node", "id": 10036636277.0, "amenity": null, "name": "Yova Mart Sumber Rejo", "tourism": null, "cuisine": null, "addr:city": null, "addr:postcode": null, "addr:street": null, "shop": "supermarket", "addr:housenumber": null, "level": null, "smoking": null, "beds": null, "internet_access": null, "internet_access:fee": null, "operator": null, "rooms": null, "wheelchair": null, "stars": null, "opening_hours": null, "addr:full": null, "building": null, "building:levels": null, "capacity:persons": null, "operator:type": null, "school:type_idn": null, "website": null, "historic": null, "capacity": null, "delivery": null, "description": null, "outdoor_seating": null, "phone": null, "takeaway": null, "leisure": null, "emergency": null, "healthcare": null, "healthcare:speciality": null, "brand": null, "brand:wikidata": null, "brand:wikipedia": null, "short_name": null, "diet:halal": null, "branch": null, "email": null, "air_conditioning": null, "guest_house": null, "name:en": null, "addr:housename": null, "addr:province": null, "addr:unit": null, "addr:district": null, "addr:neighbourhood": null, "addr:subdistrict": null, "contact:instagram": null, "sport": null, "url": null, "old_name": null, "payment:cash": null, "payment:coins": null, "payment:ep_cash": null, "payment:visa": null, "payment:visa_debit": null, "building:roof": null, "building:structure": null, "building:walls": null, "access:roof": null, "hospital:type": null, "landuse": null, "height": null, "addr:street:sym_ul": null, "religion": null, "internet_access:ssid": null, "museum": null, "name:id": null, "wikimedia_commons": null, "school": null, "area": null, "tactile_paving": null, "wikidata": null, "since": null, "layer": null, "type": null, "path": "/home/perhanjay/Desktop/Semester 3/Pengantar Kecerdasan Artifisial /Tubes/balikpapan_pois.gpkg|layername=balikpapan_pois|geometrytype=Point" }, "geometry": { "type": "Point", "coordinates": [ 116.8471464, -1.24819 ] } },
{ "type": "Feature", "properties": { "element": "node", "id": 10037373193.0, "amenity": null, "name": "Alfamidi Ahmad Yani", "tourism": null, "cuisine": null, "addr:city": null, "addr:postcode": null, "addr:street": null, "shop": "supermarket", "addr:housenumber": null, "level": null, "smoking": null, "beds": null, "internet_access": null, "internet_access:fee": null, "operator": null, "rooms": null, "wheelchair": null, "stars": null, "opening_hours": null, "addr:full": null, "building": null, "building:levels": null, "capacity:persons": null, "operator:type": null, "school:type_idn": null, "website": null, "historic": null, "capacity": null, "delivery": null, "description": null, "outdoor_seating": null, "phone": null, "takeaway": null, "leisure": null, "emergency": null, "healthcare": null, "healthcare:speciality": null, "brand": null, "brand:wikidata": null, "brand:wikipedia": null, "short_name": null, "diet:halal": null, "branch": null, "email": null, "air_conditioning": null, "guest_house": null, "name:en": null, "addr:housename": null, "addr:province": null, "addr:unit": null, "addr:district": null, "addr:neighbourhood": null, "addr:subdistrict": null, "contact:instagram": null, "sport": null, "url": null, "old_name": null, "payment:cash": null, "payment:coins": null, "payment:ep_cash": null, "payment:visa": null, "payment:visa_debit": null, "building:roof": null, "building:structure": null, "building:walls": null, "access:roof": null, "hospital:type": null, "landuse": null, "height": null, "addr:street:sym_ul": null, "religion": null, "internet_access:ssid": null, "museum": null, "name:id": null, "wikimedia_commons": null, "school": null, "area": null, "tactile_paving": null, "wikidata": null, "since": null, "layer": null, "type": null, "path": "/home/perhanjay/Desktop/Semester 3/Pengantar Kecerdasan Artifisial /Tubes/balikpapan_pois.gpkg|layername=balikpapan_pois|geometrytype=Point" }, "geometry": { "type": "Point", "coordinates": [ 116.8394687, -1.2575071 ] } },
{ "type": "Feature", "properties": { "element": "node", "id": 10038343942.0, "amenity": null, "name": "Airy Eco Bandara Sepinggan Baru", "tourism": "hotel", "cuisine": null, "addr:city": null, "addr:postcode": null, "addr:street": null, "shop": null, "addr:housenumber": null, "level": null, "smoking": null, "beds": null, "internet_access": null, "internet_access:fee": null, "operator": null, "rooms": null, "wheelchair": null, "stars": null, "opening_hours": null, "addr:full": null, "building": null, "building:levels": null, "capacity:persons": null, "operator:type": null, "school:type_idn": null, "website": null, "historic": null, "capacity": null, "delivery": null, "description": null, "outdoor_seating": null, "phone": null, "takeaway": null, "leisure": null, "emergency": null, "healthcare": null, "healthcare:speciality": null, "brand": null, "brand:wikidata": null, "brand:wikipedia": null, "short_name": null, "diet:halal": null, "branch": null, "email": null, "air_conditioning": null, "guest_house": null, "name:en": null, "addr:housename": null, "addr:province": null, "addr:unit": null, "addr:district": null, "addr:neighbourhood": null, "addr:subdistrict": null, "contact:instagram": null, "sport": null, "url": null, "old_name": null, "payment:cash": null, "payment:coins": null, "payment:ep_cash": null, "payment:visa": null, "payment:visa_debit": null, "building:roof": null, "building:structure": null, "building:walls": null, "access:roof": null, "hospital:type": null, "landuse": null, "height": null, "addr:street:sym_ul": null, "religion": null, "internet_access:ssid": null, "museum": null, "name:id": null, "wikimedia_commons": null, "school": null, "area": null, "tactile_paving": null, "wikidata": null, "since": null, "layer": null, "type": null, "path": "/home/perhanjay/Desktop/Semester 3/Pengantar Kecerdasan Artifisial /Tubes/balikpapan_pois.gpkg|layername=balikpapan_pois|geometrytype=Point" }, "geometry": { "type": "Point", "coordinates": [ 116.9064081, -1.2594283 ] } },
{ "type": "Feature", "properties": { "element": "node", "id": 10038719689.0, "amenity": null, "name": "OYO 1020 Pelita Guest House", "tourism": "guest_house", "cuisine": null, "addr:city": null, "addr:postcode": null, "addr:street": null, "shop": null, "addr:housenumber": null, "level": null, "smoking": null, "beds": null, "internet_access": null, "internet_access:fee": null, "operator": null, "rooms": null, "wheelchair": null, "stars": null, "opening_hours": null, "addr:full": null, "building": null, "building:levels": null, "capacity:persons": null, "operator:type": null, "school:type_idn": null, "website": null, "historic": null, "capacity": null, "delivery": null, "description": null, "outdoor_seating": null, "phone": null, "takeaway": null, "leisure": null, "emergency": null, "healthcare": null, "healthcare:speciality": null, "brand": null, "brand:wikidata": null, "brand:wikipedia": null, "short_name": null, "diet:halal": null, "branch": null, "email": null, "air_conditioning": null, "guest_house": null, "name:en": null, "addr:housename": null, "addr:province": null, "addr:unit": null, "addr:district": null, "addr:neighbourhood": null, "addr:subdistrict": null, "contact:instagram": null, "sport": null, "url": null, "old_name": null, "payment:cash": null, "payment:coins": null, "payment:ep_cash": null, "payment:visa": null, "payment:visa_debit": null, "building:roof": null, "building:structure": null, "building:walls": null, "access:roof": null, "hospital:type": null, "landuse": null, "height": null, "addr:street:sym_ul": null, "religion": null, "internet_access:ssid": null, "museum": null, "name:id": null, "wikimedia_commons": null, "school": null, "area": null, "tactile_paving": null, "wikidata": null, "since": null, "layer": null, "type": null, "path": "/home/perhanjay/Desktop/Semester 3/Pengantar Kecerdasan Artifisial /Tubes/balikpapan_pois.gpkg|layername=balikpapan_pois|geometrytype=Point" }, "geometry": { "type": "Point", "coordinates": [ 116.8635862, -1.2598589 ] } },
{ "type": "Feature", "properties": { "element": "node", "id": 10039058900.0, "amenity": null, "name": "Alfamidi Mt Haryono", "tourism": null, "cuisine": null, "addr:city": null, "addr:postcode": null, "addr:street": null, "shop": "supermarket", "addr:housenumber": null, "level": null, "smoking": null, "beds": null, "internet_access": null, "internet_access:fee": null, "operator": null, "rooms": null, "wheelchair": null, "stars": null, "opening_hours": null, "addr:full": null, "building": null, "building:levels": null, "capacity:persons": null, "operator:type": null, "school:type_idn": null, "website": null, "historic": null, "capacity": null, "delivery": null, "description": null, "outdoor_seating": null, "phone": null, "takeaway": null, "leisure": null, "emergency": null, "healthcare": null, "healthcare:speciality": null, "brand": null, "brand:wikidata": null, "brand:wikipedia": null, "short_name": null, "diet:halal": null, "branch": null, "email": null, "air_conditioning": null, "guest_house": null, "name:en": null, "addr:housename": null, "addr:province": null, "addr:unit": null, "addr:district": null, "addr:neighbourhood": null, "addr:subdistrict": null, "contact:instagram": null, "sport": null, "url": null, "old_name": null, "payment:cash": null, "payment:coins": null, "payment:ep_cash": null, "payment:visa": null, "payment:visa_debit": null, "building:roof": null, "building:structure": null, "building:walls": null, "access:roof": null, "hospital:type": null, "landuse": null, "height": null, "addr:street:sym_ul": null, "religion": null, "internet_access:ssid": null, "museum": null, "name:id": null, "wikimedia_commons": null, "school": null, "area": null, "tactile_paving": null, "wikidata": null, "since": null, "layer": null, "type": null, "path": "/home/perhanjay/Desktop/Semester 3/Pengantar Kecerdasan Artifisial /Tubes/balikpapan_pois.gpkg|layername=balikpapan_pois|geometrytype=Point" }, "geometry": { "type": "Point", "coordinates": [ 116.8599158, -1.2633335 ] } },
{ "type": "Feature", "properties": { "element": "node", "id": 10867712562.0, "amenity": null, "name": "Horison Ultima Bandara Balikpapan", "tourism": "hotel", "cuisine": null, "addr:city": "Balikpapan", "addr:postcode": "76115", "addr:street": "Jalan Marsma Iswahyudi", "shop": null, "addr:housenumber": null, "level": null, "smoking": null, "beds": null, "internet_access": "yes", "internet_access:fee": "no", "operator": null, "rooms": "138", "wheelchair": null, "stars": null, "opening_hours": null, "addr:full": null, "building": null, "building:levels": null, "capacity:persons": null, "operator:type": null, "school:type_idn": null, "website": "https://myhorison.com/", "historic": null, "capacity": null, "delivery": null, "description": null, "outdoor_seating": null, "phone": "05427571260", "takeaway": null, "leisure": null, "emergency": null, "healthcare": null, "healthcare:speciality": null, "brand": "Horison Ultima Bandara Balikpapan", "brand:wikidata": null, "brand:wikipedia": null, "short_name": null, "diet:halal": null, "branch": null, "email": "horisonultimabandarabpp@gmail.com", "air_conditioning": null, "guest_house": null, "name:en": null, "addr:housename": null, "addr:province": null, "addr:unit": null, "addr:district": null, "addr:neighbourhood": null, "addr:subdistrict": null, "contact:instagram": null, "sport": null, "url": null, "old_name": null, "payment:cash": null, "payment:coins": null, "payment:ep_cash": null, "payment:visa": null, "payment:visa_debit": null, "building:roof": null, "building:structure": null, "building:walls": null, "access:roof": null, "hospital:type": null, "landuse": null, "height": null, "addr:street:sym_ul": null, "religion": null, "internet_access:ssid": null, "museum": null, "name:id": null, "wikimedia_commons": null, "school": null, "area": null, "tactile_paving": null, "wikidata": null, "since": null, "layer": null, "type": null, "path": "/home/perhanjay/Desktop/Semester 3/Pengantar Kecerdasan Artifisial /Tubes/balikpapan_pois.gpkg|layername=balikpapan_pois|geometrytype=Point" }, "geometry": { "type": "Point", "coordinates": [ 116.9020904, -1.2598588 ] } },
{ "type": "Feature", "properties": { "element": "node", "id": 10908449242.0, "amenity": null, "name": "Bugenville Asri", "tourism": "hostel", "cuisine": null, "addr:city": "Balikpapan", "addr:postcode": "76114", "addr:street": "Jalan Siaga Asri Gang Bugenville RT 26", "shop": null, "addr:housenumber": "No 63", "level": null, "smoking": null, "beds": null, "internet_access": "yes", "internet_access:fee": "customers", "operator": "Adyt", "rooms": "12", "wheelchair": null, "stars": null, "opening_hours": null, "addr:full": null, "building": null, "building:levels": null, "capacity:persons": null, "operator:type": null, "school:type_idn": null, "website": null, "historic": null, "capacity": null, "delivery": null, "description": null, "outdoor_seating": null, "phone": "+628115933353", "takeaway": null, "leisure": null, "emergency": null, "healthcare": null, "healthcare:speciality": null, "brand": null, "brand:wikidata": null, "brand:wikipedia": null, "short_name": null, "diet:halal": null, "branch": null, "email": null, "air_conditioning": "yes", "guest_house": "hostel", "name:en": null, "addr:housename": null, "addr:province": null, "addr:unit": null, "addr:district": null, "addr:neighbourhood": null, "addr:subdistrict": null, "contact:instagram": null, "sport": null, "url": null, "old_name": null, "payment:cash": null, "payment:coins": null, "payment:ep_cash": null, "payment:visa": null, "payment:visa_debit": null, "building:roof": null, "building:structure": null, "building:walls": null, "access:roof": null, "hospital:type": null, "landuse": null, "height": null, "addr:street:sym_ul": null, "religion": null, "internet_access:ssid": null, "museum": null, "name:id": null, "wikimedia_commons": null, "school": null, "area": null, "tactile_paving": null, "wikidata": null, "since": null, "layer": null, "type": null, "path": "/home/perhanjay/Desktop/Semester 3/Pengantar Kecerdasan Artifisial /Tubes/balikpapan_pois.gpkg|layername=balikpapan_pois|geometrytype=Point" }, "geometry": { "type": "Point", "coordinates": [ 116.8558012, -1.2651574 ] } },
{ "type": "Feature", "properties": { "element": "node", "id": 10964027710.0, "amenity": "cafe", "name": "Shelly Cake& Bakery", "tourism": null, "cuisine": "cake;pizza;roti_lapissandwich", "addr:city": "Balikpapan", "addr:postcode": "76124", "addr:street": "Jalan Inpres 2", "shop": null, "addr:housenumber": "129", "level": null, "smoking": null, "beds": null, "internet_access": null, "internet_access:fee": null, "operator": null, "rooms": null, "wheelchair": null, "stars": null, "opening_hours": null, "addr:full": null, "building": null, "building:levels": null, "capacity:persons": null, "operator:type": null, "school:type_idn": null, "website": null, "historic": null, "capacity": null, "delivery": null, "description": null, "outdoor_seating": null, "phone": null, "takeaway": null, "leisure": null, "emergency": null, "healthcare": null, "healthcare:speciality": null, "brand": null, "brand:wikidata": null, "brand:wikipedia": null, "short_name": null, "diet:halal": null, "branch": null, "email": null, "air_conditioning": null, "guest_house": null, "name:en": null, "addr:housename": null, "addr:province": null, "addr:unit": null, "addr:district": null, "addr:neighbourhood": null, "addr:subdistrict": null, "contact:instagram": null, "sport": null, "url": null, "old_name": null, "payment:cash": null, "payment:coins": null, "payment:ep_cash": null, "payment:visa": null, "payment:visa_debit": null, "building:roof": null, "building:structure": null, "building:walls": null, "access:roof": null, "hospital:type": null, "landuse": null, "height": null, "addr:street:sym_ul": null, "religion": null, "internet_access:ssid": null, "museum": null, "name:id": null, "wikimedia_commons": null, "school": null, "area": null, "tactile_paving": null, "wikidata": null, "since": null, "layer": null, "type": null, "path": "/home/perhanjay/Desktop/Semester 3/Pengantar Kecerdasan Artifisial /Tubes/balikpapan_pois.gpkg|layername=balikpapan_pois|geometrytype=Point" }, "geometry": { "type": "Point", "coordinates": [ 116.8349857, -1.233711 ] } },
{ "type": "Feature", "properties": { "element": "node", "id": 10964029154.0, "amenity": null, "name": "Toko Noesari Jaya", "tourism": null, "cuisine": null, "addr:city": "Balikpapan", "addr:postcode": "76124", "addr:street": "Jalan Inpres 2", "shop": "supermarket", "addr:housenumber": null, "level": null, "smoking": null, "beds": null, "internet_access": null, "internet_access:fee": null, "operator": null, "rooms": null, "wheelchair": null, "stars": null, "opening_hours": null, "addr:full": null, "building": null, "building:levels": null, "capacity:persons": null, "operator:type": null, "school:type_idn": null, "website": null, "historic": null, "capacity": null, "delivery": null, "description": null, "outdoor_seating": null, "phone": null, "takeaway": null, "leisure": null, "emergency": null, "healthcare": null, "healthcare:speciality": null, "brand": null, "brand:wikidata": null, "brand:wikipedia": null, "short_name": null, "diet:halal": null, "branch": null, "email": null, "air_conditioning": null, "guest_house": null, "name:en": null, "addr:housename": null, "addr:province": null, "addr:unit": null, "addr:district": null, "addr:neighbourhood": null, "addr:subdistrict": null, "contact:instagram": null, "sport": null, "url": null, "old_name": null, "payment:cash": null, "payment:coins": null, "payment:ep_cash": null, "payment:visa": null, "payment:visa_debit": null, "building:roof": null, "building:structure": null, "building:walls": null, "access:roof": null, "hospital:type": null, "landuse": null, "height": null, "addr:street:sym_ul": null, "religion": null, "internet_access:ssid": null, "museum": null, "name:id": null, "wikimedia_commons": null, "school": null, "area": null, "tactile_paving": null, "wikidata": null, "since": null, "layer": null, "type": null, "path": "/home/perhanjay/Desktop/Semester 3/Pengantar Kecerdasan Artifisial /Tubes/balikpapan_pois.gpkg|layername=balikpapan_pois|geometrytype=Point" }, "geometry": { "type": "Point", "coordinates": [ 116.8361182, -1.2396613 ] } },
{ "type": "Feature", "properties": { "element": "node", "id": 11189979751.0, "amenity": null, "name": "The Point Hotel Balikpapan", "tourism": "hotel", "cuisine": null, "addr:city": "Balikpapan", "addr:postcode": "76114", "addr:street": "Jalan M.T. Haryono", "shop": null, "addr:housenumber": "Rt 24 no 63", "level": null, "smoking": null, "beds": null, "internet_access": "wlan", "internet_access:fee": "no", "operator": null, "rooms": null, "wheelchair": null, "stars": null, "opening_hours": null, "addr:full": null, "building": null, "building:levels": null, "capacity:persons": null, "operator:type": null, "school:type_idn": null, "website": null, "historic": null, "capacity": null, "delivery": null, "description": null, "outdoor_seating": null, "phone": "082260121899", "takeaway": null, "leisure": null, "emergency": null, "healthcare": null, "healthcare:speciality": null, "brand": null, "brand:wikidata": null, "brand:wikipedia": null, "short_name": null, "diet:halal": null, "branch": null, "email": null, "air_conditioning": null, "guest_house": null, "name:en": null, "addr:housename": null, "addr:province": null, "addr:unit": null, "addr:district": null, "addr:neighbourhood": null, "addr:subdistrict": null, "contact:instagram": null, "sport": null, "url": null, "old_name": null, "payment:cash": null, "payment:coins": null, "payment:ep_cash": null, "payment:visa": null, "payment:visa_debit": null, "building:roof": null, "building:structure": null, "building:walls": null, "access:roof": null, "hospital:type": null, "landuse": null, "height": null, "addr:street:sym_ul": null, "religion": null, "internet_access:ssid": null, "museum": null, "name:id": null, "wikimedia_commons": null, "school": null, "area": null, "tactile_paving": null, "wikidata": null, "since": null, "layer": null, "type": null, "path": "/home/perhanjay/Desktop/Semester 3/Pengantar Kecerdasan Artifisial /Tubes/balikpapan_pois.gpkg|layername=balikpapan_pois|geometrytype=Point" }, "geometry": { "type": "Point", "coordinates": [ 116.8577693, -1.2665264 ] } },
{ "type": "Feature", "properties": { "element": "node", "id": 11197695430.0, "amenity": null, "name": "Kost Afasha Penegak", "tourism": "hostel", "cuisine": null, "addr:city": "Balikpapan", "addr:postcode": "76114", "addr:street": "Jl. Penegak RT.08 No.42", "shop": null, "addr:housenumber": null, "level": null, "smoking": null, "beds": null, "internet_access": "no", "internet_access:fee": null, "operator": "Faridah Yusuf", "rooms": "5", "wheelchair": null, "stars": null, "opening_hours": null, "addr:full": null, "building": null, "building:levels": null, "capacity:persons": null, "operator:type": null, "school:type_idn": null, "website": "https://mamikos.com/room/kost-kota-balikpapan-kost-campur-murah-kost-afasha-i-balikpapan-selatan-balikpapan-2", "historic": null, "capacity": null, "delivery": null, "description": null, "outdoor_seating": null, "phone": "+6287715848535", "takeaway": null, "leisure": null, "emergency": null, "healthcare": null, "healthcare:speciality": null, "brand": null, "brand:wikidata": null, "brand:wikipedia": null, "short_name": null, "diet:halal": null, "branch": null, "email": null, "air_conditioning": null, "guest_house": "guest_house", "name:en": null, "addr:housename": null, "addr:province": null, "addr:unit": null, "addr:district": null, "addr:neighbourhood": null, "addr:subdistrict": null, "contact:instagram": null, "sport": null, "url": null, "old_name": null, "payment:cash": null, "payment:coins": null, "payment:ep_cash": null, "payment:visa": null, "payment:visa_debit": null, "building:roof": null, "building:structure": null, "building:walls": null, "access:roof": null, "hospital:type": null, "landuse": null, "height": null, "addr:street:sym_ul": null, "religion": null, "internet_access:ssid": null, "museum": null, "name:id": null, "wikimedia_commons": null, "school": null, "area": null, "tactile_paving": null, "wikidata": null, "since": null, "layer": null, "type": null, "path": "/home/perhanjay/Desktop/Semester 3/Pengantar Kecerdasan Artifisial /Tubes/balikpapan_pois.gpkg|layername=balikpapan_pois|geometrytype=Point" }, "geometry": { "type": "Point", "coordinates": [ 116.8629876, -1.2640819 ] } },
{ "type": "Feature", "properties": { "element": "node", "id": 11197707281.0, "amenity": null, "name": "Kost Naem Penegak", "tourism": "hostel", "cuisine": null, "addr:city": "Balikpapan", "addr:postcode": "76114", "addr:street": "Jl. Penegak 1 RT.07 No.52", "shop": null, "addr:housenumber": null, "level": null, "smoking": null, "beds": null, "internet_access": "wlan", "internet_access:fee": "customers", "operator": "Faridah Yusuf", "rooms": "3", "wheelchair": null, "stars": null, "opening_hours": null, "addr:full": null, "building": null, "building:levels": null, "capacity:persons": null, "operator:type": null, "school:type_idn": null, "website": "https://mamikos.com/room/kost-kota-balikpapan-kost-putra-murah-kost-naem-penegak-balikpapan-2", "historic": null, "capacity": null, "delivery": null, "description": null, "outdoor_seating": null, "phone": "+6282154461687", "takeaway": null, "leisure": null, "emergency": null, "healthcare": null, "healthcare:speciality": null, "brand": null, "brand:wikidata": null, "brand:wikipedia": null, "short_name": null, "diet:halal": null, "branch": null, "email": null, "air_conditioning": null, "guest_house": "guest_house", "name:en": null, "addr:housename": null, "addr:province": null, "addr:unit": null, "addr:district": null, "addr:neighbourhood": null, "addr:subdistrict": null, "contact:instagram": null, "sport": null, "url": null, "old_name": null, "payment:cash": null, "payment:coins": null, "payment:ep_cash": null, "payment:visa": null, "payment:visa_debit": null, "building:roof": null, "building:structure": null, "building:walls": null, "access:roof": null, "hospital:type": null, "landuse": null, "height": null, "addr:street:sym_ul": null, "religion": null, "internet_access:ssid": null, "museum": null, "name:id": null, "wikimedia_commons": null, "school": null, "area": null, "tactile_paving": null, "wikidata": null, "since": null, "layer": null, "type": null, "path": "/home/perhanjay/Desktop/Semester 3/Pengantar Kecerdasan Artifisial /Tubes/balikpapan_pois.gpkg|layername=balikpapan_pois|geometrytype=Point" }, "geometry": { "type": "Point", "coordinates": [ 116.8627366, -1.2625866 ] } },
{ "type": "Feature", "properties": { "element": "node", "id": 11710062569.0, "amenity": null, "name": null, "tourism": "hotel", "cuisine": null, "addr:city": null, "addr:postcode": null, "addr:street": null, "shop": null, "addr:housenumber": null, "level": null, "smoking": null, "beds": null, "internet_access": null, "internet_access:fee": null, "operator": null, "rooms": null, "wheelchair": null, "stars": null, "opening_hours": null, "addr:full": null, "building": null, "building:levels": null, "capacity:persons": null, "operator:type": null, "school:type_idn": null, "website": null, "historic": null, "capacity": null, "delivery": null, "description": null, "outdoor_seating": null, "phone": null, "takeaway": null, "leisure": null, "emergency": null, "healthcare": null, "healthcare:speciality": null, "brand": null, "brand:wikidata": null, "brand:wikipedia": null, "short_name": null, "diet:halal": null, "branch": null, "email": null, "air_conditioning": null, "guest_house": null, "name:en": "KoolKost Syariah near Taman Bekapai Balikpapan", "addr:housename": null, "addr:province": null, "addr:unit": null, "addr:district": null, "addr:neighbourhood": null, "addr:subdistrict": null, "contact:instagram": null, "sport": null, "url": null, "old_name": null, "payment:cash": null, "payment:coins": null, "payment:ep_cash": null, "payment:visa": null, "payment:visa_debit": null, "building:roof": null, "building:structure": null, "building:walls": null, "access:roof": null, "hospital:type": null, "landuse": null, "height": null, "addr:street:sym_ul": null, "religion": null, "internet_access:ssid": null, "museum": null, "name:id": null, "wikimedia_commons": null, "school": null, "area": null, "tactile_paving": null, "wikidata": null, "since": null, "layer": null, "type": null, "path": "/home/perhanjay/Desktop/Semester 3/Pengantar Kecerdasan Artifisial /Tubes/balikpapan_pois.gpkg|layername=balikpapan_pois|geometrytype=Point" }, "geometry": { "type": "Point", "coordinates": [ 116.8331402, -1.2762105 ] } },
{ "type": "Feature", "properties": { "element": "node", "id": 11927649124.0, "amenity": "restaurant", "name": "W-HaHa/ Kwetiau Medan", "tourism": null, "cuisine": "chinese;noodle;seafood", "addr:city": "Balikpapan", "addr:postcode": "76114", "addr:street": "Bppn Baru", "shop": null, "addr:housenumber": null, "level": null, "smoking": null, "beds": null, "internet_access": null, "internet_access:fee": null, "operator": null, "rooms": null, "wheelchair": null, "stars": null, "opening_hours": "Mo-Su 10:00-22:00", "addr:full": null, "building": null, "building:levels": null, "capacity:persons": null, "operator:type": null, "school:type_idn": null, "website": null, "historic": null, "capacity": null, "delivery": null, "description": null, "outdoor_seating": null, "phone": "+6285249903726", "takeaway": null, "leisure": null, "emergency": null, "healthcare": null, "healthcare:speciality": null, "brand": null, "brand:wikidata": null, "brand:wikipedia": null, "short_name": null, "diet:halal": "yes", "branch": null, "email": null, "air_conditioning": null, "guest_house": null, "name:en": null, "addr:housename": "Ruko Sentra Eropa II", "addr:province": "KALIMANTAN TIMUR", "addr:unit": "AB5 NO.11", "addr:district": null, "addr:neighbourhood": null, "addr:subdistrict": null, "contact:instagram": null, "sport": null, "url": null, "old_name": null, "payment:cash": null, "payment:coins": null, "payment:ep_cash": null, "payment:visa": null, "payment:visa_debit": null, "building:roof": null, "building:structure": null, "building:walls": null, "access:roof": null, "hospital:type": null, "landuse": null, "height": null, "addr:street:sym_ul": null, "religion": null, "internet_access:ssid": null, "museum": null, "name:id": null, "wikimedia_commons": null, "school": null, "area": null, "tactile_paving": null, "wikidata": null, "since": null, "layer": null, "type": null, "path": "/home/perhanjay/Desktop/Semester 3/Pengantar Kecerdasan Artifisial /Tubes/balikpapan_pois.gpkg|layername=balikpapan_pois|geometrytype=Point" }, "geometry": { "type": "Point", "coordinates": [ 116.8585155, -1.2449663 ] } },
{ "type": "Feature", "properties": { "element": "node", "id": 12049164450.0, "amenity": "hospital", "name": null, "tourism": null, "cuisine": null, "addr:city": "Balikpapan", "addr:postcode": null, "addr:street": null, "shop": null, "addr:housenumber": null, "level": null, "smoking": null, "beds": null, "internet_access": null, "internet_access:fee": null, "operator": null, "rooms": null, "wheelchair": null, "stars": null, "opening_hours": null, "addr:full": null, "building": null, "building:levels": null, "capacity:persons": null, "operator:type": null, "school:type_idn": null, "website": null, "historic": null, "capacity": null, "delivery": null, "description": null, "outdoor_seating": null, "phone": null, "takeaway": null, "leisure": null, "emergency": "no", "healthcare": "hospital", "healthcare:speciality": null, "brand": null, "brand:wikidata": null, "brand:wikipedia": null, "short_name": null, "diet:halal": null, "branch": null, "email": null, "air_conditioning": null, "guest_house": null, "name:en": null, "addr:housename": null, "addr:province": "East Borneo", "addr:unit": null, "addr:district": "Balikpapan Utara", "addr:neighbourhood": "M. T. Haryono", "addr:subdistrict": "Batu Ampar", "contact:instagram": null, "sport": null, "url": null, "old_name": null, "payment:cash": null, "payment:coins": null, "payment:ep_cash": null, "payment:visa": null, "payment:visa_debit": null, "building:roof": null, "building:structure": null, "building:walls": null, "access:roof": null, "hospital:type": null, "landuse": null, "height": null, "addr:street:sym_ul": null, "religion": null, "internet_access:ssid": null, "museum": null, "name:id": null, "wikimedia_commons": null, "school": null, "area": null, "tactile_paving": null, "wikidata": null, "since": null, "layer": null, "type": null, "path": "/home/perhanjay/Desktop/Semester 3/Pengantar Kecerdasan Artifisial /Tubes/balikpapan_pois.gpkg|layername=balikpapan_pois|geometrytype=Point" }, "geometry": { "type": "Point", "coordinates": [ 116.8683828, -1.2259501 ] } },
{ "type": "Feature", "properties": { "element": "node", "id": 12229152514.0, "amenity": "restaurant", "name": "Mantau Fya Klandasan", "tourism": null, "cuisine": "asian", "addr:city": null, "addr:postcode": null, "addr:street": null, "shop": null, "addr:housenumber": null, "level": null, "smoking": null, "beds": null, "internet_access": null, "internet_access:fee": null, "operator": null, "rooms": null, "wheelchair": null, "stars": null, "opening_hours": null, "addr:full": null, "building": null, "building:levels": null, "capacity:persons": null, "operator:type": null, "school:type_idn": null, "website": null, "historic": null, "capacity": null, "delivery": null, "description": null, "outdoor_seating": null, "phone": null, "takeaway": null, "leisure": null, "emergency": null, "healthcare": null, "healthcare:speciality": null, "brand": null, "brand:wikidata": null, "brand:wikipedia": null, "short_name": null, "diet:halal": "yes", "branch": null, "email": null, "air_conditioning": null, "guest_house": null, "name:en": null, "addr:housename": null, "addr:province": null, "addr:unit": null, "addr:district": null, "addr:neighbourhood": null, "addr:subdistrict": null, "contact:instagram": null, "sport": null, "url": null, "old_name": null, "payment:cash": null, "payment:coins": null, "payment:ep_cash": null, "payment:visa": null, "payment:visa_debit": null, "building:roof": null, "building:structure": null, "building:walls": null, "access:roof": null, "hospital:type": null, "landuse": null, "height": null, "addr:street:sym_ul": null, "religion": null, "internet_access:ssid": null, "museum": null, "name:id": null, "wikimedia_commons": null, "school": null, "area": null, "tactile_paving": null, "wikidata": null, "since": null, "layer": null, "type": null, "path": "/home/perhanjay/Desktop/Semester 3/Pengantar Kecerdasan Artifisial /Tubes/balikpapan_pois.gpkg|layername=balikpapan_pois|geometrytype=Point" }, "geometry": { "type": "Point", "coordinates": [ 116.8332118, -1.276663 ] } },
{ "type": "Feature", "properties": { "element": "node", "id": 12422075301.0, "amenity": null, "name": "Kamar Kost Bougenville", "tourism": "motel", "cuisine": null, "addr:city": null, "addr:postcode": null, "addr:street": null, "shop": null, "addr:housenumber": "08125809897", "level": null, "smoking": null, "beds": null, "internet_access": null, "internet_access:fee": null, "operator": null, "rooms": null, "wheelchair": null, "stars": null, "opening_hours": null, "addr:full": null, "building": null, "building:levels": null, "capacity:persons": null, "operator:type": null, "school:type_idn": null, "website": null, "historic": null, "capacity": null, "delivery": null, "description": null, "outdoor_seating": null, "phone": "081346379813", "takeaway": null, "leisure": null, "emergency": null, "healthcare": null, "healthcare:speciality": null, "brand": null, "brand:wikidata": null, "brand:wikipedia": null, "short_name": null, "diet:halal": null, "branch": null, "email": null, "air_conditioning": null, "guest_house": null, "name:en": null, "addr:housename": null, "addr:province": null, "addr:unit": null, "addr:district": null, "addr:neighbourhood": null, "addr:subdistrict": null, "contact:instagram": null, "sport": null, "url": null, "old_name": null, "payment:cash": null, "payment:coins": null, "payment:ep_cash": null, "payment:visa": null, "payment:visa_debit": null, "building:roof": null, "building:structure": null, "building:walls": null, "access:roof": null, "hospital:type": null, "landuse": null, "height": null, "addr:street:sym_ul": null, "religion": null, "internet_access:ssid": null, "museum": null, "name:id": null, "wikimedia_commons": null, "school": null, "area": null, "tactile_paving": null, "wikidata": null, "since": null, "layer": null, "type": null, "path": "/home/perhanjay/Desktop/Semester 3/Pengantar Kecerdasan Artifisial /Tubes/balikpapan_pois.gpkg|layername=balikpapan_pois|geometrytype=Point" }, "geometry": { "type": "Point", "coordinates": [ 116.8567538, -1.2624967 ] } },
{ "type": "Feature", "properties": { "element": "node", "id": 12422094901.0, "amenity": null, "name": "Kosan 1", "tourism": "motel", "cuisine": null, "addr:city": null, "addr:postcode": null, "addr:street": null, "shop": null, "addr:housenumber": null, "level": null, "smoking": null, "beds": null, "internet_access": null, "internet_access:fee": null, "operator": null, "rooms": null, "wheelchair": null, "stars": null, "opening_hours": null, "addr:full": null, "building": null, "building:levels": null, "capacity:persons": null, "operator:type": null, "school:type_idn": null, "website": null, "historic": null, "capacity": null, "delivery": null, "description": null, "outdoor_seating": null, "phone": "081347710155", "takeaway": null, "leisure": null, "emergency": null, "healthcare": null, "healthcare:speciality": null, "brand": null, "brand:wikidata": null, "brand:wikipedia": null, "short_name": null, "diet:halal": null, "branch": null, "email": null, "air_conditioning": null, "guest_house": null, "name:en": null, "addr:housename": null, "addr:province": null, "addr:unit": null, "addr:district": null, "addr:neighbourhood": null, "addr:subdistrict": null, "contact:instagram": null, "sport": null, "url": null, "old_name": null, "payment:cash": null, "payment:coins": null, "payment:ep_cash": null, "payment:visa": null, "payment:visa_debit": null, "building:roof": null, "building:structure": null, "building:walls": null, "access:roof": null, "hospital:type": null, "landuse": null, "height": null, "addr:street:sym_ul": null, "religion": null, "internet_access:ssid": null, "museum": null, "name:id": null, "wikimedia_commons": null, "school": null, "area": null, "tactile_paving": null, "wikidata": null, "since": null, "layer": null, "type": null, "path": "/home/perhanjay/Desktop/Semester 3/Pengantar Kecerdasan Artifisial /Tubes/balikpapan_pois.gpkg|layername=balikpapan_pois|geometrytype=Point" }, "geometry": { "type": "Point", "coordinates": [ 116.8472631, -1.2661675 ] } },
{ "type": "Feature", "properties": { "element": "node", "id": 12422095201.0, "amenity": null, "name": "Kos-Kosan", "tourism": "motel", "cuisine": null, "addr:city": null, "addr:postcode": null, "addr:street": "Jalan Jandam", "shop": null, "addr:housenumber": null, "level": null, "smoking": null, "beds": null, "internet_access": null, "internet_access:fee": null, "operator": null, "rooms": null, "wheelchair": null, "stars": null, "opening_hours": null, "addr:full": null, "building": null, "building:levels": null, "capacity:persons": null, "operator:type": null, "school:type_idn": null, "website": null, "historic": null, "capacity": null, "delivery": null, "description": null, "outdoor_seating": null, "phone": null, "takeaway": null, "leisure": null, "emergency": null, "healthcare": null, "healthcare:speciality": null, "brand": null, "brand:wikidata": null, "brand:wikipedia": null, "short_name": null, "diet:halal": null, "branch": null, "email": null, "air_conditioning": null, "guest_house": null, "name:en": null, "addr:housename": null, "addr:province": null, "addr:unit": null, "addr:district": null, "addr:neighbourhood": null, "addr:subdistrict": null, "contact:instagram": null, "sport": null, "url": null, "old_name": null, "payment:cash": null, "payment:coins": null, "payment:ep_cash": null, "payment:visa": null, "payment:visa_debit": null, "building:roof": null, "building:structure": null, "building:walls": null, "access:roof": null, "hospital:type": null, "landuse": null, "height": null, "addr:street:sym_ul": null, "religion": null, "internet_access:ssid": null, "museum": null, "name:id": null, "wikimedia_commons": null, "school": null, "area": null, "tactile_paving": null, "wikidata": null, "since": null, "layer": null, "type": null, "path": "/home/perhanjay/Desktop/Semester 3/Pengantar Kecerdasan Artifisial /Tubes/balikpapan_pois.gpkg|layername=balikpapan_pois|geometrytype=Point" }, "geometry": { "type": "Point", "coordinates": [ 116.8469703, -1.2663284 ] } },
{ "type": "Feature", "properties": { "element": "node", "id": 12447032601.0, "amenity": null, "name": "KOs-Kosan Punai 1", "tourism": "motel", "cuisine": null, "addr:city": null, "addr:postcode": null, "addr:street": "Jalan Punai 3", "shop": null, "addr:housenumber": "087949281027", "level": null, "smoking": null, "beds": null, "internet_access": null, "internet_access:fee": null, "operator": null, "rooms": null, "wheelchair": null, "stars": null, "opening_hours": null, "addr:full": null, "building": null, "building:levels": null, "capacity:persons": null, "operator:type": null, "school:type_idn": null, "website": null, "historic": null, "capacity": null, "delivery": null, "description": null, "outdoor_seating": null, "phone": "087781492755", "takeaway": null, "leisure": null, "emergency": null, "healthcare": null, "healthcare:speciality": null, "brand": null, "brand:wikidata": null, "brand:wikipedia": null, "short_name": null, "diet:halal": null, "branch": null, "email": null, "air_conditioning": null, "guest_house": null, "name:en": null, "addr:housename": null, "addr:province": null, "addr:unit": null, "addr:district": null, "addr:neighbourhood": null, "addr:subdistrict": null, "contact:instagram": null, "sport": null, "url": null, "old_name": null, "payment:cash": null, "payment:coins": null, "payment:ep_cash": null, "payment:visa": null, "payment:visa_debit": null, "building:roof": null, "building:structure": null, "building:walls": null, "access:roof": null, "hospital:type": null, "landuse": null, "height": null, "addr:street:sym_ul": null, "religion": null, "internet_access:ssid": null, "museum": null, "name:id": null, "wikimedia_commons": null, "school": null, "area": null, "tactile_paving": null, "wikidata": null, "since": null, "layer": null, "type": null, "path": "/home/perhanjay/Desktop/Semester 3/Pengantar Kecerdasan Artifisial /Tubes/balikpapan_pois.gpkg|layername=balikpapan_pois|geometrytype=Point" }, "geometry": { "type": "Point", "coordinates": [ 116.8857492, -1.243205 ] } },
{ "type": "Feature", "properties": { "element": "node", "id": 13115231501.0, "amenity": "cafe", "name": "Sebar Kopi", "tourism": null, "cuisine": null, "addr:city": null, "addr:postcode": "76126", "addr:street": "Jalan Abdul Wahab Syahranie", "shop": null, "addr:housenumber": null, "level": null, "smoking": null, "beds": null, "internet_access": "wlan", "internet_access:fee": null, "operator": null, "rooms": null, "wheelchair": null, "stars": null, "opening_hours": null, "addr:full": null, "building": null, "building:levels": null, "capacity:persons": null, "operator:type": null, "school:type_idn": null, "website": null, "historic": null, "capacity": null, "delivery": null, "description": null, "outdoor_seating": null, "phone": null, "takeaway": null, "leisure": null, "emergency": null, "healthcare": null, "healthcare:speciality": null, "brand": null, "brand:wikidata": null, "brand:wikipedia": null, "short_name": null, "diet:halal": null, "branch": null, "email": null, "air_conditioning": null, "guest_house": null, "name:en": null, "addr:housename": null, "addr:province": null, "addr:unit": null, "addr:district": null, "addr:neighbourhood": null, "addr:subdistrict": null, "contact:instagram": "sebar.kopi", "sport": null, "url": null, "old_name": null, "payment:cash": null, "payment:coins": null, "payment:ep_cash": null, "payment:visa": null, "payment:visa_debit": null, "building:roof": null, "building:structure": null, "building:walls": null, "access:roof": null, "hospital:type": null, "landuse": null, "height": null, "addr:street:sym_ul": null, "religion": null, "internet_access:ssid": null, "museum": null, "name:id": null, "wikimedia_commons": null, "school": null, "area": null, "tactile_paving": null, "wikidata": null, "since": null, "layer": null, "type": null, "path": "/home/perhanjay/Desktop/Semester 3/Pengantar Kecerdasan Artifisial /Tubes/balikpapan_pois.gpkg|layername=balikpapan_pois|geometrytype=Point" }, "geometry": { "type": "Point", "coordinates": [ 116.8444061, -1.2190969 ] } },
{ "type": "Feature", "properties": { "element": "node", "id": 13115233301.0, "amenity": "cafe", "name": "Sebar Kopi", "tourism": null, "cuisine": null, "addr:city": null, "addr:postcode": null, "addr:street": "Jalan Abdul Wahab Syahranie", "shop": null, "addr:housenumber": null, "level": null, "smoking": null, "beds": null, "internet_access": null, "internet_access:fee": null, "operator": null, "rooms": null, "wheelchair": null, "stars": null, "opening_hours": "Mo-Su 09:00-23:00", "addr:full": null, "building": null, "building:levels": null, "capacity:persons": null, "operator:type": null, "school:type_idn": null, "website": null, "historic": null, "capacity": null, "delivery": null, "description": null, "outdoor_seating": null, "phone": null, "takeaway": null, "leisure": null, "emergency": null, "healthcare": null, "healthcare:speciality": null, "brand": null, "brand:wikidata": null, "brand:wikipedia": null, "short_name": null, "diet:halal": null, "branch": null, "email": null, "air_conditioning": null, "guest_house": null, "name:en": null, "addr:housename": null, "addr:province": null, "addr:unit": null, "addr:district": null, "addr:neighbourhood": null, "addr:subdistrict": null, "contact:instagram": null, "sport": null, "url": null, "old_name": null, "payment:cash": null, "payment:coins": null, "payment:ep_cash": null, "payment:visa": null, "payment:visa_debit": null, "building:roof": null, "building:structure": null, "building:walls": null, "access:roof": null, "hospital:type": null, "landuse": null, "height": null, "addr:street:sym_ul": null, "religion": null, "internet_access:ssid": null, "museum": null, "name:id": null, "wikimedia_commons": null, "school": null, "area": null, "tactile_paving": null, "wikidata": null, "since": null, "layer": null, "type": null, "path": "/home/perhanjay/Desktop/Semester 3/Pengantar Kecerdasan Artifisial /Tubes/balikpapan_pois.gpkg|layername=balikpapan_pois|geometrytype=Point" }, "geometry": { "type": "Point", "coordinates": [ 116.8444061, -1.2190969 ] } },
{ "type": "Feature", "properties": { "element": "node", "id": 13234075067.0, "amenity": null, "name": "Camping Ground", "tourism": "camp_site", "cuisine": null, "addr:city": null, "addr:postcode": null, "addr:street": null, "shop": null, "addr:housenumber": null, "level": null, "smoking": null, "beds": null, "internet_access": null, "internet_access:fee": null, "operator": null, "rooms": null, "wheelchair": null, "stars": null, "opening_hours": null, "addr:full": null, "building": null, "building:levels": null, "capacity:persons": null, "operator:type": null, "school:type_idn": null, "website": null, "historic": null, "capacity": null, "delivery": null, "description": null, "outdoor_seating": null, "phone": null, "takeaway": null, "leisure": null, "emergency": null, "healthcare": null, "healthcare:speciality": null, "brand": null, "brand:wikidata": null, "brand:wikipedia": null, "short_name": null, "diet:halal": null, "branch": null, "email": null, "air_conditioning": null, "guest_house": null, "name:en": null, "addr:housename": null, "addr:province": null, "addr:unit": null, "addr:district": null, "addr:neighbourhood": null, "addr:subdistrict": null, "contact:instagram": null, "sport": null, "url": null, "old_name": null, "payment:cash": null, "payment:coins": null, "payment:ep_cash": null, "payment:visa": null, "payment:visa_debit": null, "building:roof": null, "building:structure": null, "building:walls": null, "access:roof": null, "hospital:type": null, "landuse": null, "height": null, "addr:street:sym_ul": null, "religion": null, "internet_access:ssid": null, "museum": null, "name:id": null, "wikimedia_commons": null, "school": null, "area": null, "tactile_paving": null, "wikidata": null, "since": null, "layer": null, "type": null, "path": "/home/perhanjay/Desktop/Semester 3/Pengantar Kecerdasan Artifisial /Tubes/balikpapan_pois.gpkg|layername=balikpapan_pois|geometrytype=Point" }, "geometry": { "type": "Point", "coordinates": [ 116.8547662, -1.132839 ] } },
{ "type": "Feature", "properties": { "element": "node", "id": 13234075069.0, "amenity": null, "name": "Camping Ground", "tourism": "camp_site", "cuisine": null, "addr:city": null, "addr:postcode": null, "addr:street": null, "shop": null, "addr:housenumber": null, "level": null, "smoking": null, "beds": null, "internet_access": null, "internet_access:fee": null, "operator": null, "rooms": null, "wheelchair": null, "stars": null, "opening_hours": null, "addr:full": null, "building": null, "building:levels": null, "capacity:persons": null, "operator:type": null, "school:type_idn": null, "website": null, "historic": null, "capacity": null, "delivery": null, "description": null, "outdoor_seating": null, "phone": null, "takeaway": null, "leisure": null, "emergency": null, "healthcare": null, "healthcare:speciality": null, "brand": null, "brand:wikidata": null, "brand:wikipedia": null, "short_name": null, "diet:halal": null, "branch": null, "email": null, "air_conditioning": null, "guest_house": null, "name:en": null, "addr:housename": null, "addr:province": null, "addr:unit": null, "addr:district": null, "addr:neighbourhood": null, "addr:subdistrict": null, "contact:instagram": null, "sport": null, "url": null, "old_name": null, "payment:cash": null, "payment:coins": null, "payment:ep_cash": null, "payment:visa": null, "payment:visa_debit": null, "building:roof": null, "building:structure": null, "building:walls": null, "access:roof": null, "hospital:type": null, "landuse": null, "height": null, "addr:street:sym_ul": null, "religion": null, "internet_access:ssid": null, "museum": null, "name:id": null, "wikimedia_commons": null, "school": null, "area": null, "tactile_paving": null, "wikidata": null, "since": null, "layer": null, "type": null, "path": "/home/perhanjay/Desktop/Semester 3/Pengantar Kecerdasan Artifisial /Tubes/balikpapan_pois.gpkg|layername=balikpapan_pois|geometrytype=Point" }, "geometry": { "type": "Point", "coordinates": [ 116.8523709, -1.1357526 ] } },
{ "type": "Feature", "properties": { "element": "relation", "id": 10324222.0, "amenity": null, "name": "Swiss-Bell Hotel", "tourism": "hotel", "cuisine": null, "addr:city": null, "addr:postcode": null, "addr:street": null, "shop": null, "addr:housenumber": null, "level": null, "smoking": null, "beds": null, "internet_access": null, "internet_access:fee": null, "operator": null, "rooms": null, "wheelchair": null, "stars": null, "opening_hours": null, "addr:full": null, "building": "yes", "building:levels": null, "capacity:persons": null, "operator:type": null, "school:type_idn": null, "website": null, "historic": null, "capacity": null, "delivery": null, "description": null, "outdoor_seating": null, "phone": null, "takeaway": null, "leisure": null, "emergency": null, "healthcare": null, "healthcare:speciality": null, "brand": null, "brand:wikidata": null, "brand:wikipedia": null, "short_name": null, "diet:halal": null, "branch": null, "email": null, "air_conditioning": null, "guest_house": null, "name:en": null, "addr:housename": null, "addr:province": null, "addr:unit": null, "addr:district": null, "addr:neighbourhood": null, "addr:subdistrict": null, "contact:instagram": null, "sport": null, "url": null, "old_name": null, "payment:cash": null, "payment:coins": null, "payment:ep_cash": null, "payment:visa": null, "payment:visa_debit": null, "building:roof": null, "building:structure": null, "building:walls": null, "access:roof": null, "hospital:type": null, "landuse": null, "height": null, "addr:street:sym_ul": null, "religion": null, "internet_access:ssid": null, "museum": null, "name:id": null, "wikimedia_commons": null, "school": null, "area": null, "tactile_paving": null, "wikidata": null, "since": null, "layer": null, "type": "multipolygon", "path": "/home/perhanjay/QGIS/balikpapan_pois_pol_poi.gpkg" }, "geometry": { "type": "Point", "coordinates": [ 116.840964081633018, -1.278542334284477 ] } },
{ "type": "Feature", "properties": { "element": "relation", "id": 17290327.0, "amenity": null, "name": "Kebun Raya Sungai Wain", "tourism": "theme_park", "cuisine": null, "addr:city": null, "addr:postcode": null, "addr:street": null, "shop": null, "addr:housenumber": null, "level": null, "smoking": null, "beds": null, "internet_access": null, "internet_access:fee": null, "operator": null, "rooms": null, "wheelchair": null, "stars": null, "opening_hours": null, "addr:full": null, "building": null, "building:levels": null, "capacity:persons": null, "operator:type": null, "school:type_idn": null, "website": null, "historic": null, "capacity": null, "delivery": null, "description": null, "outdoor_seating": null, "phone": null, "takeaway": null, "leisure": null, "emergency": null, "healthcare": null, "healthcare:speciality": null, "brand": null, "brand:wikidata": null, "brand:wikipedia": null, "short_name": null, "diet:halal": null, "branch": null, "email": null, "air_conditioning": null, "guest_house": null, "name:en": null, "addr:housename": null, "addr:province": null, "addr:unit": null, "addr:district": null, "addr:neighbourhood": null, "addr:subdistrict": null, "contact:instagram": null, "sport": null, "url": null, "old_name": null, "payment:cash": null, "payment:coins": null, "payment:ep_cash": null, "payment:visa": null, "payment:visa_debit": null, "building:roof": null, "building:structure": null, "building:walls": null, "access:roof": null, "hospital:type": null, "landuse": null, "height": null, "addr:street:sym_ul": null, "religion": null, "internet_access:ssid": null, "museum": null, "name:id": null, "wikimedia_commons": null, "school": null, "area": null, "tactile_paving": null, "wikidata": null, "since": null, "layer": null, "type": "multipolygon", "path": "/home/perhanjay/QGIS/balikpapan_pois_pol_poi.gpkg" }, "geometry": { "type": "Point", "coordinates": [ 116.855354995064118, -1.135087337722118 ] } },
{ "type": "Feature", "properties": { "element": "way", "id": 134194404.0, "amenity": null, "name": "Lapangan Merdeka I", "tourism": null, "cuisine": null, "addr:city": null, "addr:postcode": null, "addr:street": null, "shop": null, "addr:housenumber": null, "level": null, "smoking": null, "beds": null, "internet_access": null, "internet_access:fee": null, "operator": null, "rooms": null, "wheelchair": null, "stars": null, "opening_hours": null, "addr:full": null, "building": null, "building:levels": null, "capacity:persons": null, "operator:type": null, "school:type_idn": null, "website": null, "historic": null, "capacity": null, "delivery": null, "description": null, "outdoor_seating": null, "phone": null, "takeaway": null, "leisure": "park", "emergency": null, "healthcare": null, "healthcare:speciality": null, "brand": null, "brand:wikidata": null, "brand:wikipedia": null, "short_name": null, "diet:halal": null, "branch": null, "email": null, "air_conditioning": null, "guest_house": null, "name:en": null, "addr:housename": null, "addr:province": null, "addr:unit": null, "addr:district": null, "addr:neighbourhood": null, "addr:subdistrict": null, "contact:instagram": null, "sport": null, "url": null, "old_name": null, "payment:cash": null, "payment:coins": null, "payment:ep_cash": null, "payment:visa": null, "payment:visa_debit": null, "building:roof": null, "building:structure": null, "building:walls": null, "access:roof": null, "hospital:type": null, "landuse": null, "height": null, "addr:street:sym_ul": null, "religion": null, "internet_access:ssid": null, "museum": null, "name:id": null, "wikimedia_commons": null, "school": null, "area": null, "tactile_paving": null, "wikidata": null, "since": null, "layer": null, "type": null, "path": "/home/perhanjay/QGIS/balikpapan_pois_pol_poi.gpkg" }, "geometry": { "type": "Point", "coordinates": [ 116.816018772039101, -1.279352416441086 ] } },
{ "type": "Feature", "properties": { "element": "way", "id": 134194405.0, "amenity": null, "name": "Lapangan Merdeka II", "tourism": null, "cuisine": null, "addr:city": null, "addr:postcode": null, "addr:street": null, "shop": null, "addr:housenumber": null, "level": null, "smoking": null, "beds": null, "internet_access": null, "internet_access:fee": null, "operator": null, "rooms": null, "wheelchair": null, "stars": null, "opening_hours": null, "addr:full": null, "building": null, "building:levels": null, "capacity:persons": null, "operator:type": null, "school:type_idn": null, "website": null, "historic": null, "capacity": null, "delivery": null, "description": null, "outdoor_seating": null, "phone": null, "takeaway": null, "leisure": "park", "emergency": null, "healthcare": null, "healthcare:speciality": null, "brand": null, "brand:wikidata": null, "brand:wikipedia": null, "short_name": null, "diet:halal": null, "branch": null, "email": null, "air_conditioning": null, "guest_house": null, "name:en": null, "addr:housename": null, "addr:province": null, "addr:unit": null, "addr:district": null, "addr:neighbourhood": null, "addr:subdistrict": null, "contact:instagram": null, "sport": null, "url": null, "old_name": null, "payment:cash": null, "payment:coins": null, "payment:ep_cash": null, "payment:visa": null, "payment:visa_debit": null, "building:roof": null, "building:structure": null, "building:walls": null, "access:roof": null, "hospital:type": null, "landuse": null, "height": null, "addr:street:sym_ul": null, "religion": null, "internet_access:ssid": null, "museum": null, "name:id": null, "wikimedia_commons": null, "school": null, "area": null, "tactile_paving": null, "wikidata": null, "since": null, "layer": null, "type": null, "path": "/home/perhanjay/QGIS/balikpapan_pois_pol_poi.gpkg" }, "geometry": { "type": "Point", "coordinates": [ 116.814608653155631, -1.279609546107908 ] } },
{ "type": "Feature", "properties": { "element": "way", "id": 134194406.0, "amenity": null, "name": "Lapangan Merdeka III", "tourism": null, "cuisine": null, "addr:city": null, "addr:postcode": null, "addr:street": null, "shop": null, "addr:housenumber": null, "level": null, "smoking": null, "beds": null, "internet_access": null, "internet_access:fee": null, "operator": null, "rooms": null, "wheelchair": null, "stars": null, "opening_hours": null, "addr:full": null, "building": null, "building:levels": null, "capacity:persons": null, "operator:type": null, "school:type_idn": null, "website": null, "historic": null, "capacity": null, "delivery": null, "description": null, "outdoor_seating": null, "phone": null, "takeaway": null, "leisure": "park", "emergency": null, "healthcare": null, "healthcare:speciality": null, "brand": null, "brand:wikidata": null, "brand:wikipedia": null, "short_name": null, "diet:halal": null, "branch": null, "email": null, "air_conditioning": null, "guest_house": null, "name:en": null, "addr:housename": null, "addr:province": null, "addr:unit": null, "addr:district": null, "addr:neighbourhood": null, "addr:subdistrict": null, "contact:instagram": null, "sport": "football", "url": null, "old_name": null, "payment:cash": null, "payment:coins": null, "payment:ep_cash": null, "payment:visa": null, "payment:visa_debit": null, "building:roof": null, "building:structure": null, "building:walls": null, "access:roof": null, "hospital:type": null, "landuse": null, "height": null, "addr:street:sym_ul": null, "religion": null, "internet_access:ssid": null, "museum": null, "name:id": null, "wikimedia_commons": null, "school": null, "area": null, "tactile_paving": null, "wikidata": null, "since": null, "layer": null, "type": null, "path": "/home/perhanjay/QGIS/balikpapan_pois_pol_poi.gpkg" }, "geometry": { "type": "Point", "coordinates": [ 116.81306153866332, -1.279926255170746 ] } },
{ "type": "Feature", "properties": { "element": "way", "id": 338580005.0, "amenity": null, "name": null, "tourism": null, "cuisine": null, "addr:city": null, "addr:postcode": null, "addr:street": null, "shop": null, "addr:housenumber": null, "level": null, "smoking": null, "beds": null, "internet_access": null, "internet_access:fee": null, "operator": null, "rooms": null, "wheelchair": null, "stars": null, "opening_hours": null, "addr:full": null, "building": null, "building:levels": null, "capacity:persons": null, "operator:type": null, "school:type_idn": null, "website": null, "historic": null, "capacity": null, "delivery": null, "description": null, "outdoor_seating": null, "phone": null, "takeaway": null, "leisure": "park", "emergency": null, "healthcare": null, "healthcare:speciality": null, "brand": null, "brand:wikidata": null, "brand:wikipedia": null, "short_name": null, "diet:halal": null, "branch": null, "email": null, "air_conditioning": null, "guest_house": null, "name:en": null, "addr:housename": null, "addr:province": null, "addr:unit": null, "addr:district": null, "addr:neighbourhood": null, "addr:subdistrict": null, "contact:instagram": null, "sport": null, "url": null, "old_name": null, "payment:cash": null, "payment:coins": null, "payment:ep_cash": null, "payment:visa": null, "payment:visa_debit": null, "building:roof": null, "building:structure": null, "building:walls": null, "access:roof": null, "hospital:type": null, "landuse": null, "height": null, "addr:street:sym_ul": null, "religion": null, "internet_access:ssid": null, "museum": null, "name:id": null, "wikimedia_commons": null, "school": null, "area": null, "tactile_paving": null, "wikidata": null, "since": null, "layer": null, "type": null, "path": "/home/perhanjay/QGIS/balikpapan_pois_pol_poi.gpkg" }, "geometry": { "type": "Point", "coordinates": [ 116.86074415, -1.2127044 ] } },
{ "type": "Feature", "properties": { "element": "way", "id": 338585390.0, "amenity": null, "name": null, "tourism": null, "cuisine": null, "addr:city": null, "addr:postcode": null, "addr:street": null, "shop": null, "addr:housenumber": null, "level": null, "smoking": null, "beds": null, "internet_access": null, "internet_access:fee": null, "operator": null, "rooms": null, "wheelchair": null, "stars": null, "opening_hours": null, "addr:full": null, "building": null, "building:levels": null, "capacity:persons": null, "operator:type": null, "school:type_idn": null, "website": null, "historic": null, "capacity": null, "delivery": null, "description": null, "outdoor_seating": null, "phone": null, "takeaway": null, "leisure": "park", "emergency": null, "healthcare": null, "healthcare:speciality": null, "brand": null, "brand:wikidata": null, "brand:wikipedia": null, "short_name": null, "diet:halal": null, "branch": null, "email": null, "air_conditioning": null, "guest_house": null, "name:en": null, "addr:housename": null, "addr:province": null, "addr:unit": null, "addr:district": null, "addr:neighbourhood": null, "addr:subdistrict": null, "contact:instagram": null, "sport": null, "url": null, "old_name": null, "payment:cash": null, "payment:coins": null, "payment:ep_cash": null, "payment:visa": null, "payment:visa_debit": null, "building:roof": null, "building:structure": null, "building:walls": null, "access:roof": null, "hospital:type": null, "landuse": null, "height": null, "addr:street:sym_ul": null, "religion": null, "internet_access:ssid": null, "museum": null, "name:id": null, "wikimedia_commons": null, "school": null, "area": null, "tactile_paving": null, "wikidata": null, "since": null, "layer": null, "type": null, "path": "/home/perhanjay/QGIS/balikpapan_pois_pol_poi.gpkg" }, "geometry": { "type": "Point", "coordinates": [ 116.862569938168079, -1.216048315868003 ] } },
{ "type": "Feature", "properties": { "element": "way", "id": 338585391.0, "amenity": null, "name": null, "tourism": null, "cuisine": null, "addr:city": null, "addr:postcode": null, "addr:street": null, "shop": null, "addr:housenumber": null, "level": null, "smoking": null, "beds": null, "internet_access": null, "internet_access:fee": null, "operator": null, "rooms": null, "wheelchair": null, "stars": null, "opening_hours": null, "addr:full": null, "building": null, "building:levels": null, "capacity:persons": null, "operator:type": null, "school:type_idn": null, "website": null, "historic": null, "capacity": null, "delivery": null, "description": null, "outdoor_seating": null, "phone": null, "takeaway": null, "leisure": "park", "emergency": null, "healthcare": null, "healthcare:speciality": null, "brand": null, "brand:wikidata": null, "brand:wikipedia": null, "short_name": null, "diet:halal": null, "branch": null, "email": null, "air_conditioning": null, "guest_house": null, "name:en": null, "addr:housename": null, "addr:province": null, "addr:unit": null, "addr:district": null, "addr:neighbourhood": null, "addr:subdistrict": null, "contact:instagram": null, "sport": null, "url": null, "old_name": null, "payment:cash": null, "payment:coins": null, "payment:ep_cash": null, "payment:visa": null, "payment:visa_debit": null, "building:roof": null, "building:structure": null, "building:walls": null, "access:roof": null, "hospital:type": null, "landuse": null, "height": null, "addr:street:sym_ul": null, "religion": null, "internet_access:ssid": null, "museum": null, "name:id": null, "wikimedia_commons": null, "school": null, "area": null, "tactile_paving": null, "wikidata": null, "since": null, "layer": null, "type": null, "path": "/home/perhanjay/QGIS/balikpapan_pois_pol_poi.gpkg" }, "geometry": { "type": "Point", "coordinates": [ 116.863057803492197, -1.21590293487627 ] } },
{ "type": "Feature", "properties": { "element": "way", "id": 338624290.0, "amenity": null, "name": null, "tourism": null, "cuisine": null, "addr:city": null, "addr:postcode": null, "addr:street": null, "shop": null, "addr:housenumber": null, "level": null, "smoking": null, "beds": null, "internet_access": null, "internet_access:fee": null, "operator": null, "rooms": null, "wheelchair": null, "stars": null, "opening_hours": null, "addr:full": null, "building": null, "building:levels": null, "capacity:persons": null, "operator:type": null, "school:type_idn": null, "website": null, "historic": null, "capacity": null, "delivery": null, "description": null, "outdoor_seating": null, "phone": null, "takeaway": null, "leisure": "park", "emergency": null, "healthcare": null, "healthcare:speciality": null, "brand": null, "brand:wikidata": null, "brand:wikipedia": null, "short_name": null, "diet:halal": null, "branch": null, "email": null, "air_conditioning": null, "guest_house": null, "name:en": null, "addr:housename": null, "addr:province": null, "addr:unit": null, "addr:district": null, "addr:neighbourhood": null, "addr:subdistrict": null, "contact:instagram": null, "sport": null, "url": null, "old_name": null, "payment:cash": null, "payment:coins": null, "payment:ep_cash": null, "payment:visa": null, "payment:visa_debit": null, "building:roof": null, "building:structure": null, "building:walls": null, "access:roof": null, "hospital:type": null, "landuse": null, "height": null, "addr:street:sym_ul": null, "religion": null, "internet_access:ssid": null, "museum": null, "name:id": null, "wikimedia_commons": null, "school": null, "area": null, "tactile_paving": null, "wikidata": null, "since": null, "layer": null, "type": null, "path": "/home/perhanjay/QGIS/balikpapan_pois_pol_poi.gpkg" }, "geometry": { "type": "Point", "coordinates": [ 116.859672800599668, -1.216813513326679 ] } },
{ "type": "Feature", "properties": { "element": "way", "id": 338625839.0, "amenity": null, "name": null, "tourism": null, "cuisine": null, "addr:city": null, "addr:postcode": null, "addr:street": null, "shop": null, "addr:housenumber": null, "level": null, "smoking": null, "beds": null, "internet_access": null, "internet_access:fee": null, "operator": null, "rooms": null, "wheelchair": null, "stars": null, "opening_hours": null, "addr:full": null, "building": null, "building:levels": null, "capacity:persons": null, "operator:type": null, "school:type_idn": null, "website": null, "historic": null, "capacity": null, "delivery": null, "description": null, "outdoor_seating": null, "phone": null, "takeaway": null, "leisure": "park", "emergency": null, "healthcare": null, "healthcare:speciality": null, "brand": null, "brand:wikidata": null, "brand:wikipedia": null, "short_name": null, "diet:halal": null, "branch": null, "email": null, "air_conditioning": null, "guest_house": null, "name:en": null, "addr:housename": null, "addr:province": null, "addr:unit": null, "addr:district": null, "addr:neighbourhood": null, "addr:subdistrict": null, "contact:instagram": null, "sport": null, "url": null, "old_name": null, "payment:cash": null, "payment:coins": null, "payment:ep_cash": null, "payment:visa": null, "payment:visa_debit": null, "building:roof": null, "building:structure": null, "building:walls": null, "access:roof": null, "hospital:type": null, "landuse": null, "height": null, "addr:street:sym_ul": null, "religion": null, "internet_access:ssid": null, "museum": null, "name:id": null, "wikimedia_commons": null, "school": null, "area": null, "tactile_paving": null, "wikidata": null, "since": null, "layer": null, "type": null, "path": "/home/perhanjay/QGIS/balikpapan_pois_pol_poi.gpkg" }, "geometry": { "type": "Point", "coordinates": [ 116.862399429548759, -1.221112151964161 ] } },
{ "type": "Feature", "properties": { "element": "way", "id": 338634740.0, "amenity": null, "name": "Toko Mekar Sari", "tourism": null, "cuisine": null, "addr:city": "Balikpapan", "addr:postcode": null, "addr:street": null, "shop": "supermarket", "addr:housenumber": null, "level": null, "smoking": null, "beds": null, "internet_access": null, "internet_access:fee": null, "operator": null, "rooms": null, "wheelchair": "no", "stars": null, "opening_hours": "Mo-Fr 08:30-20:00, Tu-Su 08:00-15:00; Sa 08:00-12:00", "addr:full": null, "building": "commercial", "building:levels": "3", "capacity:persons": null, "operator:type": null, "school:type_idn": null, "website": null, "historic": null, "capacity": null, "delivery": null, "description": null, "outdoor_seating": null, "phone": null, "takeaway": null, "leisure": null, "emergency": null, "healthcare": null, "healthcare:speciality": null, "brand": null, "brand:wikidata": null, "brand:wikipedia": null, "short_name": null, "diet:halal": null, "branch": null, "email": null, "air_conditioning": null, "guest_house": null, "name:en": null, "addr:housename": null, "addr:province": null, "addr:unit": null, "addr:district": null, "addr:neighbourhood": null, "addr:subdistrict": null, "contact:instagram": null, "sport": null, "url": null, "old_name": null, "payment:cash": "yes", "payment:coins": "yes", "payment:ep_cash": "yes", "payment:visa": "yes", "payment:visa_debit": "yes", "building:roof": null, "building:structure": null, "building:walls": null, "access:roof": null, "hospital:type": null, "landuse": null, "height": null, "addr:street:sym_ul": null, "religion": null, "internet_access:ssid": null, "museum": null, "name:id": null, "wikimedia_commons": null, "school": null, "area": null, "tactile_paving": null, "wikidata": null, "since": null, "layer": null, "type": null, "path": "/home/perhanjay/QGIS/balikpapan_pois_pol_poi.gpkg" }, "geometry": { "type": "Point", "coordinates": [ 116.859680828663699, -1.216437247527927 ] } },
{ "type": "Feature", "properties": { "element": "way", "id": 338634745.0, "amenity": null, "name": "Hotel Asria Balikpapan", "tourism": "hotel", "cuisine": null, "addr:city": null, "addr:postcode": null, "addr:street": null, "shop": null, "addr:housenumber": null, "level": null, "smoking": null, "beds": null, "internet_access": null, "internet_access:fee": null, "operator": null, "rooms": null, "wheelchair": null, "stars": null, "opening_hours": null, "addr:full": null, "building": "yes", "building:levels": null, "capacity:persons": null, "operator:type": null, "school:type_idn": null, "website": null, "historic": null, "capacity": null, "delivery": null, "description": null, "outdoor_seating": null, "phone": null, "takeaway": null, "leisure": null, "emergency": null, "healthcare": null, "healthcare:speciality": null, "brand": null, "brand:wikidata": null, "brand:wikipedia": null, "short_name": null, "diet:halal": null, "branch": null, "email": null, "air_conditioning": null, "guest_house": null, "name:en": null, "addr:housename": null, "addr:province": null, "addr:unit": null, "addr:district": null, "addr:neighbourhood": null, "addr:subdistrict": null, "contact:instagram": null, "sport": null, "url": null, "old_name": null, "payment:cash": null, "payment:coins": null, "payment:ep_cash": null, "payment:visa": null, "payment:visa_debit": null, "building:roof": null, "building:structure": null, "building:walls": null, "access:roof": null, "hospital:type": null, "landuse": null, "height": null, "addr:street:sym_ul": null, "religion": null, "internet_access:ssid": null, "museum": null, "name:id": null, "wikimedia_commons": null, "school": null, "area": null, "tactile_paving": null, "wikidata": null, "since": null, "layer": null, "type": null, "path": "/home/perhanjay/QGIS/balikpapan_pois_pol_poi.gpkg" }, "geometry": { "type": "Point", "coordinates": [ 116.859309911993279, -1.215604928787804 ] } },
{ "type": "Feature", "properties": { "element": "way", "id": 338725727.0, "amenity": null, "name": null, "tourism": null, "cuisine": null, "addr:city": null, "addr:postcode": null, "addr:street": null, "shop": null, "addr:housenumber": null, "level": null, "smoking": null, "beds": null, "internet_access": null, "internet_access:fee": null, "operator": null, "rooms": null, "wheelchair": null, "stars": null, "opening_hours": null, "addr:full": null, "building": null, "building:levels": null, "capacity:persons": null, "operator:type": null, "school:type_idn": null, "website": null, "historic": null, "capacity": null, "delivery": null, "description": null, "outdoor_seating": null, "phone": null, "takeaway": null, "leisure": "park", "emergency": null, "healthcare": null, "healthcare:speciality": null, "brand": null, "brand:wikidata": null, "brand:wikipedia": null, "short_name": null, "diet:halal": null, "branch": null, "email": null, "air_conditioning": null, "guest_house": null, "name:en": null, "addr:housename": null, "addr:province": null, "addr:unit": null, "addr:district": null, "addr:neighbourhood": null, "addr:subdistrict": null, "contact:instagram": null, "sport": null, "url": null, "old_name": null, "payment:cash": null, "payment:coins": null, "payment:ep_cash": null, "payment:visa": null, "payment:visa_debit": null, "building:roof": null, "building:structure": null, "building:walls": null, "access:roof": null, "hospital:type": null, "landuse": null, "height": null, "addr:street:sym_ul": null, "religion": null, "internet_access:ssid": null, "museum": null, "name:id": null, "wikimedia_commons": null, "school": null, "area": null, "tactile_paving": null, "wikidata": null, "since": null, "layer": null, "type": null, "path": "/home/perhanjay/QGIS/balikpapan_pois_pol_poi.gpkg" }, "geometry": { "type": "Point", "coordinates": [ 116.863920409906555, -1.242263019356095 ] } },
{ "type": "Feature", "properties": { "element": "way", "id": 338726613.0, "amenity": null, "name": null, "tourism": null, "cuisine": null, "addr:city": null, "addr:postcode": null, "addr:street": null, "shop": null, "addr:housenumber": null, "level": null, "smoking": null, "beds": null, "internet_access": null, "internet_access:fee": null, "operator": null, "rooms": null, "wheelchair": null, "stars": null, "opening_hours": null, "addr:full": null, "building": null, "building:levels": null, "capacity:persons": null, "operator:type": null, "school:type_idn": null, "website": null, "historic": null, "capacity": null, "delivery": null, "description": null, "outdoor_seating": null, "phone": null, "takeaway": null, "leisure": "park", "emergency": null, "healthcare": null, "healthcare:speciality": null, "brand": null, "brand:wikidata": null, "brand:wikipedia": null, "short_name": null, "diet:halal": null, "branch": null, "email": null, "air_conditioning": null, "guest_house": null, "name:en": null, "addr:housename": null, "addr:province": null, "addr:unit": null, "addr:district": null, "addr:neighbourhood": null, "addr:subdistrict": null, "contact:instagram": null, "sport": null, "url": null, "old_name": null, "payment:cash": null, "payment:coins": null, "payment:ep_cash": null, "payment:visa": null, "payment:visa_debit": null, "building:roof": null, "building:structure": null, "building:walls": null, "access:roof": null, "hospital:type": null, "landuse": null, "height": null, "addr:street:sym_ul": null, "religion": null, "internet_access:ssid": null, "museum": null, "name:id": null, "wikimedia_commons": null, "school": null, "area": null, "tactile_paving": null, "wikidata": null, "since": null, "layer": null, "type": null, "path": "/home/perhanjay/QGIS/balikpapan_pois_pol_poi.gpkg" }, "geometry": { "type": "Point", "coordinates": [ 116.862452673722359, -1.244400992199877 ] } },
{ "type": "Feature", "properties": { "element": "way", "id": 338726614.0, "amenity": null, "name": null, "tourism": null, "cuisine": null, "addr:city": null, "addr:postcode": null, "addr:street": null, "shop": null, "addr:housenumber": null, "level": null, "smoking": null, "beds": null, "internet_access": null, "internet_access:fee": null, "operator": null, "rooms": null, "wheelchair": null, "stars": null, "opening_hours": null, "addr:full": null, "building": null, "building:levels": null, "capacity:persons": null, "operator:type": null, "school:type_idn": null, "website": null, "historic": null, "capacity": null, "delivery": null, "description": null, "outdoor_seating": null, "phone": null, "takeaway": null, "leisure": "park", "emergency": null, "healthcare": null, "healthcare:speciality": null, "brand": null, "brand:wikidata": null, "brand:wikipedia": null, "short_name": null, "diet:halal": null, "branch": null, "email": null, "air_conditioning": null, "guest_house": null, "name:en": null, "addr:housename": null, "addr:province": null, "addr:unit": null, "addr:district": null, "addr:neighbourhood": null, "addr:subdistrict": null, "contact:instagram": null, "sport": null, "url": null, "old_name": null, "payment:cash": null, "payment:coins": null, "payment:ep_cash": null, "payment:visa": null, "payment:visa_debit": null, "building:roof": null, "building:structure": null, "building:walls": null, "access:roof": null, "hospital:type": null, "landuse": null, "height": null, "addr:street:sym_ul": null, "religion": null, "internet_access:ssid": null, "museum": null, "name:id": null, "wikimedia_commons": null, "school": null, "area": null, "tactile_paving": null, "wikidata": null, "since": null, "layer": null, "type": null, "path": "/home/perhanjay/QGIS/balikpapan_pois_pol_poi.gpkg" }, "geometry": { "type": "Point", "coordinates": [ 116.86298271944149, -1.24403071204565 ] } },
{ "type": "Feature", "properties": { "element": "way", "id": 338726616.0, "amenity": null, "name": null, "tourism": null, "cuisine": null, "addr:city": null, "addr:postcode": null, "addr:street": null, "shop": null, "addr:housenumber": null, "level": null, "smoking": null, "beds": null, "internet_access": null, "internet_access:fee": null, "operator": null, "rooms": null, "wheelchair": null, "stars": null, "opening_hours": null, "addr:full": null, "building": null, "building:levels": null, "capacity:persons": null, "operator:type": null, "school:type_idn": null, "website": null, "historic": null, "capacity": null, "delivery": null, "description": null, "outdoor_seating": null, "phone": null, "takeaway": null, "leisure": "park", "emergency": null, "healthcare": null, "healthcare:speciality": null, "brand": null, "brand:wikidata": null, "brand:wikipedia": null, "short_name": null, "diet:halal": null, "branch": null, "email": null, "air_conditioning": null, "guest_house": null, "name:en": null, "addr:housename": null, "addr:province": null, "addr:unit": null, "addr:district": null, "addr:neighbourhood": null, "addr:subdistrict": null, "contact:instagram": null, "sport": null, "url": null, "old_name": null, "payment:cash": null, "payment:coins": null, "payment:ep_cash": null, "payment:visa": null, "payment:visa_debit": null, "building:roof": null, "building:structure": null, "building:walls": null, "access:roof": null, "hospital:type": null, "landuse": null, "height": null, "addr:street:sym_ul": null, "religion": null, "internet_access:ssid": null, "museum": null, "name:id": null, "wikimedia_commons": null, "school": null, "area": null, "tactile_paving": null, "wikidata": null, "since": null, "layer": null, "type": null, "path": "/home/perhanjay/QGIS/balikpapan_pois_pol_poi.gpkg" }, "geometry": { "type": "Point", "coordinates": [ 116.864140513712002, -1.246825647033817 ] } },
{ "type": "Feature", "properties": { "element": "way", "id": 338727260.0, "amenity": null, "name": null, "tourism": null, "cuisine": null, "addr:city": null, "addr:postcode": null, "addr:street": null, "shop": null, "addr:housenumber": null, "level": null, "smoking": null, "beds": null, "internet_access": null, "internet_access:fee": null, "operator": null, "rooms": null, "wheelchair": null, "stars": null, "opening_hours": null, "addr:full": null, "building": null, "building:levels": null, "capacity:persons": null, "operator:type": null, "school:type_idn": null, "website": null, "historic": null, "capacity": null, "delivery": null, "description": null, "outdoor_seating": null, "phone": null, "takeaway": null, "leisure": "park", "emergency": null, "healthcare": null, "healthcare:speciality": null, "brand": null, "brand:wikidata": null, "brand:wikipedia": null, "short_name": null, "diet:halal": null, "branch": null, "email": null, "air_conditioning": null, "guest_house": null, "name:en": null, "addr:housename": null, "addr:province": null, "addr:unit": null, "addr:district": null, "addr:neighbourhood": null, "addr:subdistrict": null, "contact:instagram": null, "sport": null, "url": null, "old_name": null, "payment:cash": null, "payment:coins": null, "payment:ep_cash": null, "payment:visa": null, "payment:visa_debit": null, "building:roof": null, "building:structure": null, "building:walls": null, "access:roof": null, "hospital:type": null, "landuse": null, "height": null, "addr:street:sym_ul": null, "religion": null, "internet_access:ssid": null, "museum": null, "name:id": null, "wikimedia_commons": null, "school": null, "area": null, "tactile_paving": null, "wikidata": null, "since": null, "layer": null, "type": null, "path": "/home/perhanjay/QGIS/balikpapan_pois_pol_poi.gpkg" }, "geometry": { "type": "Point", "coordinates": [ 116.864342700000023, -1.246098933333333 ] } },
{ "type": "Feature", "properties": { "element": "way", "id": 338727261.0, "amenity": null, "name": null, "tourism": null, "cuisine": null, "addr:city": null, "addr:postcode": null, "addr:street": null, "shop": null, "addr:housenumber": null, "level": null, "smoking": null, "beds": null, "internet_access": null, "internet_access:fee": null, "operator": null, "rooms": null, "wheelchair": null, "stars": null, "opening_hours": null, "addr:full": null, "building": null, "building:levels": null, "capacity:persons": null, "operator:type": null, "school:type_idn": null, "website": null, "historic": null, "capacity": null, "delivery": null, "description": null, "outdoor_seating": null, "phone": null, "takeaway": null, "leisure": "park", "emergency": null, "healthcare": null, "healthcare:speciality": null, "brand": null, "brand:wikidata": null, "brand:wikipedia": null, "short_name": null, "diet:halal": null, "branch": null, "email": null, "air_conditioning": null, "guest_house": null, "name:en": null, "addr:housename": null, "addr:province": null, "addr:unit": null, "addr:district": null, "addr:neighbourhood": null, "addr:subdistrict": null, "contact:instagram": null, "sport": null, "url": null, "old_name": null, "payment:cash": null, "payment:coins": null, "payment:ep_cash": null, "payment:visa": null, "payment:visa_debit": null, "building:roof": null, "building:structure": null, "building:walls": null, "access:roof": null, "hospital:type": null, "landuse": null, "height": null, "addr:street:sym_ul": null, "religion": null, "internet_access:ssid": null, "museum": null, "name:id": null, "wikimedia_commons": null, "school": null, "area": null, "tactile_paving": null, "wikidata": null, "since": null, "layer": null, "type": null, "path": "/home/perhanjay/QGIS/balikpapan_pois_pol_poi.gpkg" }, "geometry": { "type": "Point", "coordinates": [ 116.863597712132076, -1.244832119528723 ] } },
{ "type": "Feature", "properties": { "element": "way", "id": 338727268.0, "amenity": null, "name": null, "tourism": null, "cuisine": null, "addr:city": null, "addr:postcode": null, "addr:street": null, "shop": null, "addr:housenumber": null, "level": null, "smoking": null, "beds": null, "internet_access": null, "internet_access:fee": null, "operator": null, "rooms": null, "wheelchair": null, "stars": null, "opening_hours": null, "addr:full": null, "building": null, "building:levels": null, "capacity:persons": null, "operator:type": null, "school:type_idn": null, "website": null, "historic": null, "capacity": null, "delivery": null, "description": null, "outdoor_seating": null, "phone": null, "takeaway": null, "leisure": "park", "emergency": null, "healthcare": null, "healthcare:speciality": null, "brand": null, "brand:wikidata": null, "brand:wikipedia": null, "short_name": null, "diet:halal": null, "branch": null, "email": null, "air_conditioning": null, "guest_house": null, "name:en": null, "addr:housename": null, "addr:province": null, "addr:unit": null, "addr:district": null, "addr:neighbourhood": null, "addr:subdistrict": null, "contact:instagram": null, "sport": null, "url": null, "old_name": null, "payment:cash": null, "payment:coins": null, "payment:ep_cash": null, "payment:visa": null, "payment:visa_debit": null, "building:roof": null, "building:structure": null, "building:walls": null, "access:roof": null, "hospital:type": null, "landuse": null, "height": null, "addr:street:sym_ul": null, "religion": null, "internet_access:ssid": null, "museum": null, "name:id": null, "wikimedia_commons": null, "school": null, "area": null, "tactile_paving": null, "wikidata": null, "since": null, "layer": null, "type": null, "path": "/home/perhanjay/QGIS/balikpapan_pois_pol_poi.gpkg" }, "geometry": { "type": "Point", "coordinates": [ 116.865289828248322, -1.247228476364838 ] } },
{ "type": "Feature", "properties": { "element": "way", "id": 338727735.0, "amenity": null, "name": null, "tourism": null, "cuisine": null, "addr:city": null, "addr:postcode": null, "addr:street": null, "shop": null, "addr:housenumber": null, "level": null, "smoking": null, "beds": null, "internet_access": null, "internet_access:fee": null, "operator": null, "rooms": null, "wheelchair": null, "stars": null, "opening_hours": null, "addr:full": null, "building": null, "building:levels": null, "capacity:persons": null, "operator:type": null, "school:type_idn": null, "website": null, "historic": null, "capacity": null, "delivery": null, "description": null, "outdoor_seating": null, "phone": null, "takeaway": null, "leisure": "park", "emergency": null, "healthcare": null, "healthcare:speciality": null, "brand": null, "brand:wikidata": null, "brand:wikipedia": null, "short_name": null, "diet:halal": null, "branch": null, "email": null, "air_conditioning": null, "guest_house": null, "name:en": null, "addr:housename": null, "addr:province": null, "addr:unit": null, "addr:district": null, "addr:neighbourhood": null, "addr:subdistrict": null, "contact:instagram": null, "sport": null, "url": null, "old_name": null, "payment:cash": null, "payment:coins": null, "payment:ep_cash": null, "payment:visa": null, "payment:visa_debit": null, "building:roof": null, "building:structure": null, "building:walls": null, "access:roof": null, "hospital:type": null, "landuse": null, "height": null, "addr:street:sym_ul": null, "religion": null, "internet_access:ssid": null, "museum": null, "name:id": null, "wikimedia_commons": null, "school": null, "area": null, "tactile_paving": null, "wikidata": null, "since": null, "layer": null, "type": null, "path": "/home/perhanjay/QGIS/balikpapan_pois_pol_poi.gpkg" }, "geometry": { "type": "Point", "coordinates": [ 116.86134886666666, -1.245868566666666 ] } },
{ "type": "Feature", "properties": { "element": "way", "id": 338727736.0, "amenity": null, "name": null, "tourism": null, "cuisine": null, "addr:city": null, "addr:postcode": null, "addr:street": null, "shop": null, "addr:housenumber": null, "level": null, "smoking": null, "beds": null, "internet_access": null, "internet_access:fee": null, "operator": null, "rooms": null, "wheelchair": null, "stars": null, "opening_hours": null, "addr:full": null, "building": null, "building:levels": null, "capacity:persons": null, "operator:type": null, "school:type_idn": null, "website": null, "historic": null, "capacity": null, "delivery": null, "description": null, "outdoor_seating": null, "phone": null, "takeaway": null, "leisure": "park", "emergency": null, "healthcare": null, "healthcare:speciality": null, "brand": null, "brand:wikidata": null, "brand:wikipedia": null, "short_name": null, "diet:halal": null, "branch": null, "email": null, "air_conditioning": null, "guest_house": null, "name:en": null, "addr:housename": null, "addr:province": null, "addr:unit": null, "addr:district": null, "addr:neighbourhood": null, "addr:subdistrict": null, "contact:instagram": null, "sport": null, "url": null, "old_name": null, "payment:cash": null, "payment:coins": null, "payment:ep_cash": null, "payment:visa": null, "payment:visa_debit": null, "building:roof": null, "building:structure": null, "building:walls": null, "access:roof": null, "hospital:type": null, "landuse": null, "height": null, "addr:street:sym_ul": null, "religion": null, "internet_access:ssid": null, "museum": null, "name:id": null, "wikimedia_commons": null, "school": null, "area": null, "tactile_paving": null, "wikidata": null, "since": null, "layer": null, "type": null, "path": "/home/perhanjay/QGIS/balikpapan_pois_pol_poi.gpkg" }, "geometry": { "type": "Point", "coordinates": [ 116.86133190339514, -1.247313026470011 ] } },
{ "type": "Feature", "properties": { "element": "way", "id": 338728109.0, "amenity": null, "name": null, "tourism": null, "cuisine": null, "addr:city": null, "addr:postcode": null, "addr:street": null, "shop": null, "addr:housenumber": null, "level": null, "smoking": null, "beds": null, "internet_access": null, "internet_access:fee": null, "operator": null, "rooms": null, "wheelchair": null, "stars": null, "opening_hours": null, "addr:full": null, "building": null, "building:levels": null, "capacity:persons": null, "operator:type": null, "school:type_idn": null, "website": null, "historic": null, "capacity": null, "delivery": null, "description": null, "outdoor_seating": null, "phone": null, "takeaway": null, "leisure": "park", "emergency": null, "healthcare": null, "healthcare:speciality": null, "brand": null, "brand:wikidata": null, "brand:wikipedia": null, "short_name": null, "diet:halal": null, "branch": null, "email": null, "air_conditioning": null, "guest_house": null, "name:en": null, "addr:housename": null, "addr:province": null, "addr:unit": null, "addr:district": null, "addr:neighbourhood": null, "addr:subdistrict": null, "contact:instagram": null, "sport": null, "url": null, "old_name": null, "payment:cash": null, "payment:coins": null, "payment:ep_cash": null, "payment:visa": null, "payment:visa_debit": null, "building:roof": null, "building:structure": null, "building:walls": null, "access:roof": null, "hospital:type": null, "landuse": null, "height": null, "addr:street:sym_ul": null, "religion": null, "internet_access:ssid": null, "museum": null, "name:id": null, "wikimedia_commons": null, "school": null, "area": null, "tactile_paving": null, "wikidata": null, "since": null, "layer": null, "type": null, "path": "/home/perhanjay/QGIS/balikpapan_pois_pol_poi.gpkg" }, "geometry": { "type": "Point", "coordinates": [ 116.86254860677829, -1.246651770422843 ] } },
{ "type": "Feature", "properties": { "element": "way", "id": 338728662.0, "amenity": null, "name": null, "tourism": null, "cuisine": null, "addr:city": null, "addr:postcode": null, "addr:street": null, "shop": null, "addr:housenumber": null, "level": null, "smoking": null, "beds": null, "internet_access": null, "internet_access:fee": null, "operator": null, "rooms": null, "wheelchair": null, "stars": null, "opening_hours": null, "addr:full": null, "building": null, "building:levels": null, "capacity:persons": null, "operator:type": null, "school:type_idn": null, "website": null, "historic": null, "capacity": null, "delivery": null, "description": null, "outdoor_seating": null, "phone": null, "takeaway": null, "leisure": "park", "emergency": null, "healthcare": null, "healthcare:speciality": null, "brand": null, "brand:wikidata": null, "brand:wikipedia": null, "short_name": null, "diet:halal": null, "branch": null, "email": null, "air_conditioning": null, "guest_house": null, "name:en": null, "addr:housename": null, "addr:province": null, "addr:unit": null, "addr:district": null, "addr:neighbourhood": null, "addr:subdistrict": null, "contact:instagram": null, "sport": null, "url": null, "old_name": null, "payment:cash": null, "payment:coins": null, "payment:ep_cash": null, "payment:visa": null, "payment:visa_debit": null, "building:roof": null, "building:structure": null, "building:walls": null, "access:roof": null, "hospital:type": null, "landuse": null, "height": null, "addr:street:sym_ul": null, "religion": null, "internet_access:ssid": null, "museum": null, "name:id": null, "wikimedia_commons": null, "school": null, "area": null, "tactile_paving": null, "wikidata": null, "since": null, "layer": null, "type": null, "path": "/home/perhanjay/QGIS/balikpapan_pois_pol_poi.gpkg" }, "geometry": { "type": "Point", "coordinates": [ 116.865555354823229, -1.246548886144054 ] } },
{ "type": "Feature", "properties": { "element": "way", "id": 338728664.0, "amenity": null, "name": null, "tourism": null, "cuisine": null, "addr:city": null, "addr:postcode": null, "addr:street": null, "shop": null, "addr:housenumber": null, "level": null, "smoking": null, "beds": null, "internet_access": null, "internet_access:fee": null, "operator": null, "rooms": null, "wheelchair": null, "stars": null, "opening_hours": null, "addr:full": null, "building": null, "building:levels": null, "capacity:persons": null, "operator:type": null, "school:type_idn": null, "website": null, "historic": null, "capacity": null, "delivery": null, "description": null, "outdoor_seating": null, "phone": null, "takeaway": null, "leisure": "park", "emergency": null, "healthcare": null, "healthcare:speciality": null, "brand": null, "brand:wikidata": null, "brand:wikipedia": null, "short_name": null, "diet:halal": null, "branch": null, "email": null, "air_conditioning": null, "guest_house": null, "name:en": null, "addr:housename": null, "addr:province": null, "addr:unit": null, "addr:district": null, "addr:neighbourhood": null, "addr:subdistrict": null, "contact:instagram": null, "sport": null, "url": null, "old_name": null, "payment:cash": null, "payment:coins": null, "payment:ep_cash": null, "payment:visa": null, "payment:visa_debit": null, "building:roof": null, "building:structure": null, "building:walls": null, "access:roof": null, "hospital:type": null, "landuse": null, "height": null, "addr:street:sym_ul": null, "religion": null, "internet_access:ssid": null, "museum": null, "name:id": null, "wikimedia_commons": null, "school": null, "area": null, "tactile_paving": null, "wikidata": null, "since": null, "layer": null, "type": null, "path": "/home/perhanjay/QGIS/balikpapan_pois_pol_poi.gpkg" }, "geometry": { "type": "Point", "coordinates": [ 116.8650819, -1.245308933333333 ] } },
{ "type": "Feature", "properties": { "element": "way", "id": 338736534.0, "amenity": null, "name": null, "tourism": null, "cuisine": null, "addr:city": null, "addr:postcode": null, "addr:street": null, "shop": null, "addr:housenumber": null, "level": null, "smoking": null, "beds": null, "internet_access": null, "internet_access:fee": null, "operator": null, "rooms": null, "wheelchair": null, "stars": null, "opening_hours": null, "addr:full": null, "building": null, "building:levels": null, "capacity:persons": null, "operator:type": null, "school:type_idn": null, "website": null, "historic": null, "capacity": null, "delivery": null, "description": null, "outdoor_seating": null, "phone": null, "takeaway": null, "leisure": "park", "emergency": null, "healthcare": null, "healthcare:speciality": null, "brand": null, "brand:wikidata": null, "brand:wikipedia": null, "short_name": null, "diet:halal": null, "branch": null, "email": null, "air_conditioning": null, "guest_house": null, "name:en": null, "addr:housename": null, "addr:province": null, "addr:unit": null, "addr:district": null, "addr:neighbourhood": null, "addr:subdistrict": null, "contact:instagram": null, "sport": null, "url": null, "old_name": null, "payment:cash": null, "payment:coins": null, "payment:ep_cash": null, "payment:visa": null, "payment:visa_debit": null, "building:roof": null, "building:structure": null, "building:walls": null, "access:roof": null, "hospital:type": null, "landuse": null, "height": null, "addr:street:sym_ul": null, "religion": null, "internet_access:ssid": null, "museum": null, "name:id": null, "wikimedia_commons": null, "school": null, "area": null, "tactile_paving": null, "wikidata": null, "since": null, "layer": null, "type": null, "path": "/home/perhanjay/QGIS/balikpapan_pois_pol_poi.gpkg" }, "geometry": { "type": "Point", "coordinates": [ 116.859987294421927, -1.244608455164716 ] } },
{ "type": "Feature", "properties": { "element": "way", "id": 338739166.0, "amenity": null, "name": null, "tourism": null, "cuisine": null, "addr:city": null, "addr:postcode": null, "addr:street": null, "shop": null, "addr:housenumber": null, "level": null, "smoking": null, "beds": null, "internet_access": null, "internet_access:fee": null, "operator": null, "rooms": null, "wheelchair": null, "stars": null, "opening_hours": null, "addr:full": null, "building": null, "building:levels": null, "capacity:persons": null, "operator:type": null, "school:type_idn": null, "website": null, "historic": null, "capacity": null, "delivery": null, "description": null, "outdoor_seating": null, "phone": null, "takeaway": null, "leisure": "park", "emergency": null, "healthcare": null, "healthcare:speciality": null, "brand": null, "brand:wikidata": null, "brand:wikipedia": null, "short_name": null, "diet:halal": null, "branch": null, "email": null, "air_conditioning": null, "guest_house": null, "name:en": null, "addr:housename": null, "addr:province": null, "addr:unit": null, "addr:district": null, "addr:neighbourhood": null, "addr:subdistrict": null, "contact:instagram": null, "sport": null, "url": null, "old_name": null, "payment:cash": null, "payment:coins": null, "payment:ep_cash": null, "payment:visa": null, "payment:visa_debit": null, "building:roof": null, "building:structure": null, "building:walls": null, "access:roof": null, "hospital:type": null, "landuse": null, "height": null, "addr:street:sym_ul": null, "religion": null, "internet_access:ssid": null, "museum": null, "name:id": null, "wikimedia_commons": null, "school": null, "area": null, "tactile_paving": null, "wikidata": null, "since": null, "layer": null, "type": null, "path": "/home/perhanjay/QGIS/balikpapan_pois_pol_poi.gpkg" }, "geometry": { "type": "Point", "coordinates": [ 116.860491054566253, -1.244431767363264 ] } },
{ "type": "Feature", "properties": { "element": "way", "id": 338739169.0, "amenity": null, "name": null, "tourism": null, "cuisine": null, "addr:city": null, "addr:postcode": null, "addr:street": null, "shop": null, "addr:housenumber": null, "level": null, "smoking": null, "beds": null, "internet_access": null, "internet_access:fee": null, "operator": null, "rooms": null, "wheelchair": null, "stars": null, "opening_hours": null, "addr:full": null, "building": null, "building:levels": null, "capacity:persons": null, "operator:type": null, "school:type_idn": null, "website": null, "historic": null, "capacity": null, "delivery": null, "description": null, "outdoor_seating": null, "phone": null, "takeaway": null, "leisure": "park", "emergency": null, "healthcare": null, "healthcare:speciality": null, "brand": null, "brand:wikidata": null, "brand:wikipedia": null, "short_name": null, "diet:halal": null, "branch": null, "email": null, "air_conditioning": null, "guest_house": null, "name:en": null, "addr:housename": null, "addr:province": null, "addr:unit": null, "addr:district": null, "addr:neighbourhood": null, "addr:subdistrict": null, "contact:instagram": null, "sport": null, "url": null, "old_name": null, "payment:cash": null, "payment:coins": null, "payment:ep_cash": null, "payment:visa": null, "payment:visa_debit": null, "building:roof": null, "building:structure": null, "building:walls": null, "access:roof": null, "hospital:type": null, "landuse": null, "height": null, "addr:street:sym_ul": null, "religion": null, "internet_access:ssid": null, "museum": null, "name:id": null, "wikimedia_commons": null, "school": null, "area": null, "tactile_paving": null, "wikidata": null, "since": null, "layer": null, "type": null, "path": "/home/perhanjay/QGIS/balikpapan_pois_pol_poi.gpkg" }, "geometry": { "type": "Point", "coordinates": [ 116.860171701545326, -1.243851296651336 ] } },
{ "type": "Feature", "properties": { "element": "way", "id": 338739171.0, "amenity": null, "name": null, "tourism": null, "cuisine": null, "addr:city": null, "addr:postcode": null, "addr:street": null, "shop": null, "addr:housenumber": null, "level": null, "smoking": null, "beds": null, "internet_access": null, "internet_access:fee": null, "operator": null, "rooms": null, "wheelchair": null, "stars": null, "opening_hours": null, "addr:full": null, "building": null, "building:levels": null, "capacity:persons": null, "operator:type": null, "school:type_idn": null, "website": null, "historic": null, "capacity": null, "delivery": null, "description": null, "outdoor_seating": null, "phone": null, "takeaway": null, "leisure": "park", "emergency": null, "healthcare": null, "healthcare:speciality": null, "brand": null, "brand:wikidata": null, "brand:wikipedia": null, "short_name": null, "diet:halal": null, "branch": null, "email": null, "air_conditioning": null, "guest_house": null, "name:en": null, "addr:housename": null, "addr:province": null, "addr:unit": null, "addr:district": null, "addr:neighbourhood": null, "addr:subdistrict": null, "contact:instagram": null, "sport": null, "url": null, "old_name": null, "payment:cash": null, "payment:coins": null, "payment:ep_cash": null, "payment:visa": null, "payment:visa_debit": null, "building:roof": null, "building:structure": null, "building:walls": null, "access:roof": null, "hospital:type": null, "landuse": null, "height": null, "addr:street:sym_ul": null, "religion": null, "internet_access:ssid": null, "museum": null, "name:id": null, "wikimedia_commons": null, "school": null, "area": null, "tactile_paving": null, "wikidata": null, "since": null, "layer": null, "type": null, "path": "/home/perhanjay/QGIS/balikpapan_pois_pol_poi.gpkg" }, "geometry": { "type": "Point", "coordinates": [ 116.861501881059297, -1.244345425466514 ] } },
{ "type": "Feature", "properties": { "element": "way", "id": 338752378.0, "amenity": null, "name": null, "tourism": null, "cuisine": null, "addr:city": null, "addr:postcode": null, "addr:street": null, "shop": null, "addr:housenumber": null, "level": null, "smoking": null, "beds": null, "internet_access": null, "internet_access:fee": null, "operator": null, "rooms": null, "wheelchair": null, "stars": null, "opening_hours": null, "addr:full": null, "building": null, "building:levels": null, "capacity:persons": null, "operator:type": null, "school:type_idn": null, "website": null, "historic": null, "capacity": null, "delivery": null, "description": null, "outdoor_seating": null, "phone": null, "takeaway": null, "leisure": "park", "emergency": null, "healthcare": null, "healthcare:speciality": null, "brand": null, "brand:wikidata": null, "brand:wikipedia": null, "short_name": null, "diet:halal": null, "branch": null, "email": null, "air_conditioning": null, "guest_house": null, "name:en": null, "addr:housename": null, "addr:province": null, "addr:unit": null, "addr:district": null, "addr:neighbourhood": null, "addr:subdistrict": null, "contact:instagram": null, "sport": null, "url": null, "old_name": null, "payment:cash": null, "payment:coins": null, "payment:ep_cash": null, "payment:visa": null, "payment:visa_debit": null, "building:roof": null, "building:structure": null, "building:walls": null, "access:roof": null, "hospital:type": null, "landuse": null, "height": null, "addr:street:sym_ul": null, "religion": null, "internet_access:ssid": null, "museum": null, "name:id": null, "wikimedia_commons": null, "school": null, "area": null, "tactile_paving": null, "wikidata": null, "since": null, "layer": null, "type": null, "path": "/home/perhanjay/QGIS/balikpapan_pois_pol_poi.gpkg" }, "geometry": { "type": "Point", "coordinates": [ 116.860349032696277, -1.245725555580354 ] } },
{ "type": "Feature", "properties": { "element": "way", "id": 338752379.0, "amenity": null, "name": null, "tourism": null, "cuisine": null, "addr:city": null, "addr:postcode": null, "addr:street": null, "shop": null, "addr:housenumber": null, "level": null, "smoking": null, "beds": null, "internet_access": null, "internet_access:fee": null, "operator": null, "rooms": null, "wheelchair": null, "stars": null, "opening_hours": null, "addr:full": null, "building": null, "building:levels": null, "capacity:persons": null, "operator:type": null, "school:type_idn": null, "website": null, "historic": null, "capacity": null, "delivery": null, "description": null, "outdoor_seating": null, "phone": null, "takeaway": null, "leisure": "park", "emergency": null, "healthcare": null, "healthcare:speciality": null, "brand": null, "brand:wikidata": null, "brand:wikipedia": null, "short_name": null, "diet:halal": null, "branch": null, "email": null, "air_conditioning": null, "guest_house": null, "name:en": null, "addr:housename": null, "addr:province": null, "addr:unit": null, "addr:district": null, "addr:neighbourhood": null, "addr:subdistrict": null, "contact:instagram": null, "sport": null, "url": null, "old_name": null, "payment:cash": null, "payment:coins": null, "payment:ep_cash": null, "payment:visa": null, "payment:visa_debit": null, "building:roof": null, "building:structure": null, "building:walls": null, "access:roof": null, "hospital:type": null, "landuse": null, "height": null, "addr:street:sym_ul": null, "religion": null, "internet_access:ssid": null, "museum": null, "name:id": null, "wikimedia_commons": null, "school": null, "area": null, "tactile_paving": null, "wikidata": null, "since": null, "layer": null, "type": null, "path": "/home/perhanjay/QGIS/balikpapan_pois_pol_poi.gpkg" }, "geometry": { "type": "Point", "coordinates": [ 116.8606054, -1.2462458 ] } },
{ "type": "Feature", "properties": { "element": "way", "id": 360217930.0, "amenity": null, "name": "Taman Melawai 2", "tourism": null, "cuisine": null, "addr:city": null, "addr:postcode": null, "addr:street": null, "shop": null, "addr:housenumber": null, "level": null, "smoking": null, "beds": null, "internet_access": null, "internet_access:fee": null, "operator": null, "rooms": null, "wheelchair": null, "stars": null, "opening_hours": null, "addr:full": null, "building": null, "building:levels": null, "capacity:persons": null, "operator:type": null, "school:type_idn": null, "website": null, "historic": null, "capacity": null, "delivery": null, "description": null, "outdoor_seating": null, "phone": null, "takeaway": null, "leisure": "park", "emergency": null, "healthcare": null, "healthcare:speciality": null, "brand": null, "brand:wikidata": null, "brand:wikipedia": null, "short_name": null, "diet:halal": null, "branch": null, "email": null, "air_conditioning": null, "guest_house": null, "name:en": null, "addr:housename": null, "addr:province": null, "addr:unit": null, "addr:district": null, "addr:neighbourhood": null, "addr:subdistrict": null, "contact:instagram": null, "sport": null, "url": null, "old_name": null, "payment:cash": null, "payment:coins": null, "payment:ep_cash": null, "payment:visa": null, "payment:visa_debit": null, "building:roof": null, "building:structure": null, "building:walls": null, "access:roof": null, "hospital:type": null, "landuse": null, "height": null, "addr:street:sym_ul": null, "religion": null, "internet_access:ssid": null, "museum": null, "name:id": null, "wikimedia_commons": null, "school": null, "area": null, "tactile_paving": null, "wikidata": null, "since": null, "layer": null, "type": null, "path": "/home/perhanjay/QGIS/balikpapan_pois_pol_poi.gpkg" }, "geometry": { "type": "Point", "coordinates": [ 116.89830505096306, -1.244071308760785 ] } },
{ "type": "Feature", "properties": { "element": "way", "id": 373386806.0, "amenity": null, "name": "Gajah Mada", "tourism": null, "cuisine": null, "addr:city": null, "addr:postcode": null, "addr:street": null, "shop": "supermarket", "addr:housenumber": null, "level": null, "smoking": null, "beds": null, "internet_access": null, "internet_access:fee": null, "operator": null, "rooms": null, "wheelchair": null, "stars": null, "opening_hours": null, "addr:full": "Jl. Mayjen Sutoyo", "building": "yes", "building:levels": "4", "capacity:persons": "1000", "operator:type": null, "school:type_idn": null, "website": null, "historic": null, "capacity": null, "delivery": null, "description": null, "outdoor_seating": null, "phone": null, "takeaway": null, "leisure": null, "emergency": null, "healthcare": null, "healthcare:speciality": null, "brand": null, "brand:wikidata": null, "brand:wikipedia": null, "short_name": null, "diet:halal": null, "branch": null, "email": null, "air_conditioning": null, "guest_house": null, "name:en": null, "addr:housename": null, "addr:province": null, "addr:unit": null, "addr:district": null, "addr:neighbourhood": null, "addr:subdistrict": null, "contact:instagram": null, "sport": null, "url": null, "old_name": null, "payment:cash": null, "payment:coins": null, "payment:ep_cash": null, "payment:visa": null, "payment:visa_debit": null, "building:roof": null, "building:structure": null, "building:walls": null, "access:roof": null, "hospital:type": null, "landuse": null, "height": null, "addr:street:sym_ul": null, "religion": null, "internet_access:ssid": null, "museum": null, "name:id": null, "wikimedia_commons": null, "school": null, "area": null, "tactile_paving": null, "wikidata": null, "since": null, "layer": null, "type": null, "path": "/home/perhanjay/QGIS/balikpapan_pois_pol_poi.gpkg" }, "geometry": { "type": "Point", "coordinates": [ 116.842778469578192, -1.262005191357692 ] } },
{ "type": "Feature", "properties": { "element": "way", "id": 373387131.0, "amenity": null, "name": "Taman Adipura", "tourism": null, "cuisine": null, "addr:city": null, "addr:postcode": null, "addr:street": null, "shop": null, "addr:housenumber": null, "level": null, "smoking": null, "beds": null, "internet_access": null, "internet_access:fee": null, "operator": null, "rooms": null, "wheelchair": null, "stars": null, "opening_hours": null, "addr:full": null, "building": null, "building:levels": null, "capacity:persons": null, "operator:type": null, "school:type_idn": null, "website": null, "historic": null, "capacity": null, "delivery": null, "description": null, "outdoor_seating": null, "phone": null, "takeaway": null, "leisure": "park", "emergency": null, "healthcare": null, "healthcare:speciality": null, "brand": null, "brand:wikidata": null, "brand:wikipedia": null, "short_name": null, "diet:halal": null, "branch": null, "email": null, "air_conditioning": null, "guest_house": null, "name:en": null, "addr:housename": null, "addr:province": null, "addr:unit": null, "addr:district": null, "addr:neighbourhood": null, "addr:subdistrict": null, "contact:instagram": null, "sport": null, "url": null, "old_name": null, "payment:cash": null, "payment:coins": null, "payment:ep_cash": null, "payment:visa": null, "payment:visa_debit": null, "building:roof": null, "building:structure": null, "building:walls": null, "access:roof": null, "hospital:type": null, "landuse": null, "height": null, "addr:street:sym_ul": null, "religion": null, "internet_access:ssid": null, "museum": null, "name:id": null, "wikimedia_commons": null, "school": null, "area": null, "tactile_paving": null, "wikidata": null, "since": null, "layer": null, "type": null, "path": "/home/perhanjay/QGIS/balikpapan_pois_pol_poi.gpkg" }, "geometry": { "type": "Point", "coordinates": [ 116.838495301805992, -1.25367196723942 ] } },
{ "type": "Feature", "properties": { "element": "way", "id": 373392687.0, "amenity": "hospital", "name": "RS Bersalin Kasih Ibu", "tourism": null, "cuisine": null, "addr:city": null, "addr:postcode": null, "addr:street": null, "shop": null, "addr:housenumber": null, "level": null, "smoking": null, "beds": null, "internet_access": null, "internet_access:fee": null, "operator": null, "rooms": null, "wheelchair": null, "stars": null, "opening_hours": null, "addr:full": "jl. Letjen S Parman", "building": "yes", "building:levels": "3", "capacity:persons": "600", "operator:type": "private", "school:type_idn": null, "website": null, "historic": null, "capacity": null, "delivery": null, "description": null, "outdoor_seating": null, "phone": null, "takeaway": null, "leisure": null, "emergency": null, "healthcare": null, "healthcare:speciality": null, "brand": null, "brand:wikidata": null, "brand:wikipedia": null, "short_name": null, "diet:halal": null, "branch": null, "email": null, "air_conditioning": null, "guest_house": null, "name:en": null, "addr:housename": null, "addr:province": null, "addr:unit": null, "addr:district": null, "addr:neighbourhood": null, "addr:subdistrict": null, "contact:instagram": null, "sport": null, "url": null, "old_name": null, "payment:cash": null, "payment:coins": null, "payment:ep_cash": null, "payment:visa": null, "payment:visa_debit": null, "building:roof": "concrete", "building:structure": "unreinforced_masonry", "building:walls": "brick", "access:roof": "no", "hospital:type": null, "landuse": null, "height": null, "addr:street:sym_ul": null, "religion": null, "internet_access:ssid": null, "museum": null, "name:id": null, "wikimedia_commons": null, "school": null, "area": null, "tactile_paving": null, "wikidata": null, "since": null, "layer": null, "type": null, "path": "/home/perhanjay/QGIS/balikpapan_pois_pol_poi.gpkg" }, "geometry": { "type": "Point", "coordinates": [ 116.842172500000018, -1.2553875 ] } },
{ "type": "Feature", "properties": { "element": "way", "id": 373553509.0, "amenity": null, "name": "Toko Adit", "tourism": null, "cuisine": null, "addr:city": null, "addr:postcode": null, "addr:street": null, "shop": "supermarket", "addr:housenumber": null, "level": null, "smoking": null, "beds": null, "internet_access": null, "internet_access:fee": null, "operator": null, "rooms": null, "wheelchair": "no", "stars": null, "opening_hours": "08:30-22:00", "addr:full": null, "building": "yes", "building:levels": null, "capacity:persons": null, "operator:type": null, "school:type_idn": null, "website": null, "historic": null, "capacity": null, "delivery": null, "description": null, "outdoor_seating": null, "phone": null, "takeaway": null, "leisure": null, "emergency": null, "healthcare": null, "healthcare:speciality": null, "brand": null, "brand:wikidata": null, "brand:wikipedia": null, "short_name": null, "diet:halal": null, "branch": null, "email": null, "air_conditioning": null, "guest_house": null, "name:en": null, "addr:housename": null, "addr:province": null, "addr:unit": null, "addr:district": null, "addr:neighbourhood": null, "addr:subdistrict": null, "contact:instagram": null, "sport": null, "url": null, "old_name": null, "payment:cash": null, "payment:coins": null, "payment:ep_cash": null, "payment:visa": null, "payment:visa_debit": null, "building:roof": null, "building:structure": null, "building:walls": null, "access:roof": null, "hospital:type": null, "landuse": null, "height": null, "addr:street:sym_ul": null, "religion": null, "internet_access:ssid": null, "museum": null, "name:id": null, "wikimedia_commons": null, "school": null, "area": null, "tactile_paving": null, "wikidata": null, "since": null, "layer": null, "type": null, "path": "/home/perhanjay/QGIS/balikpapan_pois_pol_poi.gpkg" }, "geometry": { "type": "Point", "coordinates": [ 116.8610777, -1.21219255 ] } },
{ "type": "Feature", "properties": { "element": "way", "id": 373553918.0, "amenity": null, "name": "Toko Rica", "tourism": null, "cuisine": null, "addr:city": null, "addr:postcode": null, "addr:street": null, "shop": "supermarket", "addr:housenumber": null, "level": null, "smoking": null, "beds": null, "internet_access": null, "internet_access:fee": null, "operator": null, "rooms": null, "wheelchair": "no", "stars": null, "opening_hours": "24/7", "addr:full": null, "building": "yes", "building:levels": null, "capacity:persons": null, "operator:type": null, "school:type_idn": null, "website": null, "historic": null, "capacity": null, "delivery": null, "description": null, "outdoor_seating": null, "phone": null, "takeaway": null, "leisure": null, "emergency": null, "healthcare": null, "healthcare:speciality": null, "brand": null, "brand:wikidata": null, "brand:wikipedia": null, "short_name": null, "diet:halal": null, "branch": null, "email": null, "air_conditioning": null, "guest_house": null, "name:en": null, "addr:housename": null, "addr:province": null, "addr:unit": null, "addr:district": null, "addr:neighbourhood": null, "addr:subdistrict": null, "contact:instagram": null, "sport": null, "url": null, "old_name": null, "payment:cash": null, "payment:coins": null, "payment:ep_cash": null, "payment:visa": null, "payment:visa_debit": null, "building:roof": null, "building:structure": null, "building:walls": null, "access:roof": null, "hospital:type": null, "landuse": null, "height": null, "addr:street:sym_ul": null, "religion": null, "internet_access:ssid": null, "museum": null, "name:id": null, "wikimedia_commons": null, "school": null, "area": null, "tactile_paving": null, "wikidata": null, "since": null, "layer": null, "type": null, "path": "/home/perhanjay/QGIS/balikpapan_pois_pol_poi.gpkg" }, "geometry": { "type": "Point", "coordinates": [ 116.856413131129457, -1.214626456639004 ] } },
{ "type": "Feature", "properties": { "element": "way", "id": 373554497.0, "amenity": null, "name": "Alfamidi Soekarno Hatta 3", "tourism": null, "cuisine": null, "addr:city": null, "addr:postcode": null, "addr:street": null, "shop": "supermarket", "addr:housenumber": null, "level": null, "smoking": null, "beds": null, "internet_access": null, "internet_access:fee": null, "operator": null, "rooms": null, "wheelchair": null, "stars": null, "opening_hours": null, "addr:full": null, "building": "yes", "building:levels": null, "capacity:persons": null, "operator:type": null, "school:type_idn": null, "website": null, "historic": null, "capacity": null, "delivery": null, "description": null, "outdoor_seating": null, "phone": null, "takeaway": null, "leisure": null, "emergency": null, "healthcare": null, "healthcare:speciality": null, "brand": null, "brand:wikidata": null, "brand:wikipedia": null, "short_name": null, "diet:halal": null, "branch": null, "email": null, "air_conditioning": null, "guest_house": null, "name:en": null, "addr:housename": null, "addr:province": null, "addr:unit": null, "addr:district": null, "addr:neighbourhood": null, "addr:subdistrict": null, "contact:instagram": null, "sport": null, "url": null, "old_name": null, "payment:cash": null, "payment:coins": null, "payment:ep_cash": null, "payment:visa": null, "payment:visa_debit": null, "building:roof": null, "building:structure": null, "building:walls": null, "access:roof": null, "hospital:type": null, "landuse": null, "height": null, "addr:street:sym_ul": null, "religion": null, "internet_access:ssid": null, "museum": null, "name:id": null, "wikimedia_commons": null, "school": null, "area": null, "tactile_paving": null, "wikidata": null, "since": null, "layer": null, "type": null, "path": "/home/perhanjay/QGIS/balikpapan_pois_pol_poi.gpkg" }, "geometry": { "type": "Point", "coordinates": [ 116.8584011, -1.2129494 ] } },
{ "type": "Feature", "properties": { "element": "way", "id": 373554713.0, "amenity": "restaurant", "name": "D Therras Food & Resto", "tourism": null, "cuisine": null, "addr:city": null, "addr:postcode": null, "addr:street": null, "shop": null, "addr:housenumber": null, "level": null, "smoking": null, "beds": null, "internet_access": null, "internet_access:fee": null, "operator": null, "rooms": null, "wheelchair": null, "stars": null, "opening_hours": null, "addr:full": null, "building": "yes", "building:levels": null, "capacity:persons": null, "operator:type": null, "school:type_idn": null, "website": null, "historic": null, "capacity": null, "delivery": null, "description": null, "outdoor_seating": null, "phone": null, "takeaway": null, "leisure": null, "emergency": null, "healthcare": null, "healthcare:speciality": null, "brand": null, "brand:wikidata": null, "brand:wikipedia": null, "short_name": null, "diet:halal": null, "branch": null, "email": null, "air_conditioning": null, "guest_house": null, "name:en": null, "addr:housename": null, "addr:province": null, "addr:unit": null, "addr:district": null, "addr:neighbourhood": null, "addr:subdistrict": null, "contact:instagram": null, "sport": null, "url": null, "old_name": null, "payment:cash": null, "payment:coins": null, "payment:ep_cash": null, "payment:visa": null, "payment:visa_debit": null, "building:roof": null, "building:structure": null, "building:walls": null, "access:roof": null, "hospital:type": null, "landuse": null, "height": null, "addr:street:sym_ul": null, "religion": null, "internet_access:ssid": null, "museum": null, "name:id": null, "wikimedia_commons": null, "school": null, "area": null, "tactile_paving": null, "wikidata": null, "since": null, "layer": null, "type": null, "path": "/home/perhanjay/QGIS/balikpapan_pois_pol_poi.gpkg" }, "geometry": { "type": "Point", "coordinates": [ 116.854530449921057, -1.246640880476056 ] } },
{ "type": "Feature", "properties": { "element": "way", "id": 373554760.0, "amenity": null, "name": "Rumah Kos Reza", "tourism": "hostel", "cuisine": null, "addr:city": null, "addr:postcode": null, "addr:street": null, "shop": null, "addr:housenumber": null, "level": null, "smoking": null, "beds": null, "internet_access": null, "internet_access:fee": null, "operator": null, "rooms": null, "wheelchair": null, "stars": null, "opening_hours": null, "addr:full": null, "building": "yes", "building:levels": null, "capacity:persons": null, "operator:type": null, "school:type_idn": null, "website": null, "historic": null, "capacity": null, "delivery": null, "description": null, "outdoor_seating": null, "phone": null, "takeaway": null, "leisure": null, "emergency": null, "healthcare": null, "healthcare:speciality": null, "brand": null, "brand:wikidata": null, "brand:wikipedia": null, "short_name": null, "diet:halal": null, "branch": null, "email": null, "air_conditioning": null, "guest_house": null, "name:en": null, "addr:housename": null, "addr:province": null, "addr:unit": null, "addr:district": null, "addr:neighbourhood": null, "addr:subdistrict": null, "contact:instagram": null, "sport": null, "url": null, "old_name": null, "payment:cash": null, "payment:coins": null, "payment:ep_cash": null, "payment:visa": null, "payment:visa_debit": null, "building:roof": null, "building:structure": null, "building:walls": null, "access:roof": null, "hospital:type": null, "landuse": null, "height": null, "addr:street:sym_ul": null, "religion": null, "internet_access:ssid": null, "museum": null, "name:id": null, "wikimedia_commons": null, "school": null, "area": null, "tactile_paving": null, "wikidata": null, "since": null, "layer": null, "type": null, "path": "/home/perhanjay/QGIS/balikpapan_pois_pol_poi.gpkg" }, "geometry": { "type": "Point", "coordinates": [ 116.855735100000018, -1.2455636 ] } },
{ "type": "Feature", "properties": { "element": "way", "id": 373554795.0, "amenity": null, "name": "Kost Rinny 1", "tourism": "hostel", "cuisine": null, "addr:city": null, "addr:postcode": null, "addr:street": null, "shop": null, "addr:housenumber": null, "level": null, "smoking": null, "beds": null, "internet_access": null, "internet_access:fee": null, "operator": null, "rooms": null, "wheelchair": null, "stars": null, "opening_hours": null, "addr:full": null, "building": "yes", "building:levels": null, "capacity:persons": null, "operator:type": null, "school:type_idn": null, "website": null, "historic": null, "capacity": null, "delivery": null, "description": null, "outdoor_seating": null, "phone": null, "takeaway": null, "leisure": null, "emergency": null, "healthcare": null, "healthcare:speciality": null, "brand": null, "brand:wikidata": null, "brand:wikipedia": null, "short_name": null, "diet:halal": null, "branch": null, "email": null, "air_conditioning": null, "guest_house": null, "name:en": null, "addr:housename": null, "addr:province": null, "addr:unit": null, "addr:district": null, "addr:neighbourhood": null, "addr:subdistrict": null, "contact:instagram": null, "sport": null, "url": null, "old_name": null, "payment:cash": null, "payment:coins": null, "payment:ep_cash": null, "payment:visa": null, "payment:visa_debit": null, "building:roof": null, "building:structure": null, "building:walls": null, "access:roof": null, "hospital:type": null, "landuse": null, "height": null, "addr:street:sym_ul": null, "religion": null, "internet_access:ssid": null, "museum": null, "name:id": null, "wikimedia_commons": null, "school": null, "area": null, "tactile_paving": null, "wikidata": null, "since": null, "layer": null, "type": null, "path": "/home/perhanjay/QGIS/balikpapan_pois_pol_poi.gpkg" }, "geometry": { "type": "Point", "coordinates": [ 116.853601225341436, -1.244319610948919 ] } },
{ "type": "Feature", "properties": { "element": "way", "id": 374388287.0, "amenity": "hospital", "name": "RS Bhayangkara Balikpapan", "tourism": null, "cuisine": null, "addr:city": "Balikpapan", "addr:postcode": null, "addr:street": null, "shop": null, "addr:housenumber": null, "level": null, "smoking": null, "beds": null, "internet_access": null, "internet_access:fee": null, "operator": null, "rooms": null, "wheelchair": null, "stars": null, "opening_hours": null, "addr:full": "Jalan Jenderal Sudirman No.14, Klandasan Ilir, Balikpapan Sel., Kota Balikpapan, Kalimantan Timur", "building": null, "building:levels": null, "capacity:persons": null, "operator:type": "government", "school:type_idn": null, "website": "https://rsb.co.id/", "historic": null, "capacity": null, "delivery": null, "description": null, "outdoor_seating": null, "phone": null, "takeaway": null, "leisure": null, "emergency": null, "healthcare": "hospital", "healthcare:speciality": null, "brand": null, "brand:wikidata": null, "brand:wikipedia": null, "short_name": null, "diet:halal": null, "branch": null, "email": null, "air_conditioning": null, "guest_house": null, "name:en": null, "addr:housename": null, "addr:province": null, "addr:unit": null, "addr:district": null, "addr:neighbourhood": null, "addr:subdistrict": null, "contact:instagram": null, "sport": null, "url": null, "old_name": null, "payment:cash": null, "payment:coins": null, "payment:ep_cash": null, "payment:visa": null, "payment:visa_debit": null, "building:roof": null, "building:structure": null, "building:walls": null, "access:roof": null, "hospital:type": "D", "landuse": null, "height": null, "addr:street:sym_ul": null, "religion": null, "internet_access:ssid": null, "museum": null, "name:id": null, "wikimedia_commons": null, "school": null, "area": null, "tactile_paving": null, "wikidata": null, "since": null, "layer": null, "type": null, "path": "/home/perhanjay/QGIS/balikpapan_pois_pol_poi.gpkg" }, "geometry": { "type": "Point", "coordinates": [ 116.819744268685781, -1.279776941373424 ] } },
{ "type": "Feature", "properties": { "element": "way", "id": 374388291.0, "amenity": "restaurant", "name": "Rumah Makan Pasundan", "tourism": null, "cuisine": null, "addr:city": null, "addr:postcode": null, "addr:street": null, "shop": null, "addr:housenumber": null, "level": null, "smoking": null, "beds": null, "internet_access": null, "internet_access:fee": null, "operator": null, "rooms": null, "wheelchair": null, "stars": null, "opening_hours": null, "addr:full": "Jl. Jendral Sudirman", "building": "yes", "building:levels": "1", "capacity:persons": "100", "operator:type": null, "school:type_idn": null, "website": null, "historic": null, "capacity": null, "delivery": null, "description": null, "outdoor_seating": null, "phone": null, "takeaway": null, "leisure": null, "emergency": null, "healthcare": null, "healthcare:speciality": null, "brand": null, "brand:wikidata": null, "brand:wikipedia": null, "short_name": null, "diet:halal": null, "branch": null, "email": null, "air_conditioning": null, "guest_house": null, "name:en": null, "addr:housename": null, "addr:province": null, "addr:unit": null, "addr:district": null, "addr:neighbourhood": null, "addr:subdistrict": null, "contact:instagram": null, "sport": null, "url": null, "old_name": null, "payment:cash": null, "payment:coins": null, "payment:ep_cash": null, "payment:visa": null, "payment:visa_debit": null, "building:roof": null, "building:structure": null, "building:walls": null, "access:roof": null, "hospital:type": null, "landuse": null, "height": null, "addr:street:sym_ul": null, "religion": null, "internet_access:ssid": null, "museum": null, "name:id": null, "wikimedia_commons": null, "school": null, "area": null, "tactile_paving": null, "wikidata": null, "since": null, "layer": null, "type": null, "path": "/home/perhanjay/QGIS/balikpapan_pois_pol_poi.gpkg" }, "geometry": { "type": "Point", "coordinates": [ 116.818711906217615, -1.279719371946259 ] } },
{ "type": "Feature", "properties": { "element": "way", "id": 374523358.0, "amenity": null, "name": "Hotel Benakutai", "tourism": "hotel", "cuisine": null, "addr:city": "Balikpapan", "addr:postcode": null, "addr:street": "Jl. Ahmad Yani", "shop": null, "addr:housenumber": null, "level": null, "smoking": null, "beds": null, "internet_access": null, "internet_access:fee": null, "operator": null, "rooms": null, "wheelchair": null, "stars": null, "opening_hours": null, "addr:full": "Jl. Ahmad Yani", "building": null, "building:levels": "12", "capacity:persons": "1500", "operator:type": null, "school:type_idn": null, "website": null, "historic": null, "capacity": null, "delivery": null, "description": null, "outdoor_seating": null, "phone": null, "takeaway": null, "leisure": null, "emergency": null, "healthcare": null, "healthcare:speciality": null, "brand": null, "brand:wikidata": null, "brand:wikipedia": null, "short_name": null, "diet:halal": null, "branch": null, "email": null, "air_conditioning": null, "guest_house": null, "name:en": null, "addr:housename": null, "addr:province": null, "addr:unit": null, "addr:district": null, "addr:neighbourhood": null, "addr:subdistrict": null, "contact:instagram": null, "sport": null, "url": null, "old_name": null, "payment:cash": null, "payment:coins": null, "payment:ep_cash": null, "payment:visa": null, "payment:visa_debit": null, "building:roof": null, "building:structure": null, "building:walls": null, "access:roof": null, "hospital:type": null, "landuse": "commercial", "height": null, "addr:street:sym_ul": null, "religion": null, "internet_access:ssid": null, "museum": null, "name:id": null, "wikimedia_commons": null, "school": null, "area": null, "tactile_paving": null, "wikidata": null, "since": null, "layer": null, "type": null, "path": "/home/perhanjay/QGIS/balikpapan_pois_pol_poi.gpkg" }, "geometry": { "type": "Point", "coordinates": [ 116.838827087102956, -1.275062819846107 ] } },
{ "type": "Feature", "properties": { "element": "way", "id": 374523359.0, "amenity": null, "name": "Hotel City", "tourism": "hotel", "cuisine": null, "addr:city": null, "addr:postcode": null, "addr:street": null, "shop": null, "addr:housenumber": null, "level": null, "smoking": null, "beds": null, "internet_access": null, "internet_access:fee": null, "operator": null, "rooms": null, "wheelchair": null, "stars": null, "opening_hours": null, "addr:full": "Jl. Jendral Sudirman", "building": "yes", "building:levels": "7", "capacity:persons": "1000", "operator:type": null, "school:type_idn": null, "website": null, "historic": null, "capacity": null, "delivery": null, "description": null, "outdoor_seating": null, "phone": null, "takeaway": null, "leisure": null, "emergency": null, "healthcare": null, "healthcare:speciality": null, "brand": null, "brand:wikidata": null, "brand:wikipedia": null, "short_name": null, "diet:halal": null, "branch": null, "email": null, "air_conditioning": null, "guest_house": null, "name:en": null, "addr:housename": null, "addr:province": null, "addr:unit": null, "addr:district": null, "addr:neighbourhood": null, "addr:subdistrict": null, "contact:instagram": null, "sport": null, "url": null, "old_name": null, "payment:cash": null, "payment:coins": null, "payment:ep_cash": null, "payment:visa": null, "payment:visa_debit": null, "building:roof": null, "building:structure": null, "building:walls": null, "access:roof": null, "hospital:type": null, "landuse": null, "height": null, "addr:street:sym_ul": null, "religion": null, "internet_access:ssid": null, "museum": null, "name:id": null, "wikimedia_commons": null, "school": null, "area": null, "tactile_paving": null, "wikidata": null, "since": null, "layer": null, "type": null, "path": "/home/perhanjay/QGIS/balikpapan_pois_pol_poi.gpkg" }, "geometry": { "type": "Point", "coordinates": [ 116.83160585, -1.2768231 ] } },
{ "type": "Feature", "properties": { "element": "way", "id": 374830167.0, "amenity": null, "name": "Hotel Grand Senyiur", "tourism": "hotel", "cuisine": null, "addr:city": null, "addr:postcode": null, "addr:street": null, "shop": null, "addr:housenumber": null, "level": null, "smoking": null, "beds": null, "internet_access": null, "internet_access:fee": null, "operator": null, "rooms": null, "wheelchair": null, "stars": null, "opening_hours": null, "addr:full": "Jl. Ery Supardjan", "building": "yes", "building:levels": ">7", "capacity:persons": "3000", "operator:type": null, "school:type_idn": null, "website": null, "historic": null, "capacity": null, "delivery": null, "description": null, "outdoor_seating": null, "phone": null, "takeaway": null, "leisure": null, "emergency": null, "healthcare": null, "healthcare:speciality": null, "brand": null, "brand:wikidata": null, "brand:wikipedia": null, "short_name": null, "diet:halal": null, "branch": null, "email": null, "air_conditioning": null, "guest_house": null, "name:en": null, "addr:housename": null, "addr:province": null, "addr:unit": null, "addr:district": null, "addr:neighbourhood": null, "addr:subdistrict": null, "contact:instagram": null, "sport": null, "url": null, "old_name": null, "payment:cash": null, "payment:coins": null, "payment:ep_cash": null, "payment:visa": null, "payment:visa_debit": null, "building:roof": null, "building:structure": null, "building:walls": null, "access:roof": null, "hospital:type": null, "landuse": null, "height": null, "addr:street:sym_ul": null, "religion": null, "internet_access:ssid": null, "museum": null, "name:id": null, "wikimedia_commons": null, "school": null, "area": null, "tactile_paving": null, "wikidata": null, "since": null, "layer": null, "type": null, "path": "/home/perhanjay/QGIS/balikpapan_pois_pol_poi.gpkg" }, "geometry": { "type": "Point", "coordinates": [ 116.833286653689683, -1.272933045184395 ] } },
{ "type": "Feature", "properties": { "element": "way", "id": 374830176.0, "amenity": "hospital", "name": "RST Dr Hardjanto", "tourism": null, "cuisine": null, "addr:city": null, "addr:postcode": null, "addr:street": null, "shop": null, "addr:housenumber": null, "level": null, "smoking": null, "beds": null, "internet_access": null, "internet_access:fee": null, "operator": null, "rooms": "60", "wheelchair": null, "stars": null, "opening_hours": null, "addr:full": "Jl. Tanjung Pura", "building": null, "building:levels": null, "capacity:persons": "600", "operator:type": "private", "school:type_idn": null, "website": null, "historic": null, "capacity": null, "delivery": null, "description": null, "outdoor_seating": null, "phone": null, "takeaway": null, "leisure": null, "emergency": null, "healthcare": "hospital", "healthcare:speciality": null, "brand": null, "brand:wikidata": null, "brand:wikipedia": null, "short_name": null, "diet:halal": null, "branch": null, "email": null, "air_conditioning": null, "guest_house": null, "name:en": null, "addr:housename": null, "addr:province": null, "addr:unit": null, "addr:district": null, "addr:neighbourhood": null, "addr:subdistrict": null, "contact:instagram": null, "sport": null, "url": "rstbpp@balikpapan.wasantara.net.id", "old_name": null, "payment:cash": null, "payment:coins": null, "payment:ep_cash": null, "payment:visa": null, "payment:visa_debit": null, "building:roof": null, "building:structure": null, "building:walls": null, "access:roof": null, "hospital:type": "C", "landuse": null, "height": null, "addr:street:sym_ul": null, "religion": null, "internet_access:ssid": null, "museum": null, "name:id": null, "wikimedia_commons": null, "school": null, "area": null, "tactile_paving": null, "wikidata": null, "since": null, "layer": null, "type": null, "path": "/home/perhanjay/QGIS/balikpapan_pois_pol_poi.gpkg" }, "geometry": { "type": "Point", "coordinates": [ 116.828885226851156, -1.273954828968293 ] } },
{ "type": "Feature", "properties": { "element": "way", "id": 375037719.0, "amenity": null, "name": "Hotel Grand Tiga Mustika", "tourism": "hotel", "cuisine": null, "addr:city": null, "addr:postcode": null, "addr:street": null, "shop": null, "addr:housenumber": null, "level": null, "smoking": null, "beds": null, "internet_access": null, "internet_access:fee": null, "operator": null, "rooms": null, "wheelchair": null, "stars": null, "opening_hours": null, "addr:full": "Jl. Ery Supardjan", "building": "yes", "building:levels": "4-7", "capacity:persons": "2000", "operator:type": null, "school:type_idn": null, "website": null, "historic": null, "capacity": null, "delivery": null, "description": null, "outdoor_seating": null, "phone": null, "takeaway": null, "leisure": null, "emergency": null, "healthcare": null, "healthcare:speciality": null, "brand": null, "brand:wikidata": null, "brand:wikipedia": null, "short_name": null, "diet:halal": null, "branch": null, "email": null, "air_conditioning": null, "guest_house": null, "name:en": null, "addr:housename": null, "addr:province": null, "addr:unit": null, "addr:district": null, "addr:neighbourhood": null, "addr:subdistrict": null, "contact:instagram": null, "sport": null, "url": null, "old_name": null, "payment:cash": null, "payment:coins": null, "payment:ep_cash": null, "payment:visa": null, "payment:visa_debit": null, "building:roof": null, "building:structure": null, "building:walls": null, "access:roof": null, "hospital:type": null, "landuse": null, "height": null, "addr:street:sym_ul": null, "religion": null, "internet_access:ssid": null, "museum": null, "name:id": null, "wikimedia_commons": null, "school": null, "area": null, "tactile_paving": null, "wikidata": null, "since": null, "layer": null, "type": null, "path": "/home/perhanjay/QGIS/balikpapan_pois_pol_poi.gpkg" }, "geometry": { "type": "Point", "coordinates": [ 116.832082325842023, -1.273319403129592 ] } },
{ "type": "Feature", "properties": { "element": "way", "id": 375037720.0, "amenity": null, "name": null, "tourism": "hotel", "cuisine": null, "addr:city": null, "addr:postcode": null, "addr:street": null, "shop": null, "addr:housenumber": null, "level": null, "smoking": null, "beds": null, "internet_access": null, "internet_access:fee": null, "operator": null, "rooms": null, "wheelchair": null, "stars": null, "opening_hours": null, "addr:full": "Jl. APT. Pranoto", "building": "yes", "building:levels": "7", "capacity:persons": "1000", "operator:type": null, "school:type_idn": null, "website": null, "historic": null, "capacity": null, "delivery": null, "description": null, "outdoor_seating": null, "phone": null, "takeaway": null, "leisure": null, "emergency": null, "healthcare": null, "healthcare:speciality": null, "brand": null, "brand:wikidata": null, "brand:wikipedia": null, "short_name": null, "diet:halal": null, "branch": null, "email": null, "air_conditioning": null, "guest_house": null, "name:en": null, "addr:housename": null, "addr:province": null, "addr:unit": null, "addr:district": null, "addr:neighbourhood": null, "addr:subdistrict": null, "contact:instagram": null, "sport": null, "url": null, "old_name": null, "payment:cash": null, "payment:coins": null, "payment:ep_cash": null, "payment:visa": null, "payment:visa_debit": null, "building:roof": null, "building:structure": null, "building:walls": null, "access:roof": null, "hospital:type": null, "landuse": null, "height": null, "addr:street:sym_ul": null, "religion": null, "internet_access:ssid": null, "museum": null, "name:id": null, "wikimedia_commons": null, "school": null, "area": null, "tactile_paving": null, "wikidata": null, "since": null, "layer": null, "type": null, "path": "/home/perhanjay/QGIS/balikpapan_pois_pol_poi.gpkg" }, "geometry": { "type": "Point", "coordinates": [ 116.837372385395653, -1.274919905903103 ] } },
{ "type": "Feature", "properties": { "element": "way", "id": 375241453.0, "amenity": null, "name": "Rumah Panggung", "tourism": "attraction", "cuisine": null, "addr:city": null, "addr:postcode": null, "addr:street": null, "shop": null, "addr:housenumber": null, "level": null, "smoking": null, "beds": null, "internet_access": null, "internet_access:fee": null, "operator": null, "rooms": null, "wheelchair": null, "stars": null, "opening_hours": null, "addr:full": null, "building": "yes", "building:levels": "1", "capacity:persons": null, "operator:type": null, "school:type_idn": null, "website": null, "historic": null, "capacity": null, "delivery": null, "description": null, "outdoor_seating": null, "phone": null, "takeaway": null, "leisure": null, "emergency": null, "healthcare": null, "healthcare:speciality": null, "brand": null, "brand:wikidata": null, "brand:wikipedia": null, "short_name": null, "diet:halal": null, "branch": null, "email": null, "air_conditioning": null, "guest_house": null, "name:en": null, "addr:housename": null, "addr:province": null, "addr:unit": null, "addr:district": null, "addr:neighbourhood": null, "addr:subdistrict": null, "contact:instagram": null, "sport": null, "url": null, "old_name": null, "payment:cash": null, "payment:coins": null, "payment:ep_cash": null, "payment:visa": null, "payment:visa_debit": null, "building:roof": null, "building:structure": null, "building:walls": null, "access:roof": null, "hospital:type": null, "landuse": null, "height": "8", "addr:street:sym_ul": null, "religion": null, "internet_access:ssid": null, "museum": null, "name:id": null, "wikimedia_commons": null, "school": null, "area": null, "tactile_paving": null, "wikidata": null, "since": null, "layer": null, "type": null, "path": "/home/perhanjay/QGIS/balikpapan_pois_pol_poi.gpkg" }, "geometry": { "type": "Point", "coordinates": [ 116.814843221396586, -1.276585987092469 ] } },
{ "type": "Feature", "properties": { "element": "way", "id": 375574185.0, "amenity": null, "name": "Ibis", "tourism": "hotel", "cuisine": null, "addr:city": null, "addr:postcode": null, "addr:street": null, "shop": null, "addr:housenumber": null, "level": null, "smoking": null, "beds": null, "internet_access": null, "internet_access:fee": null, "operator": null, "rooms": null, "wheelchair": null, "stars": null, "opening_hours": null, "addr:full": "Jl. Ery Supardjan", "building": "yes", "building:levels": "7", "capacity:persons": "2000", "operator:type": null, "school:type_idn": null, "website": null, "historic": null, "capacity": null, "delivery": null, "description": null, "outdoor_seating": null, "phone": null, "takeaway": null, "leisure": null, "emergency": null, "healthcare": null, "healthcare:speciality": null, "brand": "Ibis", "brand:wikidata": "Q920166", "brand:wikipedia": "en:Ibis (hotel)", "short_name": null, "diet:halal": null, "branch": null, "email": null, "air_conditioning": null, "guest_house": null, "name:en": null, "addr:housename": null, "addr:province": null, "addr:unit": null, "addr:district": null, "addr:neighbourhood": null, "addr:subdistrict": null, "contact:instagram": null, "sport": null, "url": null, "old_name": null, "payment:cash": null, "payment:coins": null, "payment:ep_cash": null, "payment:visa": null, "payment:visa_debit": null, "building:roof": null, "building:structure": null, "building:walls": null, "access:roof": null, "hospital:type": null, "landuse": null, "height": null, "addr:street:sym_ul": null, "religion": null, "internet_access:ssid": null, "museum": null, "name:id": null, "wikimedia_commons": null, "school": null, "area": null, "tactile_paving": null, "wikidata": null, "since": null, "layer": null, "type": null, "path": "/home/perhanjay/QGIS/balikpapan_pois_pol_poi.gpkg" }, "geometry": { "type": "Point", "coordinates": [ 116.834766350000024, -1.2749854 ] } },
{ "type": "Feature", "properties": { "element": "way", "id": 375574225.0, "amenity": null, "name": "Hotel Aiqo", "tourism": "hotel", "cuisine": null, "addr:city": "Balikpapan Tengah", "addr:postcode": "76121", "addr:street": "APT Pranoto", "shop": null, "addr:housenumber": "No. 9 RT. 39", "level": null, "smoking": null, "beds": null, "internet_access": null, "internet_access:fee": null, "operator": null, "rooms": null, "wheelchair": null, "stars": null, "opening_hours": null, "addr:full": null, "building": "commercial", "building:levels": "5", "capacity:persons": null, "operator:type": null, "school:type_idn": null, "website": null, "historic": null, "capacity": null, "delivery": null, "description": null, "outdoor_seating": null, "phone": "+62 813 4448 5008", "takeaway": null, "leisure": null, "emergency": null, "healthcare": null, "healthcare:speciality": null, "brand": "Hotel Aiqo", "brand:wikidata": null, "brand:wikipedia": null, "short_name": null, "diet:halal": null, "branch": null, "email": "aiqohotel@yahoo.co.id", "air_conditioning": null, "guest_house": null, "name:en": null, "addr:housename": null, "addr:province": null, "addr:unit": null, "addr:district": null, "addr:neighbourhood": null, "addr:subdistrict": null, "contact:instagram": null, "sport": null, "url": null, "old_name": null, "payment:cash": null, "payment:coins": null, "payment:ep_cash": null, "payment:visa": null, "payment:visa_debit": null, "building:roof": null, "building:structure": null, "building:walls": null, "access:roof": null, "hospital:type": null, "landuse": null, "height": null, "addr:street:sym_ul": null, "religion": null, "internet_access:ssid": null, "museum": null, "name:id": null, "wikimedia_commons": null, "school": null, "area": null, "tactile_paving": null, "wikidata": null, "since": null, "layer": null, "type": null, "path": "/home/perhanjay/QGIS/balikpapan_pois_pol_poi.gpkg" }, "geometry": { "type": "Point", "coordinates": [ 116.837471677565787, -1.273967073448524 ] } },
{ "type": "Feature", "properties": { "element": "way", "id": 375574238.0, "amenity": "restaurant", "name": "Warung Surabaya", "tourism": null, "cuisine": null, "addr:city": null, "addr:postcode": null, "addr:street": null, "shop": null, "addr:housenumber": null, "level": null, "smoking": null, "beds": null, "internet_access": null, "internet_access:fee": null, "operator": null, "rooms": null, "wheelchair": null, "stars": null, "opening_hours": null, "addr:full": null, "building": "yes", "building:levels": null, "capacity:persons": null, "operator:type": null, "school:type_idn": null, "website": null, "historic": null, "capacity": null, "delivery": null, "description": null, "outdoor_seating": null, "phone": null, "takeaway": null, "leisure": null, "emergency": null, "healthcare": null, "healthcare:speciality": null, "brand": null, "brand:wikidata": null, "brand:wikipedia": null, "short_name": null, "diet:halal": null, "branch": null, "email": null, "air_conditioning": null, "guest_house": null, "name:en": null, "addr:housename": null, "addr:province": null, "addr:unit": null, "addr:district": null, "addr:neighbourhood": null, "addr:subdistrict": null, "contact:instagram": null, "sport": null, "url": null, "old_name": null, "payment:cash": null, "payment:coins": null, "payment:ep_cash": null, "payment:visa": null, "payment:visa_debit": null, "building:roof": null, "building:structure": null, "building:walls": null, "access:roof": null, "hospital:type": null, "landuse": null, "height": null, "addr:street:sym_ul": null, "religion": null, "internet_access:ssid": null, "museum": null, "name:id": null, "wikimedia_commons": null, "school": null, "area": null, "tactile_paving": null, "wikidata": null, "since": null, "layer": null, "type": null, "path": "/home/perhanjay/QGIS/balikpapan_pois_pol_poi.gpkg" }, "geometry": { "type": "Point", "coordinates": [ 116.82075404495086, -1.274169725830841 ] } },
{ "type": "Feature", "properties": { "element": "way", "id": 375755595.0, "amenity": null, "name": "Hotel Pasific", "tourism": "hotel", "cuisine": null, "addr:city": null, "addr:postcode": null, "addr:street": null, "shop": null, "addr:housenumber": null, "level": null, "smoking": null, "beds": null, "internet_access": null, "internet_access:fee": null, "operator": null, "rooms": null, "wheelchair": null, "stars": null, "opening_hours": null, "addr:full": "Jl. Ahmad Yani", "building": "yes", "building:levels": ">7", "capacity:persons": "1000", "operator:type": null, "school:type_idn": null, "website": null, "historic": null, "capacity": null, "delivery": null, "description": null, "outdoor_seating": null, "phone": null, "takeaway": null, "leisure": null, "emergency": null, "healthcare": null, "healthcare:speciality": null, "brand": null, "brand:wikidata": null, "brand:wikipedia": null, "short_name": null, "diet:halal": null, "branch": null, "email": null, "air_conditioning": null, "guest_house": null, "name:en": null, "addr:housename": null, "addr:province": null, "addr:unit": null, "addr:district": null, "addr:neighbourhood": null, "addr:subdistrict": null, "contact:instagram": null, "sport": null, "url": null, "old_name": null, "payment:cash": null, "payment:coins": null, "payment:ep_cash": null, "payment:visa": null, "payment:visa_debit": null, "building:roof": null, "building:structure": null, "building:walls": null, "access:roof": null, "hospital:type": null, "landuse": null, "height": null, "addr:street:sym_ul": null, "religion": null, "internet_access:ssid": null, "museum": null, "name:id": null, "wikimedia_commons": null, "school": null, "area": null, "tactile_paving": null, "wikidata": null, "since": null, "layer": null, "type": null, "path": "/home/perhanjay/QGIS/balikpapan_pois_pol_poi.gpkg" }, "geometry": { "type": "Point", "coordinates": [ 116.83845428851788, -1.271261620036518 ] } },
{ "type": "Feature", "properties": { "element": "way", "id": 375755601.0, "amenity": null, "name": "Lingkungan Monumen Perjuangan Rakyat Balikpapan", "tourism": null, "cuisine": null, "addr:city": null, "addr:postcode": null, "addr:street": null, "shop": null, "addr:housenumber": null, "level": null, "smoking": null, "beds": null, "internet_access": null, "internet_access:fee": null, "operator": null, "rooms": null, "wheelchair": null, "stars": null, "opening_hours": null, "addr:full": null, "building": null, "building:levels": null, "capacity:persons": null, "operator:type": null, "school:type_idn": null, "website": null, "historic": null, "capacity": null, "delivery": null, "description": null, "outdoor_seating": null, "phone": null, "takeaway": null, "leisure": "park", "emergency": null, "healthcare": null, "healthcare:speciality": null, "brand": null, "brand:wikidata": null, "brand:wikipedia": null, "short_name": null, "diet:halal": null, "branch": null, "email": null, "air_conditioning": null, "guest_house": null, "name:en": null, "addr:housename": null, "addr:province": null, "addr:unit": null, "addr:district": null, "addr:neighbourhood": null, "addr:subdistrict": null, "contact:instagram": null, "sport": null, "url": null, "old_name": null, "payment:cash": null, "payment:coins": null, "payment:ep_cash": null, "payment:visa": null, "payment:visa_debit": null, "building:roof": null, "building:structure": null, "building:walls": null, "access:roof": null, "hospital:type": null, "landuse": null, "height": null, "addr:street:sym_ul": null, "religion": null, "internet_access:ssid": null, "museum": null, "name:id": null, "wikimedia_commons": null, "school": null, "area": null, "tactile_paving": null, "wikidata": null, "since": null, "layer": null, "type": null, "path": "/home/perhanjay/QGIS/balikpapan_pois_pol_poi.gpkg" }, "geometry": { "type": "Point", "coordinates": [ 116.822217181451748, -1.279177615045455 ] } },
{ "type": "Feature", "properties": { "element": "way", "id": 375755605.0, "amenity": "restaurant", "name": "Restauran Pantai Monumen", "tourism": null, "cuisine": null, "addr:city": null, "addr:postcode": null, "addr:street": null, "shop": null, "addr:housenumber": null, "level": null, "smoking": null, "beds": null, "internet_access": null, "internet_access:fee": null, "operator": null, "rooms": null, "wheelchair": null, "stars": null, "opening_hours": null, "addr:full": "Jl. Jenderal Sudirman", "building": "yes", "building:levels": "1", "capacity:persons": "200", "operator:type": null, "school:type_idn": null, "website": null, "historic": null, "capacity": null, "delivery": null, "description": null, "outdoor_seating": null, "phone": null, "takeaway": null, "leisure": null, "emergency": null, "healthcare": null, "healthcare:speciality": null, "brand": null, "brand:wikidata": null, "brand:wikipedia": null, "short_name": null, "diet:halal": null, "branch": null, "email": null, "air_conditioning": null, "guest_house": null, "name:en": null, "addr:housename": null, "addr:province": null, "addr:unit": null, "addr:district": null, "addr:neighbourhood": null, "addr:subdistrict": null, "contact:instagram": null, "sport": null, "url": null, "old_name": null, "payment:cash": null, "payment:coins": null, "payment:ep_cash": null, "payment:visa": null, "payment:visa_debit": null, "building:roof": null, "building:structure": null, "building:walls": null, "access:roof": null, "hospital:type": null, "landuse": null, "height": null, "addr:street:sym_ul": null, "religion": null, "internet_access:ssid": null, "museum": null, "name:id": null, "wikimedia_commons": null, "school": null, "area": null, "tactile_paving": null, "wikidata": null, "since": null, "layer": null, "type": null, "path": "/home/perhanjay/QGIS/balikpapan_pois_pol_poi.gpkg" }, "geometry": { "type": "Point", "coordinates": [ 116.821193700598258, -1.279248803948669 ] } },
{ "type": "Feature", "properties": { "element": "way", "id": 375755606.0, "amenity": "restaurant", "name": "Rumah Makan Segiri", "tourism": null, "cuisine": null, "addr:city": null, "addr:postcode": null, "addr:street": null, "shop": null, "addr:housenumber": null, "level": null, "smoking": null, "beds": null, "internet_access": null, "internet_access:fee": null, "operator": null, "rooms": null, "wheelchair": null, "stars": null, "opening_hours": null, "addr:full": "Jl. Jenderal Sudirman", "building": "yes", "building:levels": "1", "capacity:persons": "200", "operator:type": null, "school:type_idn": null, "website": null, "historic": null, "capacity": null, "delivery": null, "description": null, "outdoor_seating": null, "phone": null, "takeaway": null, "leisure": null, "emergency": null, "healthcare": null, "healthcare:speciality": null, "brand": null, "brand:wikidata": null, "brand:wikipedia": null, "short_name": null, "diet:halal": null, "branch": null, "email": null, "air_conditioning": null, "guest_house": null, "name:en": null, "addr:housename": null, "addr:province": null, "addr:unit": null, "addr:district": null, "addr:neighbourhood": null, "addr:subdistrict": null, "contact:instagram": null, "sport": null, "url": null, "old_name": null, "payment:cash": null, "payment:coins": null, "payment:ep_cash": null, "payment:visa": null, "payment:visa_debit": null, "building:roof": null, "building:structure": null, "building:walls": null, "access:roof": null, "hospital:type": null, "landuse": null, "height": null, "addr:street:sym_ul": null, "religion": null, "internet_access:ssid": null, "museum": null, "name:id": null, "wikimedia_commons": null, "school": null, "area": null, "tactile_paving": null, "wikidata": null, "since": null, "layer": null, "type": null, "path": "/home/perhanjay/QGIS/balikpapan_pois_pol_poi.gpkg" }, "geometry": { "type": "Point", "coordinates": [ 116.821281769407818, -1.279669085683619 ] } },
{ "type": "Feature", "properties": { "element": "way", "id": 375755610.0, "amenity": "restaurant", "name": "Kilang Mandiri Cafe & Resto", "tourism": null, "cuisine": null, "addr:city": null, "addr:postcode": null, "addr:street": null, "shop": null, "addr:housenumber": null, "level": null, "smoking": null, "beds": null, "internet_access": null, "internet_access:fee": null, "operator": null, "rooms": null, "wheelchair": null, "stars": null, "opening_hours": null, "addr:full": null, "building": "yes", "building:levels": null, "capacity:persons": null, "operator:type": null, "school:type_idn": null, "website": null, "historic": null, "capacity": null, "delivery": null, "description": null, "outdoor_seating": null, "phone": null, "takeaway": null, "leisure": null, "emergency": null, "healthcare": null, "healthcare:speciality": null, "brand": null, "brand:wikidata": null, "brand:wikipedia": null, "short_name": null, "diet:halal": null, "branch": null, "email": null, "air_conditioning": null, "guest_house": null, "name:en": null, "addr:housename": null, "addr:province": null, "addr:unit": null, "addr:district": null, "addr:neighbourhood": null, "addr:subdistrict": null, "contact:instagram": null, "sport": null, "url": null, "old_name": null, "payment:cash": null, "payment:coins": null, "payment:ep_cash": null, "payment:visa": null, "payment:visa_debit": null, "building:roof": null, "building:structure": null, "building:walls": null, "access:roof": null, "hospital:type": null, "landuse": null, "height": null, "addr:street:sym_ul": null, "religion": null, "internet_access:ssid": null, "museum": null, "name:id": null, "wikimedia_commons": null, "school": null, "area": null, "tactile_paving": null, "wikidata": null, "since": null, "layer": null, "type": null, "path": "/home/perhanjay/QGIS/balikpapan_pois_pol_poi.gpkg" }, "geometry": { "type": "Point", "coordinates": [ 116.81547695, -1.2805832 ] } },
{ "type": "Feature", "properties": { "element": "way", "id": 385835131.0, "amenity": "cafe", "name": "Toko 86", "tourism": null, "cuisine": "swalayan", "addr:city": "balikpapan", "addr:postcode": null, "addr:street": "Jl.Siaga", "shop": null, "addr:housenumber": null, "level": null, "smoking": null, "beds": null, "internet_access": null, "internet_access:fee": null, "operator": null, "rooms": null, "wheelchair": null, "stars": null, "opening_hours": null, "addr:full": null, "building": "yes", "building:levels": null, "capacity:persons": null, "operator:type": null, "school:type_idn": null, "website": null, "historic": null, "capacity": null, "delivery": null, "description": null, "outdoor_seating": null, "phone": null, "takeaway": null, "leisure": null, "emergency": null, "healthcare": null, "healthcare:speciality": null, "brand": null, "brand:wikidata": null, "brand:wikipedia": null, "short_name": null, "diet:halal": null, "branch": null, "email": null, "air_conditioning": null, "guest_house": null, "name:en": null, "addr:housename": null, "addr:province": null, "addr:unit": null, "addr:district": null, "addr:neighbourhood": null, "addr:subdistrict": null, "contact:instagram": null, "sport": null, "url": null, "old_name": null, "payment:cash": null, "payment:coins": null, "payment:ep_cash": null, "payment:visa": null, "payment:visa_debit": null, "building:roof": null, "building:structure": null, "building:walls": null, "access:roof": null, "hospital:type": null, "landuse": null, "height": null, "addr:street:sym_ul": null, "religion": null, "internet_access:ssid": null, "museum": null, "name:id": null, "wikimedia_commons": null, "school": null, "area": null, "tactile_paving": null, "wikidata": null, "since": null, "layer": null, "type": null, "path": "/home/perhanjay/QGIS/balikpapan_pois_pol_poi.gpkg" }, "geometry": { "type": "Point", "coordinates": [ 116.851627250000021, -1.26558865 ] } },
{ "type": "Feature", "properties": { "element": "way", "id": 392383927.0, "amenity": "hospital", "name": "HSSE Center Pertamina (Unit Demo Room)", "tourism": null, "cuisine": null, "addr:city": null, "addr:postcode": null, "addr:street": null, "shop": null, "addr:housenumber": null, "level": null, "smoking": null, "beds": null, "internet_access": null, "internet_access:fee": null, "operator": null, "rooms": null, "wheelchair": null, "stars": null, "opening_hours": null, "addr:full": "Jl. Letjen Suprapto", "building": "yes", "building:levels": "2", "capacity:persons": "1000", "operator:type": null, "school:type_idn": null, "website": null, "historic": null, "capacity": null, "delivery": null, "description": null, "outdoor_seating": null, "phone": null, "takeaway": null, "leisure": null, "emergency": null, "healthcare": null, "healthcare:speciality": null, "brand": null, "brand:wikidata": null, "brand:wikipedia": null, "short_name": null, "diet:halal": null, "branch": null, "email": null, "air_conditioning": null, "guest_house": null, "name:en": null, "addr:housename": null, "addr:province": null, "addr:unit": null, "addr:district": null, "addr:neighbourhood": null, "addr:subdistrict": null, "contact:instagram": null, "sport": null, "url": null, "old_name": null, "payment:cash": null, "payment:coins": null, "payment:ep_cash": null, "payment:visa": null, "payment:visa_debit": null, "building:roof": null, "building:structure": null, "building:walls": null, "access:roof": null, "hospital:type": null, "landuse": null, "height": null, "addr:street:sym_ul": null, "religion": null, "internet_access:ssid": null, "museum": null, "name:id": null, "wikimedia_commons": null, "school": null, "area": null, "tactile_paving": null, "wikidata": null, "since": null, "layer": null, "type": null, "path": "/home/perhanjay/QGIS/balikpapan_pois_pol_poi.gpkg" }, "geometry": { "type": "Point", "coordinates": [ 116.827430931131772, -1.239444446043051 ] } },
{ "type": "Feature", "properties": { "element": "way", "id": 392383930.0, "amenity": null, "name": "Hotel Paviliun", "tourism": "hotel", "cuisine": null, "addr:city": null, "addr:postcode": null, "addr:street": null, "shop": null, "addr:housenumber": null, "level": null, "smoking": null, "beds": null, "internet_access": null, "internet_access:fee": null, "operator": null, "rooms": null, "wheelchair": null, "stars": null, "opening_hours": null, "addr:full": "Jl. Adil Makmur", "building": "yes", "building:levels": "3", "capacity:persons": "700", "operator:type": null, "school:type_idn": null, "website": null, "historic": null, "capacity": null, "delivery": null, "description": null, "outdoor_seating": null, "phone": null, "takeaway": null, "leisure": null, "emergency": null, "healthcare": null, "healthcare:speciality": null, "brand": null, "brand:wikidata": null, "brand:wikipedia": null, "short_name": null, "diet:halal": null, "branch": null, "email": null, "air_conditioning": null, "guest_house": null, "name:en": null, "addr:housename": null, "addr:province": null, "addr:unit": null, "addr:district": null, "addr:neighbourhood": null, "addr:subdistrict": null, "contact:instagram": null, "sport": null, "url": null, "old_name": null, "payment:cash": null, "payment:coins": null, "payment:ep_cash": null, "payment:visa": null, "payment:visa_debit": null, "building:roof": null, "building:structure": null, "building:walls": null, "access:roof": null, "hospital:type": null, "landuse": null, "height": null, "addr:street:sym_ul": null, "religion": null, "internet_access:ssid": null, "museum": null, "name:id": null, "wikimedia_commons": null, "school": null, "area": null, "tactile_paving": null, "wikidata": null, "since": null, "layer": null, "type": null, "path": "/home/perhanjay/QGIS/balikpapan_pois_pol_poi.gpkg" }, "geometry": { "type": "Point", "coordinates": [ 116.82509945000001, -1.23407325 ] } },
{ "type": "Feature", "properties": { "element": "way", "id": 392383931.0, "amenity": null, "name": "Hotel Sinar Jaya", "tourism": "hotel", "cuisine": null, "addr:city": null, "addr:postcode": null, "addr:street": null, "shop": null, "addr:housenumber": null, "level": null, "smoking": null, "beds": null, "internet_access": null, "internet_access:fee": null, "operator": null, "rooms": null, "wheelchair": null, "stars": null, "opening_hours": null, "addr:full": "Jl. Adil Makmur", "building": "yes", "building:levels": "2", "capacity:persons": "200", "operator:type": null, "school:type_idn": null, "website": null, "historic": null, "capacity": null, "delivery": null, "description": null, "outdoor_seating": null, "phone": null, "takeaway": null, "leisure": null, "emergency": null, "healthcare": null, "healthcare:speciality": null, "brand": null, "brand:wikidata": null, "brand:wikipedia": null, "short_name": null, "diet:halal": null, "branch": null, "email": null, "air_conditioning": null, "guest_house": null, "name:en": null, "addr:housename": null, "addr:province": null, "addr:unit": null, "addr:district": null, "addr:neighbourhood": null, "addr:subdistrict": null, "contact:instagram": null, "sport": null, "url": null, "old_name": null, "payment:cash": null, "payment:coins": null, "payment:ep_cash": null, "payment:visa": null, "payment:visa_debit": null, "building:roof": null, "building:structure": null, "building:walls": null, "access:roof": null, "hospital:type": null, "landuse": null, "height": null, "addr:street:sym_ul": null, "religion": null, "internet_access:ssid": null, "museum": null, "name:id": null, "wikimedia_commons": null, "school": null, "area": null, "tactile_paving": null, "wikidata": null, "since": null, "layer": null, "type": null, "path": "/home/perhanjay/QGIS/balikpapan_pois_pol_poi.gpkg" }, "geometry": { "type": "Point", "coordinates": [ 116.823585431423794, -1.233651438065371 ] } },
{ "type": "Feature", "properties": { "element": "way", "id": 392444085.0, "amenity": null, "name": "Hotel Murni", "tourism": "hotel", "cuisine": null, "addr:city": null, "addr:postcode": null, "addr:street": null, "shop": null, "addr:housenumber": null, "level": null, "smoking": null, "beds": null, "internet_access": null, "internet_access:fee": null, "operator": null, "rooms": null, "wheelchair": null, "stars": null, "opening_hours": null, "addr:full": "Jl. Ahmad Yani", "building": "yes", "building:levels": "4", "capacity:persons": "200", "operator:type": null, "school:type_idn": null, "website": null, "historic": null, "capacity": null, "delivery": null, "description": null, "outdoor_seating": null, "phone": null, "takeaway": null, "leisure": null, "emergency": null, "healthcare": null, "healthcare:speciality": null, "brand": null, "brand:wikidata": null, "brand:wikipedia": null, "short_name": null, "diet:halal": null, "branch": null, "email": null, "air_conditioning": null, "guest_house": null, "name:en": null, "addr:housename": null, "addr:province": null, "addr:unit": null, "addr:district": null, "addr:neighbourhood": null, "addr:subdistrict": null, "contact:instagram": null, "sport": null, "url": null, "old_name": null, "payment:cash": null, "payment:coins": null, "payment:ep_cash": null, "payment:visa": null, "payment:visa_debit": null, "building:roof": null, "building:structure": null, "building:walls": null, "access:roof": null, "hospital:type": null, "landuse": null, "height": null, "addr:street:sym_ul": null, "religion": null, "internet_access:ssid": null, "museum": null, "name:id": null, "wikimedia_commons": null, "school": null, "area": null, "tactile_paving": null, "wikidata": null, "since": null, "layer": null, "type": null, "path": "/home/perhanjay/QGIS/balikpapan_pois_pol_poi.gpkg" }, "geometry": { "type": "Point", "coordinates": [ 116.838565539519564, -1.254457298409536 ] } },
{ "type": "Feature", "properties": { "element": "way", "id": 392458166.0, "amenity": "cafe", "name": "Babeh Resto", "tourism": null, "cuisine": null, "addr:city": null, "addr:postcode": null, "addr:street": null, "shop": null, "addr:housenumber": null, "level": null, "smoking": null, "beds": null, "internet_access": null, "internet_access:fee": null, "operator": null, "rooms": null, "wheelchair": null, "stars": null, "opening_hours": null, "addr:full": "Jl. Ahmad Yani", "building": "yes", "building:levels": "2", "capacity:persons": "100", "operator:type": null, "school:type_idn": null, "website": null, "historic": null, "capacity": null, "delivery": null, "description": null, "outdoor_seating": null, "phone": null, "takeaway": null, "leisure": null, "emergency": null, "healthcare": null, "healthcare:speciality": null, "brand": null, "brand:wikidata": null, "brand:wikipedia": null, "short_name": null, "diet:halal": null, "branch": null, "email": null, "air_conditioning": null, "guest_house": null, "name:en": null, "addr:housename": null, "addr:province": null, "addr:unit": null, "addr:district": null, "addr:neighbourhood": null, "addr:subdistrict": null, "contact:instagram": null, "sport": null, "url": null, "old_name": null, "payment:cash": null, "payment:coins": null, "payment:ep_cash": null, "payment:visa": null, "payment:visa_debit": null, "building:roof": null, "building:structure": null, "building:walls": null, "access:roof": null, "hospital:type": null, "landuse": null, "height": null, "addr:street:sym_ul": null, "religion": null, "internet_access:ssid": null, "museum": null, "name:id": null, "wikimedia_commons": null, "school": null, "area": null, "tactile_paving": null, "wikidata": null, "since": null, "layer": null, "type": null, "path": "/home/perhanjay/QGIS/balikpapan_pois_pol_poi.gpkg" }, "geometry": { "type": "Point", "coordinates": [ 116.835978338515872, -1.248683683226709 ] } },
{ "type": "Feature", "properties": { "element": "way", "id": 392568850.0, "amenity": null, "name": "Guest House H2O", "tourism": "hotel", "cuisine": null, "addr:city": null, "addr:postcode": null, "addr:street": null, "shop": null, "addr:housenumber": null, "level": null, "smoking": null, "beds": null, "internet_access": null, "internet_access:fee": null, "operator": null, "rooms": null, "wheelchair": null, "stars": null, "opening_hours": null, "addr:full": "Jl. Ahmad Yani", "building": "yes", "building:levels": "3", "capacity:persons": "200", "operator:type": null, "school:type_idn": null, "website": null, "historic": null, "capacity": null, "delivery": null, "description": null, "outdoor_seating": null, "phone": null, "takeaway": null, "leisure": null, "emergency": null, "healthcare": null, "healthcare:speciality": null, "brand": null, "brand:wikidata": null, "brand:wikipedia": null, "short_name": null, "diet:halal": null, "branch": null, "email": null, "air_conditioning": null, "guest_house": null, "name:en": null, "addr:housename": null, "addr:province": null, "addr:unit": null, "addr:district": null, "addr:neighbourhood": null, "addr:subdistrict": null, "contact:instagram": null, "sport": null, "url": null, "old_name": null, "payment:cash": null, "payment:coins": null, "payment:ep_cash": null, "payment:visa": null, "payment:visa_debit": null, "building:roof": null, "building:structure": null, "building:walls": null, "access:roof": null, "hospital:type": null, "landuse": null, "height": null, "addr:street:sym_ul": null, "religion": null, "internet_access:ssid": null, "museum": null, "name:id": null, "wikimedia_commons": null, "school": null, "area": null, "tactile_paving": null, "wikidata": null, "since": null, "layer": null, "type": null, "path": "/home/perhanjay/QGIS/balikpapan_pois_pol_poi.gpkg" }, "geometry": { "type": "Point", "coordinates": [ 116.83757175, -1.26488145 ] } },
{ "type": "Feature", "properties": { "element": "way", "id": 392568857.0, "amenity": "restaurant", "name": "Restoran Sangrila", "tourism": null, "cuisine": null, "addr:city": null, "addr:postcode": null, "addr:street": null, "shop": null, "addr:housenumber": null, "level": null, "smoking": null, "beds": null, "internet_access": null, "internet_access:fee": null, "operator": null, "rooms": null, "wheelchair": null, "stars": null, "opening_hours": null, "addr:full": "Jl. Ahmad Yani", "building": "yes", "building:levels": "2", "capacity:persons": "100", "operator:type": null, "school:type_idn": null, "website": null, "historic": null, "capacity": null, "delivery": null, "description": null, "outdoor_seating": null, "phone": null, "takeaway": null, "leisure": null, "emergency": null, "healthcare": null, "healthcare:speciality": null, "brand": null, "brand:wikidata": null, "brand:wikipedia": null, "short_name": null, "diet:halal": null, "branch": null, "email": null, "air_conditioning": null, "guest_house": null, "name:en": null, "addr:housename": null, "addr:province": null, "addr:unit": null, "addr:district": null, "addr:neighbourhood": null, "addr:subdistrict": null, "contact:instagram": null, "sport": null, "url": null, "old_name": null, "payment:cash": null, "payment:coins": null, "payment:ep_cash": null, "payment:visa": null, "payment:visa_debit": null, "building:roof": null, "building:structure": null, "building:walls": null, "access:roof": null, "hospital:type": null, "landuse": null, "height": null, "addr:street:sym_ul": null, "religion": null, "internet_access:ssid": null, "museum": null, "name:id": null, "wikimedia_commons": null, "school": null, "area": null, "tactile_paving": null, "wikidata": null, "since": null, "layer": null, "type": null, "path": "/home/perhanjay/QGIS/balikpapan_pois_pol_poi.gpkg" }, "geometry": { "type": "Point", "coordinates": [ 116.837249564866426, -1.265526880749192 ] } },
{ "type": "Feature", "properties": { "element": "way", "id": 392568858.0, "amenity": "restaurant", "name": "Restoran Simpang Raya Indah", "tourism": null, "cuisine": null, "addr:city": null, "addr:postcode": null, "addr:street": null, "shop": null, "addr:housenumber": null, "level": null, "smoking": null, "beds": null, "internet_access": null, "internet_access:fee": null, "operator": null, "rooms": null, "wheelchair": null, "stars": null, "opening_hours": null, "addr:full": "Jl. Jenderal Sudirman", "building": "yes", "building:levels": "2", "capacity:persons": "120", "operator:type": null, "school:type_idn": null, "website": null, "historic": null, "capacity": null, "delivery": null, "description": null, "outdoor_seating": null, "phone": null, "takeaway": null, "leisure": null, "emergency": null, "healthcare": null, "healthcare:speciality": null, "brand": null, "brand:wikidata": null, "brand:wikipedia": null, "short_name": null, "diet:halal": null, "branch": null, "email": null, "air_conditioning": null, "guest_house": null, "name:en": null, "addr:housename": null, "addr:province": null, "addr:unit": null, "addr:district": null, "addr:neighbourhood": null, "addr:subdistrict": null, "contact:instagram": null, "sport": null, "url": null, "old_name": null, "payment:cash": null, "payment:coins": null, "payment:ep_cash": null, "payment:visa": null, "payment:visa_debit": null, "building:roof": null, "building:structure": null, "building:walls": null, "access:roof": null, "hospital:type": null, "landuse": null, "height": null, "addr:street:sym_ul": null, "religion": null, "internet_access:ssid": null, "museum": null, "name:id": null, "wikimedia_commons": null, "school": null, "area": null, "tactile_paving": null, "wikidata": null, "since": null, "layer": null, "type": null, "path": "/home/perhanjay/QGIS/balikpapan_pois_pol_poi.gpkg" }, "geometry": { "type": "Point", "coordinates": [ 116.839738149999988, -1.27679325 ] } },
{ "type": "Feature", "properties": { "element": "way", "id": 392568872.0, "amenity": null, "name": "The Lux Boutique Guest House", "tourism": "hotel", "cuisine": null, "addr:city": null, "addr:postcode": null, "addr:street": null, "shop": null, "addr:housenumber": null, "level": null, "smoking": null, "beds": null, "internet_access": null, "internet_access:fee": null, "operator": null, "rooms": null, "wheelchair": null, "stars": null, "opening_hours": null, "addr:full": "Jl. Ahmad Yani", "building": "yes", "building:levels": "2", "capacity:persons": null, "operator:type": null, "school:type_idn": null, "website": null, "historic": null, "capacity": null, "delivery": null, "description": null, "outdoor_seating": null, "phone": null, "takeaway": null, "leisure": null, "emergency": null, "healthcare": null, "healthcare:speciality": null, "brand": null, "brand:wikidata": null, "brand:wikipedia": null, "short_name": null, "diet:halal": null, "branch": null, "email": null, "air_conditioning": null, "guest_house": null, "name:en": null, "addr:housename": null, "addr:province": null, "addr:unit": null, "addr:district": null, "addr:neighbourhood": null, "addr:subdistrict": null, "contact:instagram": null, "sport": null, "url": null, "old_name": null, "payment:cash": null, "payment:coins": null, "payment:ep_cash": null, "payment:visa": null, "payment:visa_debit": null, "building:roof": null, "building:structure": null, "building:walls": null, "access:roof": null, "hospital:type": null, "landuse": null, "height": null, "addr:street:sym_ul": null, "religion": null, "internet_access:ssid": null, "museum": null, "name:id": null, "wikimedia_commons": null, "school": null, "area": null, "tactile_paving": null, "wikidata": null, "since": null, "layer": null, "type": null, "path": "/home/perhanjay/QGIS/balikpapan_pois_pol_poi.gpkg" }, "geometry": { "type": "Point", "coordinates": [ 116.837516683457622, -1.26497125024568 ] } },
{ "type": "Feature", "properties": { "element": "way", "id": 394297058.0, "amenity": null, "name": "Raja Parfum", "tourism": null, "cuisine": null, "addr:city": null, "addr:postcode": null, "addr:street": null, "shop": "supermarket", "addr:housenumber": null, "level": null, "smoking": null, "beds": null, "internet_access": null, "internet_access:fee": null, "operator": null, "rooms": null, "wheelchair": null, "stars": null, "opening_hours": null, "addr:full": "Jl. Ahmad Yani", "building": "yes", "building:levels": "2", "capacity:persons": "100", "operator:type": null, "school:type_idn": null, "website": null, "historic": null, "capacity": null, "delivery": null, "description": null, "outdoor_seating": null, "phone": null, "takeaway": null, "leisure": null, "emergency": null, "healthcare": null, "healthcare:speciality": null, "brand": null, "brand:wikidata": null, "brand:wikipedia": null, "short_name": null, "diet:halal": null, "branch": null, "email": null, "air_conditioning": null, "guest_house": null, "name:en": null, "addr:housename": null, "addr:province": null, "addr:unit": null, "addr:district": null, "addr:neighbourhood": null, "addr:subdistrict": null, "contact:instagram": null, "sport": null, "url": null, "old_name": null, "payment:cash": null, "payment:coins": null, "payment:ep_cash": null, "payment:visa": null, "payment:visa_debit": null, "building:roof": null, "building:structure": null, "building:walls": null, "access:roof": null, "hospital:type": null, "landuse": null, "height": null, "addr:street:sym_ul": null, "religion": null, "internet_access:ssid": null, "museum": null, "name:id": null, "wikimedia_commons": null, "school": null, "area": null, "tactile_paving": null, "wikidata": null, "since": null, "layer": null, "type": null, "path": "/home/perhanjay/QGIS/balikpapan_pois_pol_poi.gpkg" }, "geometry": { "type": "Point", "coordinates": [ 116.837858725800999, -1.269534934096708 ] } },
{ "type": "Feature", "properties": { "element": "way", "id": 394297069.0, "amenity": "restaurant", "name": "Coto Makassar Begadang", "tourism": null, "cuisine": null, "addr:city": null, "addr:postcode": null, "addr:street": null, "shop": null, "addr:housenumber": null, "level": null, "smoking": null, "beds": null, "internet_access": null, "internet_access:fee": null, "operator": null, "rooms": null, "wheelchair": null, "stars": null, "opening_hours": null, "addr:full": "Jl. Ahmad Yani", "building": "yes", "building:levels": "2", "capacity:persons": "100", "operator:type": null, "school:type_idn": null, "website": null, "historic": null, "capacity": null, "delivery": null, "description": null, "outdoor_seating": null, "phone": null, "takeaway": null, "leisure": null, "emergency": null, "healthcare": null, "healthcare:speciality": null, "brand": null, "brand:wikidata": null, "brand:wikipedia": null, "short_name": null, "diet:halal": null, "branch": null, "email": null, "air_conditioning": null, "guest_house": null, "name:en": null, "addr:housename": null, "addr:province": null, "addr:unit": null, "addr:district": null, "addr:neighbourhood": null, "addr:subdistrict": null, "contact:instagram": null, "sport": null, "url": null, "old_name": null, "payment:cash": null, "payment:coins": null, "payment:ep_cash": null, "payment:visa": null, "payment:visa_debit": null, "building:roof": null, "building:structure": null, "building:walls": null, "access:roof": null, "hospital:type": null, "landuse": null, "height": null, "addr:street:sym_ul": null, "religion": null, "internet_access:ssid": null, "museum": null, "name:id": null, "wikimedia_commons": null, "school": null, "area": null, "tactile_paving": null, "wikidata": null, "since": null, "layer": null, "type": null, "path": "/home/perhanjay/QGIS/balikpapan_pois_pol_poi.gpkg" }, "geometry": { "type": "Point", "coordinates": [ 116.83731662561263, -1.267413402841759 ] } },
{ "type": "Feature", "properties": { "element": "way", "id": 394297083.0, "amenity": null, "name": "Alfamidi Ahmad Yani 2", "tourism": null, "cuisine": null, "addr:city": null, "addr:postcode": null, "addr:street": null, "shop": "supermarket", "addr:housenumber": null, "level": null, "smoking": null, "beds": null, "internet_access": null, "internet_access:fee": null, "operator": null, "rooms": null, "wheelchair": null, "stars": null, "opening_hours": null, "addr:full": "Jl. Ahmad Yani", "building": "yes", "building:levels": null, "capacity:persons": null, "operator:type": null, "school:type_idn": null, "website": null, "historic": null, "capacity": null, "delivery": null, "description": null, "outdoor_seating": null, "phone": null, "takeaway": null, "leisure": null, "emergency": null, "healthcare": null, "healthcare:speciality": null, "brand": null, "brand:wikidata": null, "brand:wikipedia": null, "short_name": null, "diet:halal": null, "branch": null, "email": null, "air_conditioning": null, "guest_house": null, "name:en": null, "addr:housename": null, "addr:province": null, "addr:unit": null, "addr:district": null, "addr:neighbourhood": null, "addr:subdistrict": null, "contact:instagram": null, "sport": null, "url": null, "old_name": null, "payment:cash": null, "payment:coins": null, "payment:ep_cash": null, "payment:visa": null, "payment:visa_debit": null, "building:roof": null, "building:structure": null, "building:walls": null, "access:roof": null, "hospital:type": null, "landuse": null, "height": null, "addr:street:sym_ul": null, "religion": null, "internet_access:ssid": null, "museum": null, "name:id": null, "wikimedia_commons": null, "school": null, "area": null, "tactile_paving": null, "wikidata": null, "since": null, "layer": null, "type": null, "path": "/home/perhanjay/QGIS/balikpapan_pois_pol_poi.gpkg" }, "geometry": { "type": "Point", "coordinates": [ 116.837915415785787, -1.269669521277751 ] } },
{ "type": "Feature", "properties": { "element": "way", "id": 394354757.0, "amenity": null, "name": "Hotel Aida", "tourism": "hotel", "cuisine": null, "addr:city": null, "addr:postcode": null, "addr:street": null, "shop": null, "addr:housenumber": null, "level": null, "smoking": null, "beds": null, "internet_access": null, "internet_access:fee": null, "operator": null, "rooms": null, "wheelchair": null, "stars": null, "opening_hours": null, "addr:full": "Jl. Ahmad Yani", "building": "yes", "building:levels": "2", "capacity:persons": "150", "operator:type": null, "school:type_idn": null, "website": null, "historic": null, "capacity": null, "delivery": null, "description": null, "outdoor_seating": null, "phone": null, "takeaway": null, "leisure": null, "emergency": null, "healthcare": null, "healthcare:speciality": null, "brand": null, "brand:wikidata": null, "brand:wikipedia": null, "short_name": null, "diet:halal": null, "branch": null, "email": null, "air_conditioning": null, "guest_house": null, "name:en": null, "addr:housename": null, "addr:province": null, "addr:unit": null, "addr:district": null, "addr:neighbourhood": null, "addr:subdistrict": null, "contact:instagram": null, "sport": null, "url": null, "old_name": null, "payment:cash": null, "payment:coins": null, "payment:ep_cash": null, "payment:visa": null, "payment:visa_debit": null, "building:roof": null, "building:structure": null, "building:walls": null, "access:roof": null, "hospital:type": null, "landuse": null, "height": null, "addr:street:sym_ul": null, "religion": null, "internet_access:ssid": null, "museum": null, "name:id": null, "wikimedia_commons": null, "school": null, "area": null, "tactile_paving": null, "wikidata": null, "since": null, "layer": null, "type": null, "path": "/home/perhanjay/QGIS/balikpapan_pois_pol_poi.gpkg" }, "geometry": { "type": "Point", "coordinates": [ 116.837864104593635, -1.25362979772972 ] } },
{ "type": "Feature", "properties": { "element": "way", "id": 394354758.0, "amenity": null, "name": "Hotel Budiman", "tourism": "hotel", "cuisine": null, "addr:city": null, "addr:postcode": null, "addr:street": null, "shop": null, "addr:housenumber": null, "level": null, "smoking": null, "beds": null, "internet_access": null, "internet_access:fee": null, "operator": null, "rooms": null, "wheelchair": null, "stars": null, "opening_hours": null, "addr:full": "Jl. Ahmad Yani", "building": "yes", "building:levels": "3", "capacity:persons": "400", "operator:type": null, "school:type_idn": null, "website": null, "historic": null, "capacity": null, "delivery": null, "description": null, "outdoor_seating": null, "phone": null, "takeaway": null, "leisure": null, "emergency": null, "healthcare": null, "healthcare:speciality": null, "brand": null, "brand:wikidata": null, "brand:wikipedia": null, "short_name": null, "diet:halal": null, "branch": null, "email": null, "air_conditioning": null, "guest_house": null, "name:en": null, "addr:housename": null, "addr:province": null, "addr:unit": null, "addr:district": null, "addr:neighbourhood": null, "addr:subdistrict": null, "contact:instagram": null, "sport": null, "url": null, "old_name": null, "payment:cash": null, "payment:coins": null, "payment:ep_cash": null, "payment:visa": null, "payment:visa_debit": null, "building:roof": null, "building:structure": null, "building:walls": null, "access:roof": null, "hospital:type": null, "landuse": null, "height": null, "addr:street:sym_ul": null, "religion": null, "internet_access:ssid": null, "museum": null, "name:id": null, "wikimedia_commons": null, "school": null, "area": null, "tactile_paving": null, "wikidata": null, "since": null, "layer": null, "type": null, "path": "/home/perhanjay/QGIS/balikpapan_pois_pol_poi.gpkg" }, "geometry": { "type": "Point", "coordinates": [ 116.838612139135222, -1.274393940302283 ] } },
{ "type": "Feature", "properties": { "element": "way", "id": 394354759.0, "amenity": null, "name": "Hotel Lira Aulia", "tourism": "hotel", "cuisine": null, "addr:city": null, "addr:postcode": null, "addr:street": null, "shop": null, "addr:housenumber": null, "level": null, "smoking": null, "beds": null, "internet_access": null, "internet_access:fee": null, "operator": null, "rooms": null, "wheelchair": null, "stars": null, "opening_hours": null, "addr:full": "Jl. Ahmad Yani", "building": "yes", "building:levels": "3", "capacity:persons": "200", "operator:type": null, "school:type_idn": null, "website": null, "historic": null, "capacity": null, "delivery": null, "description": null, "outdoor_seating": null, "phone": null, "takeaway": null, "leisure": null, "emergency": null, "healthcare": null, "healthcare:speciality": null, "brand": null, "brand:wikidata": null, "brand:wikipedia": null, "short_name": null, "diet:halal": null, "branch": null, "email": null, "air_conditioning": null, "guest_house": null, "name:en": null, "addr:housename": null, "addr:province": null, "addr:unit": null, "addr:district": null, "addr:neighbourhood": null, "addr:subdistrict": null, "contact:instagram": null, "sport": null, "url": null, "old_name": null, "payment:cash": null, "payment:coins": null, "payment:ep_cash": null, "payment:visa": null, "payment:visa_debit": null, "building:roof": null, "building:structure": null, "building:walls": null, "access:roof": null, "hospital:type": null, "landuse": null, "height": null, "addr:street:sym_ul": null, "religion": null, "internet_access:ssid": null, "museum": null, "name:id": null, "wikimedia_commons": null, "school": null, "area": null, "tactile_paving": null, "wikidata": null, "since": null, "layer": null, "type": null, "path": "/home/perhanjay/QGIS/balikpapan_pois_pol_poi.gpkg" }, "geometry": { "type": "Point", "coordinates": [ 116.836465808692367, -1.250701630701774 ] } },
{ "type": "Feature", "properties": { "element": "way", "id": 394354760.0, "amenity": null, "name": "Hotel Sinar Lumayan", "tourism": "hotel", "cuisine": null, "addr:city": null, "addr:postcode": null, "addr:street": null, "shop": null, "addr:housenumber": null, "level": null, "smoking": null, "beds": null, "internet_access": null, "internet_access:fee": null, "operator": null, "rooms": null, "wheelchair": null, "stars": null, "opening_hours": null, "addr:full": "Jl. Ahmad Yani", "building": "yes", "building:levels": "3", "capacity:persons": "200", "operator:type": null, "school:type_idn": null, "website": null, "historic": null, "capacity": null, "delivery": null, "description": null, "outdoor_seating": null, "phone": null, "takeaway": null, "leisure": null, "emergency": null, "healthcare": null, "healthcare:speciality": null, "brand": null, "brand:wikidata": null, "brand:wikipedia": null, "short_name": null, "diet:halal": null, "branch": null, "email": null, "air_conditioning": null, "guest_house": null, "name:en": null, "addr:housename": null, "addr:province": null, "addr:unit": null, "addr:district": null, "addr:neighbourhood": null, "addr:subdistrict": null, "contact:instagram": null, "sport": null, "url": null, "old_name": null, "payment:cash": null, "payment:coins": null, "payment:ep_cash": null, "payment:visa": null, "payment:visa_debit": null, "building:roof": null, "building:structure": null, "building:walls": null, "access:roof": null, "hospital:type": null, "landuse": null, "height": null, "addr:street:sym_ul": null, "religion": null, "internet_access:ssid": null, "museum": null, "name:id": null, "wikimedia_commons": null, "school": null, "area": null, "tactile_paving": null, "wikidata": null, "since": null, "layer": null, "type": null, "path": "/home/perhanjay/QGIS/balikpapan_pois_pol_poi.gpkg" }, "geometry": { "type": "Point", "coordinates": [ 116.838045388046297, -1.254015244016805 ] } },
{ "type": "Feature", "properties": { "element": "way", "id": 394354776.0, "amenity": "restaurant", "name": "Toko Empek Empek 10 Ulu", "tourism": null, "cuisine": null, "addr:city": null, "addr:postcode": null, "addr:street": null, "shop": null, "addr:housenumber": null, "level": null, "smoking": null, "beds": null, "internet_access": null, "internet_access:fee": null, "operator": null, "rooms": null, "wheelchair": null, "stars": null, "opening_hours": null, "addr:full": "Jl. Ahmad Yani", "building": "yes", "building:levels": "2", "capacity:persons": "120", "operator:type": null, "school:type_idn": null, "website": null, "historic": null, "capacity": null, "delivery": null, "description": null, "outdoor_seating": null, "phone": null, "takeaway": null, "leisure": null, "emergency": null, "healthcare": null, "healthcare:speciality": null, "brand": null, "brand:wikidata": null, "brand:wikipedia": null, "short_name": null, "diet:halal": null, "branch": null, "email": null, "air_conditioning": null, "guest_house": null, "name:en": null, "addr:housename": null, "addr:province": null, "addr:unit": null, "addr:district": null, "addr:neighbourhood": null, "addr:subdistrict": null, "contact:instagram": null, "sport": null, "url": null, "old_name": null, "payment:cash": null, "payment:coins": null, "payment:ep_cash": null, "payment:visa": null, "payment:visa_debit": null, "building:roof": null, "building:structure": null, "building:walls": null, "access:roof": null, "hospital:type": null, "landuse": null, "height": null, "addr:street:sym_ul": null, "religion": null, "internet_access:ssid": null, "museum": null, "name:id": null, "wikimedia_commons": null, "school": null, "area": null, "tactile_paving": null, "wikidata": null, "since": null, "layer": null, "type": null, "path": "/home/perhanjay/QGIS/balikpapan_pois_pol_poi.gpkg" }, "geometry": { "type": "Point", "coordinates": [ 116.8382004, -1.27197435 ] } },
{ "type": "Feature", "properties": { "element": "way", "id": 394354801.0, "amenity": "restaurant", "name": "Warung Padang Upik", "tourism": null, "cuisine": "padang", "addr:city": null, "addr:postcode": null, "addr:street": null, "shop": null, "addr:housenumber": null, "level": null, "smoking": null, "beds": null, "internet_access": null, "internet_access:fee": null, "operator": null, "rooms": null, "wheelchair": null, "stars": null, "opening_hours": null, "addr:full": "Jl. Jenderal Sudirman", "building": "yes", "building:levels": "2", "capacity:persons": "200", "operator:type": null, "school:type_idn": null, "website": null, "historic": null, "capacity": null, "delivery": null, "description": null, "outdoor_seating": null, "phone": null, "takeaway": null, "leisure": null, "emergency": null, "healthcare": null, "healthcare:speciality": null, "brand": null, "brand:wikidata": null, "brand:wikipedia": null, "short_name": null, "diet:halal": null, "branch": null, "email": null, "air_conditioning": null, "guest_house": null, "name:en": null, "addr:housename": null, "addr:province": null, "addr:unit": null, "addr:district": null, "addr:neighbourhood": null, "addr:subdistrict": null, "contact:instagram": null, "sport": null, "url": null, "old_name": null, "payment:cash": null, "payment:coins": null, "payment:ep_cash": null, "payment:visa": null, "payment:visa_debit": null, "building:roof": null, "building:structure": null, "building:walls": null, "access:roof": null, "hospital:type": null, "landuse": null, "height": null, "addr:street:sym_ul": null, "religion": null, "internet_access:ssid": null, "museum": null, "name:id": null, "wikimedia_commons": null, "school": null, "area": null, "tactile_paving": null, "wikidata": null, "since": null, "layer": null, "type": null, "path": "/home/perhanjay/QGIS/balikpapan_pois_pol_poi.gpkg" }, "geometry": { "type": "Point", "coordinates": [ 116.8198597, -1.2788733 ] } },
{ "type": "Feature", "properties": { "element": "way", "id": 394517689.0, "amenity": null, "name": "Bengkel Megah Jaya", "tourism": null, "cuisine": null, "addr:city": null, "addr:postcode": null, "addr:street": null, "shop": "supermarket", "addr:housenumber": null, "level": null, "smoking": null, "beds": null, "internet_access": null, "internet_access:fee": null, "operator": null, "rooms": null, "wheelchair": null, "stars": null, "opening_hours": null, "addr:full": "Jl. Mayjen Sutoyo", "building": "yes", "building:levels": "1", "capacity:persons": "200", "operator:type": null, "school:type_idn": null, "website": null, "historic": null, "capacity": null, "delivery": null, "description": null, "outdoor_seating": null, "phone": null, "takeaway": null, "leisure": null, "emergency": null, "healthcare": null, "healthcare:speciality": null, "brand": null, "brand:wikidata": null, "brand:wikipedia": null, "short_name": null, "diet:halal": null, "branch": null, "email": null, "air_conditioning": null, "guest_house": null, "name:en": null, "addr:housename": null, "addr:province": null, "addr:unit": null, "addr:district": null, "addr:neighbourhood": null, "addr:subdistrict": null, "contact:instagram": null, "sport": null, "url": null, "old_name": null, "payment:cash": null, "payment:coins": null, "payment:ep_cash": null, "payment:visa": null, "payment:visa_debit": null, "building:roof": null, "building:structure": null, "building:walls": null, "access:roof": null, "hospital:type": null, "landuse": null, "height": null, "addr:street:sym_ul": null, "religion": null, "internet_access:ssid": null, "museum": null, "name:id": null, "wikimedia_commons": null, "school": null, "area": null, "tactile_paving": null, "wikidata": null, "since": null, "layer": null, "type": null, "path": "/home/perhanjay/QGIS/balikpapan_pois_pol_poi.gpkg" }, "geometry": { "type": "Point", "coordinates": [ 116.842404505595198, -1.263004819602544 ] } },
{ "type": "Feature", "properties": { "element": "way", "id": 394608738.0, "amenity": "restaurant", "name": "Warung Nasi Goreng Barokah Aburias", "tourism": null, "cuisine": null, "addr:city": null, "addr:postcode": null, "addr:street": null, "shop": null, "addr:housenumber": null, "level": null, "smoking": null, "beds": null, "internet_access": null, "internet_access:fee": null, "operator": null, "rooms": null, "wheelchair": null, "stars": null, "opening_hours": null, "addr:full": "Jl. Pangeran Antarasi", "building": "yes", "building:levels": "1", "capacity:persons": "80", "operator:type": null, "school:type_idn": null, "website": null, "historic": null, "capacity": null, "delivery": null, "description": null, "outdoor_seating": null, "phone": null, "takeaway": null, "leisure": null, "emergency": null, "healthcare": null, "healthcare:speciality": null, "brand": null, "brand:wikidata": null, "brand:wikipedia": null, "short_name": null, "diet:halal": null, "branch": null, "email": null, "air_conditioning": null, "guest_house": null, "name:en": null, "addr:housename": null, "addr:province": null, "addr:unit": null, "addr:district": null, "addr:neighbourhood": null, "addr:subdistrict": null, "contact:instagram": null, "sport": null, "url": null, "old_name": null, "payment:cash": null, "payment:coins": null, "payment:ep_cash": null, "payment:visa": null, "payment:visa_debit": null, "building:roof": null, "building:structure": null, "building:walls": null, "access:roof": null, "hospital:type": null, "landuse": null, "height": null, "addr:street:sym_ul": null, "religion": null, "internet_access:ssid": null, "museum": null, "name:id": null, "wikimedia_commons": null, "school": null, "area": null, "tactile_paving": null, "wikidata": null, "since": null, "layer": null, "type": null, "path": "/home/perhanjay/QGIS/balikpapan_pois_pol_poi.gpkg" }, "geometry": { "type": "Point", "coordinates": [ 116.840570116849293, -1.249674766582585 ] } },
{ "type": "Feature", "properties": { "element": "way", "id": 394631528.0, "amenity": null, "name": "Hotel Mahakam", "tourism": "hotel", "cuisine": null, "addr:city": null, "addr:postcode": null, "addr:street": null, "shop": null, "addr:housenumber": null, "level": null, "smoking": null, "beds": null, "internet_access": null, "internet_access:fee": null, "operator": null, "rooms": null, "wheelchair": null, "stars": null, "opening_hours": null, "addr:full": "Jl. Soekarno hatta", "building": "yes", "building:levels": "2", "capacity:persons": "200", "operator:type": null, "school:type_idn": null, "website": null, "historic": null, "capacity": null, "delivery": null, "description": null, "outdoor_seating": null, "phone": null, "takeaway": null, "leisure": null, "emergency": null, "healthcare": null, "healthcare:speciality": null, "brand": null, "brand:wikidata": null, "brand:wikipedia": null, "short_name": null, "diet:halal": null, "branch": null, "email": null, "air_conditioning": null, "guest_house": null, "name:en": null, "addr:housename": null, "addr:province": null, "addr:unit": null, "addr:district": null, "addr:neighbourhood": null, "addr:subdistrict": null, "contact:instagram": null, "sport": null, "url": null, "old_name": null, "payment:cash": null, "payment:coins": null, "payment:ep_cash": null, "payment:visa": null, "payment:visa_debit": null, "building:roof": null, "building:structure": null, "building:walls": null, "access:roof": null, "hospital:type": null, "landuse": null, "height": null, "addr:street:sym_ul": null, "religion": null, "internet_access:ssid": null, "museum": null, "name:id": null, "wikimedia_commons": null, "school": null, "area": null, "tactile_paving": null, "wikidata": null, "since": null, "layer": null, "type": null, "path": "/home/perhanjay/QGIS/balikpapan_pois_pol_poi.gpkg" }, "geometry": { "type": "Point", "coordinates": [ 116.836683221424764, -1.241998201807689 ] } },
{ "type": "Feature", "properties": { "element": "way", "id": 420444856.0, "amenity": "hospital", "name": "Puskesmas Sepinggan", "tourism": null, "cuisine": null, "addr:city": "Balikpapan", "addr:postcode": "76115", "addr:street": "Jl. Marsma Iswahyudi", "shop": null, "addr:housenumber": null, "level": null, "smoking": null, "beds": null, "internet_access": null, "internet_access:fee": null, "operator": null, "rooms": null, "wheelchair": null, "stars": null, "opening_hours": null, "addr:full": null, "building": null, "building:levels": null, "capacity:persons": null, "operator:type": null, "school:type_idn": null, "website": null, "historic": null, "capacity": null, "delivery": null, "description": null, "outdoor_seating": null, "phone": null, "takeaway": null, "leisure": null, "emergency": null, "healthcare": "hospital", "healthcare:speciality": null, "brand": null, "brand:wikidata": null, "brand:wikipedia": null, "short_name": null, "diet:halal": null, "branch": null, "email": null, "air_conditioning": null, "guest_house": null, "name:en": null, "addr:housename": null, "addr:province": null, "addr:unit": null, "addr:district": null, "addr:neighbourhood": null, "addr:subdistrict": null, "contact:instagram": null, "sport": null, "url": null, "old_name": null, "payment:cash": null, "payment:coins": null, "payment:ep_cash": null, "payment:visa": null, "payment:visa_debit": null, "building:roof": null, "building:structure": null, "building:walls": null, "access:roof": null, "hospital:type": null, "landuse": null, "height": null, "addr:street:sym_ul": null, "religion": null, "internet_access:ssid": null, "museum": null, "name:id": null, "wikimedia_commons": null, "school": null, "area": null, "tactile_paving": null, "wikidata": null, "since": null, "layer": null, "type": null, "path": "/home/perhanjay/QGIS/balikpapan_pois_pol_poi.gpkg" }, "geometry": { "type": "Point", "coordinates": [ 116.90787881810175, -1.25842763302892 ] } },
{ "type": "Feature", "properties": { "element": "way", "id": 423740941.0, "amenity": null, "name": "Bintang Hotel", "tourism": "hotel", "cuisine": null, "addr:city": null, "addr:postcode": null, "addr:street": null, "shop": null, "addr:housenumber": null, "level": null, "smoking": null, "beds": null, "internet_access": null, "internet_access:fee": null, "operator": null, "rooms": null, "wheelchair": null, "stars": null, "opening_hours": null, "addr:full": null, "building": "yes", "building:levels": null, "capacity:persons": null, "operator:type": null, "school:type_idn": null, "website": null, "historic": null, "capacity": null, "delivery": null, "description": null, "outdoor_seating": null, "phone": null, "takeaway": null, "leisure": null, "emergency": null, "healthcare": null, "healthcare:speciality": null, "brand": null, "brand:wikidata": null, "brand:wikipedia": null, "short_name": null, "diet:halal": null, "branch": null, "email": null, "air_conditioning": null, "guest_house": null, "name:en": null, "addr:housename": null, "addr:province": null, "addr:unit": null, "addr:district": null, "addr:neighbourhood": null, "addr:subdistrict": null, "contact:instagram": null, "sport": null, "url": null, "old_name": null, "payment:cash": null, "payment:coins": null, "payment:ep_cash": null, "payment:visa": null, "payment:visa_debit": null, "building:roof": null, "building:structure": null, "building:walls": null, "access:roof": null, "hospital:type": null, "landuse": null, "height": null, "addr:street:sym_ul": null, "religion": null, "internet_access:ssid": null, "museum": null, "name:id": null, "wikimedia_commons": null, "school": null, "area": null, "tactile_paving": null, "wikidata": null, "since": null, "layer": null, "type": null, "path": "/home/perhanjay/QGIS/balikpapan_pois_pol_poi.gpkg" }, "geometry": { "type": "Point", "coordinates": [ 116.824847723554271, -1.278989808305317 ] } },
{ "type": "Feature", "properties": { "element": "way", "id": 437239147.0, "amenity": null, "name": "Emweka Pavillion", "tourism": "guest_house", "cuisine": null, "addr:city": null, "addr:postcode": null, "addr:street": null, "shop": null, "addr:housenumber": null, "level": null, "smoking": null, "beds": null, "internet_access": null, "internet_access:fee": null, "operator": null, "rooms": null, "wheelchair": null, "stars": null, "opening_hours": null, "addr:full": null, "building": "yes", "building:levels": null, "capacity:persons": null, "operator:type": null, "school:type_idn": null, "website": null, "historic": null, "capacity": null, "delivery": null, "description": null, "outdoor_seating": null, "phone": null, "takeaway": null, "leisure": null, "emergency": null, "healthcare": null, "healthcare:speciality": null, "brand": null, "brand:wikidata": null, "brand:wikipedia": null, "short_name": null, "diet:halal": null, "branch": null, "email": null, "air_conditioning": null, "guest_house": null, "name:en": null, "addr:housename": null, "addr:province": null, "addr:unit": null, "addr:district": null, "addr:neighbourhood": null, "addr:subdistrict": null, "contact:instagram": null, "sport": null, "url": null, "old_name": null, "payment:cash": null, "payment:coins": null, "payment:ep_cash": null, "payment:visa": null, "payment:visa_debit": null, "building:roof": null, "building:structure": null, "building:walls": null, "access:roof": null, "hospital:type": null, "landuse": null, "height": null, "addr:street:sym_ul": null, "religion": null, "internet_access:ssid": null, "museum": null, "name:id": null, "wikimedia_commons": null, "school": null, "area": null, "tactile_paving": null, "wikidata": null, "since": null, "layer": null, "type": null, "path": "/home/perhanjay/QGIS/balikpapan_pois_pol_poi.gpkg" }, "geometry": { "type": "Point", "coordinates": [ 116.89208948286111, -1.238232811738359 ] } },
{ "type": "Feature", "properties": { "element": "way", "id": 504966582.0, "amenity": "restaurant", "name": "Peyek Kepiting Kampoeng timoer", "tourism": null, "cuisine": null, "addr:city": null, "addr:postcode": null, "addr:street": null, "shop": null, "addr:housenumber": null, "level": null, "smoking": null, "beds": null, "internet_access": null, "internet_access:fee": null, "operator": null, "rooms": null, "wheelchair": null, "stars": null, "opening_hours": null, "addr:full": null, "building": "yes", "building:levels": null, "capacity:persons": null, "operator:type": null, "school:type_idn": null, "website": null, "historic": null, "capacity": null, "delivery": null, "description": null, "outdoor_seating": null, "phone": null, "takeaway": null, "leisure": null, "emergency": null, "healthcare": null, "healthcare:speciality": null, "brand": null, "brand:wikidata": null, "brand:wikipedia": null, "short_name": null, "diet:halal": null, "branch": null, "email": null, "air_conditioning": null, "guest_house": null, "name:en": null, "addr:housename": null, "addr:province": null, "addr:unit": null, "addr:district": null, "addr:neighbourhood": null, "addr:subdistrict": null, "contact:instagram": null, "sport": null, "url": null, "old_name": null, "payment:cash": null, "payment:coins": null, "payment:ep_cash": null, "payment:visa": null, "payment:visa_debit": null, "building:roof": null, "building:structure": null, "building:walls": null, "access:roof": null, "hospital:type": null, "landuse": null, "height": null, "addr:street:sym_ul": null, "religion": null, "internet_access:ssid": null, "museum": null, "name:id": null, "wikimedia_commons": null, "school": null, "area": null, "tactile_paving": null, "wikidata": null, "since": null, "layer": null, "type": null, "path": "/home/perhanjay/QGIS/balikpapan_pois_pol_poi.gpkg" }, "geometry": { "type": "Point", "coordinates": [ 116.846126373741399, -1.236002438255438 ] } },
{ "type": "Feature", "properties": { "element": "way", "id": 504995150.0, "amenity": "restaurant", "name": "Rumah Sosis Senayan", "tourism": null, "cuisine": null, "addr:city": null, "addr:postcode": null, "addr:street": null, "shop": null, "addr:housenumber": null, "level": null, "smoking": null, "beds": null, "internet_access": null, "internet_access:fee": null, "operator": null, "rooms": null, "wheelchair": null, "stars": null, "opening_hours": null, "addr:full": null, "building": "yes", "building:levels": null, "capacity:persons": null, "operator:type": null, "school:type_idn": null, "website": null, "historic": null, "capacity": null, "delivery": null, "description": null, "outdoor_seating": null, "phone": null, "takeaway": null, "leisure": null, "emergency": null, "healthcare": null, "healthcare:speciality": null, "brand": null, "brand:wikidata": null, "brand:wikipedia": null, "short_name": null, "diet:halal": null, "branch": null, "email": null, "air_conditioning": null, "guest_house": null, "name:en": null, "addr:housename": null, "addr:province": null, "addr:unit": null, "addr:district": null, "addr:neighbourhood": null, "addr:subdistrict": null, "contact:instagram": null, "sport": null, "url": null, "old_name": null, "payment:cash": null, "payment:coins": null, "payment:ep_cash": null, "payment:visa": null, "payment:visa_debit": null, "building:roof": null, "building:structure": null, "building:walls": null, "access:roof": null, "hospital:type": null, "landuse": null, "height": null, "addr:street:sym_ul": null, "religion": null, "internet_access:ssid": null, "museum": null, "name:id": null, "wikimedia_commons": null, "school": null, "area": null, "tactile_paving": null, "wikidata": null, "since": null, "layer": null, "type": null, "path": "/home/perhanjay/QGIS/balikpapan_pois_pol_poi.gpkg" }, "geometry": { "type": "Point", "coordinates": [ 116.845173695305434, -1.240525184521241 ] } },
{ "type": "Feature", "properties": { "element": "way", "id": 505692512.0, "amenity": null, "name": "Pantai Mentari Compound", "tourism": "hotel", "cuisine": null, "addr:city": null, "addr:postcode": null, "addr:street": null, "shop": null, "addr:housenumber": null, "level": null, "smoking": null, "beds": null, "internet_access": null, "internet_access:fee": null, "operator": null, "rooms": null, "wheelchair": null, "stars": null, "opening_hours": null, "addr:full": null, "building": "yes", "building:levels": null, "capacity:persons": null, "operator:type": null, "school:type_idn": null, "website": null, "historic": null, "capacity": null, "delivery": null, "description": null, "outdoor_seating": null, "phone": null, "takeaway": null, "leisure": null, "emergency": null, "healthcare": null, "healthcare:speciality": null, "brand": null, "brand:wikidata": null, "brand:wikipedia": null, "short_name": null, "diet:halal": null, "branch": null, "email": null, "air_conditioning": null, "guest_house": null, "name:en": null, "addr:housename": null, "addr:province": null, "addr:unit": null, "addr:district": null, "addr:neighbourhood": null, "addr:subdistrict": null, "contact:instagram": null, "sport": null, "url": null, "old_name": null, "payment:cash": null, "payment:coins": null, "payment:ep_cash": null, "payment:visa": null, "payment:visa_debit": null, "building:roof": null, "building:structure": null, "building:walls": null, "access:roof": null, "hospital:type": null, "landuse": null, "height": null, "addr:street:sym_ul": null, "religion": null, "internet_access:ssid": null, "museum": null, "name:id": null, "wikimedia_commons": null, "school": null, "area": null, "tactile_paving": null, "wikidata": null, "since": null, "layer": null, "type": null, "path": "/home/perhanjay/QGIS/balikpapan_pois_pol_poi.gpkg" }, "geometry": { "type": "Point", "coordinates": [ 116.938392100000016, -1.24672365 ] } },
{ "type": "Feature", "properties": { "element": "way", "id": 505741600.0, "amenity": "restaurant", "name": "Pasta Cielo - Gunung Bahagia", "tourism": null, "cuisine": null, "addr:city": null, "addr:postcode": null, "addr:street": null, "shop": null, "addr:housenumber": null, "level": null, "smoking": null, "beds": null, "internet_access": null, "internet_access:fee": null, "operator": null, "rooms": null, "wheelchair": null, "stars": null, "opening_hours": null, "addr:full": null, "building": "yes", "building:levels": null, "capacity:persons": null, "operator:type": null, "school:type_idn": null, "website": null, "historic": null, "capacity": null, "delivery": null, "description": null, "outdoor_seating": null, "phone": null, "takeaway": null, "leisure": null, "emergency": null, "healthcare": null, "healthcare:speciality": null, "brand": null, "brand:wikidata": null, "brand:wikipedia": null, "short_name": null, "diet:halal": null, "branch": null, "email": null, "air_conditioning": null, "guest_house": null, "name:en": null, "addr:housename": null, "addr:province": null, "addr:unit": null, "addr:district": null, "addr:neighbourhood": null, "addr:subdistrict": null, "contact:instagram": null, "sport": null, "url": null, "old_name": null, "payment:cash": null, "payment:coins": null, "payment:ep_cash": null, "payment:visa": null, "payment:visa_debit": null, "building:roof": null, "building:structure": null, "building:walls": null, "access:roof": null, "hospital:type": null, "landuse": null, "height": null, "addr:street:sym_ul": null, "religion": null, "internet_access:ssid": null, "museum": null, "name:id": null, "wikimedia_commons": null, "school": null, "area": null, "tactile_paving": null, "wikidata": null, "since": null, "layer": null, "type": null, "path": "/home/perhanjay/QGIS/balikpapan_pois_pol_poi.gpkg" }, "geometry": { "type": "Point", "coordinates": [ 116.871235210868264, -1.247630834776987 ] } },
{ "type": "Feature", "properties": { "element": "way", "id": 505741625.0, "amenity": null, "name": "RedDoorz Plus Near Siloam Hospital Balikpapan Gunungbahagia", "tourism": "hotel", "cuisine": null, "addr:city": null, "addr:postcode": null, "addr:street": null, "shop": null, "addr:housenumber": null, "level": null, "smoking": null, "beds": null, "internet_access": null, "internet_access:fee": null, "operator": null, "rooms": null, "wheelchair": null, "stars": null, "opening_hours": null, "addr:full": null, "building": "yes", "building:levels": null, "capacity:persons": null, "operator:type": null, "school:type_idn": null, "website": null, "historic": null, "capacity": null, "delivery": null, "description": null, "outdoor_seating": null, "phone": null, "takeaway": null, "leisure": null, "emergency": null, "healthcare": null, "healthcare:speciality": null, "brand": "RedDoorz", "brand:wikidata": "Q78186049", "brand:wikipedia": null, "short_name": null, "diet:halal": null, "branch": null, "email": null, "air_conditioning": null, "guest_house": null, "name:en": null, "addr:housename": null, "addr:province": null, "addr:unit": null, "addr:district": null, "addr:neighbourhood": null, "addr:subdistrict": null, "contact:instagram": null, "sport": null, "url": null, "old_name": null, "payment:cash": null, "payment:coins": null, "payment:ep_cash": null, "payment:visa": null, "payment:visa_debit": null, "building:roof": null, "building:structure": null, "building:walls": null, "access:roof": null, "hospital:type": null, "landuse": null, "height": null, "addr:street:sym_ul": null, "religion": null, "internet_access:ssid": null, "museum": null, "name:id": null, "wikimedia_commons": null, "school": null, "area": null, "tactile_paving": null, "wikidata": null, "since": null, "layer": null, "type": null, "path": "/home/perhanjay/QGIS/balikpapan_pois_pol_poi.gpkg" }, "geometry": { "type": "Point", "coordinates": [ 116.871313368009609, -1.248748353338423 ] } },
{ "type": "Feature", "properties": { "element": "way", "id": 505741649.0, "amenity": null, "name": "Comfort House", "tourism": "guest_house", "cuisine": null, "addr:city": null, "addr:postcode": null, "addr:street": null, "shop": null, "addr:housenumber": null, "level": null, "smoking": null, "beds": null, "internet_access": null, "internet_access:fee": null, "operator": null, "rooms": null, "wheelchair": null, "stars": null, "opening_hours": null, "addr:full": null, "building": "yes", "building:levels": null, "capacity:persons": null, "operator:type": null, "school:type_idn": null, "website": null, "historic": null, "capacity": null, "delivery": null, "description": null, "outdoor_seating": null, "phone": null, "takeaway": null, "leisure": null, "emergency": null, "healthcare": null, "healthcare:speciality": null, "brand": null, "brand:wikidata": null, "brand:wikipedia": null, "short_name": null, "diet:halal": null, "branch": null, "email": null, "air_conditioning": null, "guest_house": null, "name:en": null, "addr:housename": null, "addr:province": null, "addr:unit": null, "addr:district": null, "addr:neighbourhood": null, "addr:subdistrict": null, "contact:instagram": null, "sport": null, "url": null, "old_name": null, "payment:cash": null, "payment:coins": null, "payment:ep_cash": null, "payment:visa": null, "payment:visa_debit": null, "building:roof": null, "building:structure": null, "building:walls": null, "access:roof": null, "hospital:type": null, "landuse": null, "height": null, "addr:street:sym_ul": null, "religion": null, "internet_access:ssid": null, "museum": null, "name:id": null, "wikimedia_commons": null, "school": null, "area": null, "tactile_paving": null, "wikidata": null, "since": null, "layer": null, "type": null, "path": "/home/perhanjay/QGIS/balikpapan_pois_pol_poi.gpkg" }, "geometry": { "type": "Point", "coordinates": [ 116.872581950000011, -1.24898955 ] } },
{ "type": "Feature", "properties": { "element": "way", "id": 505741769.0, "amenity": null, "name": "Alfamidi MT Haryono 2", "tourism": null, "cuisine": null, "addr:city": null, "addr:postcode": null, "addr:street": null, "shop": "supermarket", "addr:housenumber": null, "level": null, "smoking": null, "beds": null, "internet_access": null, "internet_access:fee": null, "operator": null, "rooms": null, "wheelchair": null, "stars": null, "opening_hours": null, "addr:full": null, "building": "yes", "building:levels": null, "capacity:persons": null, "operator:type": null, "school:type_idn": null, "website": null, "historic": null, "capacity": null, "delivery": null, "description": null, "outdoor_seating": null, "phone": null, "takeaway": null, "leisure": null, "emergency": null, "healthcare": null, "healthcare:speciality": null, "brand": null, "brand:wikidata": null, "brand:wikipedia": null, "short_name": null, "diet:halal": null, "branch": null, "email": null, "air_conditioning": null, "guest_house": null, "name:en": null, "addr:housename": null, "addr:province": null, "addr:unit": null, "addr:district": null, "addr:neighbourhood": null, "addr:subdistrict": null, "contact:instagram": null, "sport": null, "url": null, "old_name": null, "payment:cash": null, "payment:coins": null, "payment:ep_cash": null, "payment:visa": null, "payment:visa_debit": null, "building:roof": null, "building:structure": null, "building:walls": null, "access:roof": null, "hospital:type": null, "landuse": null, "height": null, "addr:street:sym_ul": null, "religion": null, "internet_access:ssid": null, "museum": null, "name:id": null, "wikimedia_commons": null, "school": null, "area": null, "tactile_paving": null, "wikidata": null, "since": null, "layer": null, "type": null, "path": "/home/perhanjay/QGIS/balikpapan_pois_pol_poi.gpkg" }, "geometry": { "type": "Point", "coordinates": [ 116.870003833509855, -1.251560051576343 ] } },
{ "type": "Feature", "properties": { "element": "way", "id": 505757435.0, "amenity": null, "name": "Im Guest House", "tourism": "guest_house", "cuisine": null, "addr:city": null, "addr:postcode": null, "addr:street": null, "shop": null, "addr:housenumber": null, "level": null, "smoking": null, "beds": null, "internet_access": null, "internet_access:fee": null, "operator": null, "rooms": null, "wheelchair": null, "stars": null, "opening_hours": null, "addr:full": null, "building": "yes", "building:levels": null, "capacity:persons": null, "operator:type": null, "school:type_idn": null, "website": null, "historic": null, "capacity": null, "delivery": null, "description": null, "outdoor_seating": null, "phone": null, "takeaway": null, "leisure": null, "emergency": null, "healthcare": null, "healthcare:speciality": null, "brand": null, "brand:wikidata": null, "brand:wikipedia": null, "short_name": null, "diet:halal": null, "branch": null, "email": null, "air_conditioning": null, "guest_house": null, "name:en": null, "addr:housename": null, "addr:province": null, "addr:unit": null, "addr:district": null, "addr:neighbourhood": null, "addr:subdistrict": null, "contact:instagram": null, "sport": null, "url": null, "old_name": null, "payment:cash": null, "payment:coins": null, "payment:ep_cash": null, "payment:visa": null, "payment:visa_debit": null, "building:roof": null, "building:structure": null, "building:walls": null, "access:roof": null, "hospital:type": null, "landuse": null, "height": null, "addr:street:sym_ul": null, "religion": null, "internet_access:ssid": null, "museum": null, "name:id": null, "wikimedia_commons": null, "school": null, "area": null, "tactile_paving": null, "wikidata": null, "since": null, "layer": null, "type": null, "path": "/home/perhanjay/QGIS/balikpapan_pois_pol_poi.gpkg" }, "geometry": { "type": "Point", "coordinates": [ 116.868089895715542, -1.250949633550795 ] } },
{ "type": "Feature", "properties": { "element": "way", "id": 505757447.0, "amenity": null, "name": "Guest House HI", "tourism": "guest_house", "cuisine": null, "addr:city": null, "addr:postcode": null, "addr:street": null, "shop": null, "addr:housenumber": null, "level": null, "smoking": null, "beds": null, "internet_access": null, "internet_access:fee": null, "operator": null, "rooms": null, "wheelchair": null, "stars": null, "opening_hours": null, "addr:full": null, "building": "yes", "building:levels": null, "capacity:persons": null, "operator:type": null, "school:type_idn": null, "website": null, "historic": null, "capacity": null, "delivery": null, "description": null, "outdoor_seating": null, "phone": null, "takeaway": null, "leisure": null, "emergency": null, "healthcare": null, "healthcare:speciality": null, "brand": null, "brand:wikidata": null, "brand:wikipedia": null, "short_name": null, "diet:halal": null, "branch": null, "email": null, "air_conditioning": null, "guest_house": null, "name:en": null, "addr:housename": null, "addr:province": null, "addr:unit": null, "addr:district": null, "addr:neighbourhood": null, "addr:subdistrict": null, "contact:instagram": null, "sport": null, "url": null, "old_name": null, "payment:cash": null, "payment:coins": null, "payment:ep_cash": null, "payment:visa": null, "payment:visa_debit": null, "building:roof": null, "building:structure": null, "building:walls": null, "access:roof": null, "hospital:type": null, "landuse": null, "height": null, "addr:street:sym_ul": null, "religion": null, "internet_access:ssid": null, "museum": null, "name:id": null, "wikimedia_commons": null, "school": null, "area": null, "tactile_paving": null, "wikidata": null, "since": null, "layer": null, "type": null, "path": "/home/perhanjay/QGIS/balikpapan_pois_pol_poi.gpkg" }, "geometry": { "type": "Point", "coordinates": [ 116.867675877041449, -1.250879008025253 ] } },
{ "type": "Feature", "properties": { "element": "way", "id": 505874137.0, "amenity": "restaurant", "name": "Bakso Pangsit wardoyo", "tourism": null, "cuisine": null, "addr:city": null, "addr:postcode": null, "addr:street": null, "shop": null, "addr:housenumber": null, "level": null, "smoking": null, "beds": null, "internet_access": null, "internet_access:fee": null, "operator": null, "rooms": null, "wheelchair": null, "stars": null, "opening_hours": null, "addr:full": null, "building": "yes", "building:levels": null, "capacity:persons": null, "operator:type": null, "school:type_idn": null, "website": null, "historic": null, "capacity": null, "delivery": null, "description": null, "outdoor_seating": null, "phone": null, "takeaway": null, "leisure": null, "emergency": null, "healthcare": null, "healthcare:speciality": null, "brand": null, "brand:wikidata": null, "brand:wikipedia": null, "short_name": null, "diet:halal": null, "branch": null, "email": null, "air_conditioning": null, "guest_house": null, "name:en": null, "addr:housename": null, "addr:province": null, "addr:unit": null, "addr:district": null, "addr:neighbourhood": null, "addr:subdistrict": null, "contact:instagram": null, "sport": null, "url": null, "old_name": null, "payment:cash": null, "payment:coins": null, "payment:ep_cash": null, "payment:visa": null, "payment:visa_debit": null, "building:roof": null, "building:structure": null, "building:walls": null, "access:roof": null, "hospital:type": null, "landuse": null, "height": null, "addr:street:sym_ul": null, "religion": null, "internet_access:ssid": null, "museum": null, "name:id": null, "wikimedia_commons": null, "school": null, "area": null, "tactile_paving": null, "wikidata": null, "since": null, "layer": null, "type": null, "path": "/home/perhanjay/QGIS/balikpapan_pois_pol_poi.gpkg" }, "geometry": { "type": "Point", "coordinates": [ 116.88381505, -1.2419488 ] } },
{ "type": "Feature", "properties": { "element": "way", "id": 505874432.0, "amenity": "restaurant", "name": "Just Eat Bpp - Gunung Bahagia", "tourism": null, "cuisine": null, "addr:city": null, "addr:postcode": null, "addr:street": null, "shop": null, "addr:housenumber": null, "level": null, "smoking": null, "beds": null, "internet_access": null, "internet_access:fee": null, "operator": null, "rooms": null, "wheelchair": null, "stars": null, "opening_hours": null, "addr:full": null, "building": "residential", "building:levels": null, "capacity:persons": null, "operator:type": null, "school:type_idn": null, "website": null, "historic": null, "capacity": null, "delivery": null, "description": null, "outdoor_seating": null, "phone": null, "takeaway": null, "leisure": null, "emergency": null, "healthcare": null, "healthcare:speciality": null, "brand": null, "brand:wikidata": null, "brand:wikipedia": null, "short_name": null, "diet:halal": null, "branch": null, "email": null, "air_conditioning": null, "guest_house": null, "name:en": null, "addr:housename": null, "addr:province": null, "addr:unit": null, "addr:district": null, "addr:neighbourhood": null, "addr:subdistrict": null, "contact:instagram": null, "sport": null, "url": null, "old_name": null, "payment:cash": null, "payment:coins": null, "payment:ep_cash": null, "payment:visa": null, "payment:visa_debit": null, "building:roof": null, "building:structure": null, "building:walls": null, "access:roof": null, "hospital:type": null, "landuse": null, "height": null, "addr:street:sym_ul": null, "religion": null, "internet_access:ssid": null, "museum": null, "name:id": null, "wikimedia_commons": null, "school": null, "area": null, "tactile_paving": null, "wikidata": null, "since": null, "layer": null, "type": null, "path": "/home/perhanjay/QGIS/balikpapan_pois_pol_poi.gpkg" }, "geometry": { "type": "Point", "coordinates": [ 116.88429395, -1.2403322 ] } },
{ "type": "Feature", "properties": { "element": "way", "id": 505874593.0, "amenity": "hospital", "name": "Puskesmas Gunung Bahagia", "tourism": null, "cuisine": null, "addr:city": null, "addr:postcode": null, "addr:street": null, "shop": null, "addr:housenumber": null, "level": null, "smoking": null, "beds": null, "internet_access": null, "internet_access:fee": null, "operator": null, "rooms": null, "wheelchair": null, "stars": null, "opening_hours": null, "addr:full": null, "building": "yes", "building:levels": null, "capacity:persons": null, "operator:type": null, "school:type_idn": null, "website": null, "historic": null, "capacity": null, "delivery": null, "description": null, "outdoor_seating": null, "phone": null, "takeaway": null, "leisure": null, "emergency": null, "healthcare": "hospital", "healthcare:speciality": null, "brand": null, "brand:wikidata": null, "brand:wikipedia": null, "short_name": null, "diet:halal": null, "branch": null, "email": null, "air_conditioning": null, "guest_house": null, "name:en": null, "addr:housename": null, "addr:province": null, "addr:unit": null, "addr:district": null, "addr:neighbourhood": null, "addr:subdistrict": null, "contact:instagram": null, "sport": null, "url": null, "old_name": null, "payment:cash": null, "payment:coins": null, "payment:ep_cash": null, "payment:visa": null, "payment:visa_debit": null, "building:roof": null, "building:structure": null, "building:walls": null, "access:roof": null, "hospital:type": null, "landuse": null, "height": null, "addr:street:sym_ul": null, "religion": null, "internet_access:ssid": null, "museum": null, "name:id": null, "wikimedia_commons": null, "school": null, "area": null, "tactile_paving": null, "wikidata": null, "since": null, "layer": null, "type": null, "path": "/home/perhanjay/QGIS/balikpapan_pois_pol_poi.gpkg" }, "geometry": { "type": "Point", "coordinates": [ 116.883428849999973, -1.2424219 ] } },
{ "type": "Feature", "properties": { "element": "way", "id": 505874605.0, "amenity": "cafe", "name": "Kopi Ruang Hati - Gunung Bahagia", "tourism": null, "cuisine": null, "addr:city": null, "addr:postcode": null, "addr:street": null, "shop": null, "addr:housenumber": null, "level": null, "smoking": null, "beds": null, "internet_access": null, "internet_access:fee": null, "operator": null, "rooms": null, "wheelchair": null, "stars": null, "opening_hours": null, "addr:full": null, "building": "residential", "building:levels": null, "capacity:persons": null, "operator:type": null, "school:type_idn": null, "website": null, "historic": null, "capacity": null, "delivery": null, "description": null, "outdoor_seating": null, "phone": null, "takeaway": null, "leisure": null, "emergency": null, "healthcare": null, "healthcare:speciality": null, "brand": null, "brand:wikidata": null, "brand:wikipedia": null, "short_name": null, "diet:halal": null, "branch": null, "email": null, "air_conditioning": null, "guest_house": null, "name:en": null, "addr:housename": null, "addr:province": null, "addr:unit": null, "addr:district": null, "addr:neighbourhood": null, "addr:subdistrict": null, "contact:instagram": null, "sport": null, "url": null, "old_name": null, "payment:cash": null, "payment:coins": null, "payment:ep_cash": null, "payment:visa": null, "payment:visa_debit": null, "building:roof": null, "building:structure": null, "building:walls": null, "access:roof": null, "hospital:type": null, "landuse": null, "height": null, "addr:street:sym_ul": null, "religion": null, "internet_access:ssid": null, "museum": null, "name:id": null, "wikimedia_commons": null, "school": null, "area": null, "tactile_paving": null, "wikidata": null, "since": null, "layer": null, "type": null, "path": "/home/perhanjay/QGIS/balikpapan_pois_pol_poi.gpkg" }, "geometry": { "type": "Point", "coordinates": [ 116.884400175215887, -1.242407735937657 ] } },
{ "type": "Feature", "properties": { "element": "way", "id": 505973750.0, "amenity": null, "name": "The Green Guesthouse Kost Rengganis", "tourism": "guest_house", "cuisine": null, "addr:city": null, "addr:postcode": null, "addr:street": null, "shop": null, "addr:housenumber": null, "level": null, "smoking": null, "beds": null, "internet_access": null, "internet_access:fee": null, "operator": null, "rooms": null, "wheelchair": null, "stars": null, "opening_hours": null, "addr:full": null, "building": "yes", "building:levels": null, "capacity:persons": null, "operator:type": null, "school:type_idn": null, "website": null, "historic": null, "capacity": null, "delivery": null, "description": null, "outdoor_seating": null, "phone": null, "takeaway": null, "leisure": null, "emergency": null, "healthcare": null, "healthcare:speciality": null, "brand": null, "brand:wikidata": null, "brand:wikipedia": null, "short_name": null, "diet:halal": null, "branch": null, "email": null, "air_conditioning": null, "guest_house": null, "name:en": null, "addr:housename": null, "addr:province": null, "addr:unit": null, "addr:district": null, "addr:neighbourhood": null, "addr:subdistrict": null, "contact:instagram": null, "sport": null, "url": null, "old_name": null, "payment:cash": null, "payment:coins": null, "payment:ep_cash": null, "payment:visa": null, "payment:visa_debit": null, "building:roof": null, "building:structure": null, "building:walls": null, "access:roof": null, "hospital:type": null, "landuse": null, "height": null, "addr:street:sym_ul": null, "religion": null, "internet_access:ssid": null, "museum": null, "name:id": null, "wikimedia_commons": null, "school": null, "area": null, "tactile_paving": null, "wikidata": null, "since": null, "layer": null, "type": null, "path": "/home/perhanjay/QGIS/balikpapan_pois_pol_poi.gpkg" }, "geometry": { "type": "Point", "coordinates": [ 116.882838150000012, -1.24548155 ] } },
{ "type": "Feature", "properties": { "element": "way", "id": 505973904.0, "amenity": null, "name": "OYO 1034 Pondok Mulia Guest House", "tourism": "guest_house", "cuisine": null, "addr:city": null, "addr:postcode": null, "addr:street": null, "shop": null, "addr:housenumber": null, "level": null, "smoking": null, "beds": null, "internet_access": null, "internet_access:fee": null, "operator": null, "rooms": null, "wheelchair": null, "stars": null, "opening_hours": null, "addr:full": null, "building": "yes", "building:levels": null, "capacity:persons": null, "operator:type": null, "school:type_idn": null, "website": null, "historic": null, "capacity": null, "delivery": null, "description": null, "outdoor_seating": null, "phone": null, "takeaway": null, "leisure": null, "emergency": null, "healthcare": null, "healthcare:speciality": null, "brand": null, "brand:wikidata": null, "brand:wikipedia": null, "short_name": null, "diet:halal": null, "branch": null, "email": null, "air_conditioning": null, "guest_house": null, "name:en": null, "addr:housename": null, "addr:province": null, "addr:unit": null, "addr:district": null, "addr:neighbourhood": null, "addr:subdistrict": null, "contact:instagram": null, "sport": null, "url": null, "old_name": null, "payment:cash": null, "payment:coins": null, "payment:ep_cash": null, "payment:visa": null, "payment:visa_debit": null, "building:roof": null, "building:structure": null, "building:walls": null, "access:roof": null, "hospital:type": null, "landuse": null, "height": null, "addr:street:sym_ul": null, "religion": null, "internet_access:ssid": null, "museum": null, "name:id": null, "wikimedia_commons": null, "school": null, "area": null, "tactile_paving": null, "wikidata": null, "since": null, "layer": null, "type": null, "path": "/home/perhanjay/QGIS/balikpapan_pois_pol_poi.gpkg" }, "geometry": { "type": "Point", "coordinates": [ 116.883227731316936, -1.244377029488791 ] } },
{ "type": "Feature", "properties": { "element": "way", "id": 506745168.0, "amenity": null, "name": "Rumah Kost Karmina", "tourism": "hotel", "cuisine": null, "addr:city": null, "addr:postcode": null, "addr:street": null, "shop": null, "addr:housenumber": null, "level": null, "smoking": null, "beds": null, "internet_access": null, "internet_access:fee": null, "operator": null, "rooms": null, "wheelchair": null, "stars": null, "opening_hours": null, "addr:full": null, "building": "yes", "building:levels": null, "capacity:persons": null, "operator:type": null, "school:type_idn": null, "website": null, "historic": null, "capacity": null, "delivery": null, "description": null, "outdoor_seating": null, "phone": null, "takeaway": null, "leisure": null, "emergency": null, "healthcare": null, "healthcare:speciality": null, "brand": null, "brand:wikidata": null, "brand:wikipedia": null, "short_name": null, "diet:halal": null, "branch": null, "email": null, "air_conditioning": null, "guest_house": null, "name:en": null, "addr:housename": null, "addr:province": null, "addr:unit": null, "addr:district": null, "addr:neighbourhood": null, "addr:subdistrict": null, "contact:instagram": null, "sport": null, "url": null, "old_name": null, "payment:cash": null, "payment:coins": null, "payment:ep_cash": null, "payment:visa": null, "payment:visa_debit": null, "building:roof": null, "building:structure": null, "building:walls": null, "access:roof": null, "hospital:type": null, "landuse": null, "height": null, "addr:street:sym_ul": null, "religion": null, "internet_access:ssid": null, "museum": null, "name:id": null, "wikimedia_commons": null, "school": null, "area": null, "tactile_paving": null, "wikidata": null, "since": null, "layer": null, "type": null, "path": "/home/perhanjay/QGIS/balikpapan_pois_pol_poi.gpkg" }, "geometry": { "type": "Point", "coordinates": [ 116.868325374827023, -1.260010963140717 ] } },
{ "type": "Feature", "properties": { "element": "way", "id": 506745278.0, "amenity": null, "name": "Garuda Guest House", "tourism": "guest_house", "cuisine": null, "addr:city": null, "addr:postcode": null, "addr:street": null, "shop": null, "addr:housenumber": null, "level": null, "smoking": null, "beds": null, "internet_access": null, "internet_access:fee": null, "operator": null, "rooms": null, "wheelchair": null, "stars": null, "opening_hours": null, "addr:full": null, "building": "yes", "building:levels": null, "capacity:persons": null, "operator:type": null, "school:type_idn": null, "website": null, "historic": null, "capacity": null, "delivery": null, "description": null, "outdoor_seating": null, "phone": null, "takeaway": null, "leisure": null, "emergency": null, "healthcare": null, "healthcare:speciality": null, "brand": null, "brand:wikidata": null, "brand:wikipedia": null, "short_name": null, "diet:halal": null, "branch": null, "email": null, "air_conditioning": null, "guest_house": null, "name:en": null, "addr:housename": null, "addr:province": null, "addr:unit": null, "addr:district": null, "addr:neighbourhood": null, "addr:subdistrict": null, "contact:instagram": null, "sport": null, "url": null, "old_name": null, "payment:cash": null, "payment:coins": null, "payment:ep_cash": null, "payment:visa": null, "payment:visa_debit": null, "building:roof": null, "building:structure": null, "building:walls": null, "access:roof": null, "hospital:type": null, "landuse": null, "height": null, "addr:street:sym_ul": null, "religion": null, "internet_access:ssid": null, "museum": null, "name:id": null, "wikimedia_commons": null, "school": null, "area": null, "tactile_paving": null, "wikidata": null, "since": null, "layer": null, "type": null, "path": "/home/perhanjay/QGIS/balikpapan_pois_pol_poi.gpkg" }, "geometry": { "type": "Point", "coordinates": [ 116.867703100000014, -1.26044805 ] } },
{ "type": "Feature", "properties": { "element": "way", "id": 507529363.0, "amenity": "cafe", "name": "Kedai Kopi Hitam Manis", "tourism": null, "cuisine": null, "addr:city": null, "addr:postcode": null, "addr:street": null, "shop": null, "addr:housenumber": null, "level": null, "smoking": null, "beds": null, "internet_access": null, "internet_access:fee": null, "operator": null, "rooms": null, "wheelchair": null, "stars": null, "opening_hours": null, "addr:full": null, "building": "yes", "building:levels": null, "capacity:persons": null, "operator:type": null, "school:type_idn": null, "website": null, "historic": null, "capacity": null, "delivery": null, "description": null, "outdoor_seating": null, "phone": null, "takeaway": null, "leisure": null, "emergency": null, "healthcare": null, "healthcare:speciality": null, "brand": null, "brand:wikidata": null, "brand:wikipedia": null, "short_name": null, "diet:halal": null, "branch": null, "email": null, "air_conditioning": null, "guest_house": null, "name:en": null, "addr:housename": null, "addr:province": null, "addr:unit": null, "addr:district": null, "addr:neighbourhood": null, "addr:subdistrict": null, "contact:instagram": null, "sport": null, "url": null, "old_name": null, "payment:cash": null, "payment:coins": null, "payment:ep_cash": null, "payment:visa": null, "payment:visa_debit": null, "building:roof": null, "building:structure": null, "building:walls": null, "access:roof": null, "hospital:type": null, "landuse": null, "height": null, "addr:street:sym_ul": null, "religion": null, "internet_access:ssid": null, "museum": null, "name:id": null, "wikimedia_commons": null, "school": null, "area": null, "tactile_paving": null, "wikidata": null, "since": null, "layer": null, "type": null, "path": "/home/perhanjay/QGIS/balikpapan_pois_pol_poi.gpkg" }, "geometry": { "type": "Point", "coordinates": [ 116.844991496256739, -1.248779115635541 ] } },
{ "type": "Feature", "properties": { "element": "way", "id": 507901687.0, "amenity": "restaurant", "name": "Kedai Laut Raja Seafood - Gunung Bahagia", "tourism": null, "cuisine": null, "addr:city": null, "addr:postcode": null, "addr:street": null, "shop": null, "addr:housenumber": null, "level": null, "smoking": null, "beds": null, "internet_access": null, "internet_access:fee": null, "operator": null, "rooms": null, "wheelchair": null, "stars": null, "opening_hours": null, "addr:full": null, "building": "yes", "building:levels": null, "capacity:persons": null, "operator:type": null, "school:type_idn": null, "website": null, "historic": null, "capacity": null, "delivery": null, "description": null, "outdoor_seating": null, "phone": null, "takeaway": null, "leisure": null, "emergency": null, "healthcare": null, "healthcare:speciality": null, "brand": null, "brand:wikidata": null, "brand:wikipedia": null, "short_name": null, "diet:halal": null, "branch": null, "email": null, "air_conditioning": null, "guest_house": null, "name:en": null, "addr:housename": null, "addr:province": null, "addr:unit": null, "addr:district": null, "addr:neighbourhood": null, "addr:subdistrict": null, "contact:instagram": null, "sport": null, "url": null, "old_name": null, "payment:cash": null, "payment:coins": null, "payment:ep_cash": null, "payment:visa": null, "payment:visa_debit": null, "building:roof": null, "building:structure": null, "building:walls": null, "access:roof": null, "hospital:type": null, "landuse": null, "height": null, "addr:street:sym_ul": null, "religion": null, "internet_access:ssid": null, "museum": null, "name:id": null, "wikimedia_commons": null, "school": null, "area": null, "tactile_paving": null, "wikidata": null, "since": null, "layer": null, "type": null, "path": "/home/perhanjay/QGIS/balikpapan_pois_pol_poi.gpkg" }, "geometry": { "type": "Point", "coordinates": [ 116.863327431400009, -1.27511241365105 ] } },
{ "type": "Feature", "properties": { "element": "way", "id": 507901826.0, "amenity": null, "name": "Hotel Simpatik", "tourism": "hotel", "cuisine": null, "addr:city": null, "addr:postcode": null, "addr:street": null, "shop": null, "addr:housenumber": null, "level": null, "smoking": null, "beds": null, "internet_access": null, "internet_access:fee": null, "operator": null, "rooms": null, "wheelchair": null, "stars": null, "opening_hours": null, "addr:full": null, "building": "yes", "building:levels": null, "capacity:persons": null, "operator:type": null, "school:type_idn": null, "website": null, "historic": null, "capacity": null, "delivery": null, "description": null, "outdoor_seating": null, "phone": null, "takeaway": null, "leisure": null, "emergency": null, "healthcare": null, "healthcare:speciality": null, "brand": null, "brand:wikidata": null, "brand:wikipedia": null, "short_name": null, "diet:halal": null, "branch": null, "email": null, "air_conditioning": null, "guest_house": null, "name:en": null, "addr:housename": null, "addr:province": null, "addr:unit": null, "addr:district": null, "addr:neighbourhood": null, "addr:subdistrict": null, "contact:instagram": null, "sport": null, "url": null, "old_name": null, "payment:cash": null, "payment:coins": null, "payment:ep_cash": null, "payment:visa": null, "payment:visa_debit": null, "building:roof": null, "building:structure": null, "building:walls": null, "access:roof": null, "hospital:type": null, "landuse": null, "height": null, "addr:street:sym_ul": null, "religion": null, "internet_access:ssid": null, "museum": null, "name:id": null, "wikimedia_commons": null, "school": null, "area": null, "tactile_paving": null, "wikidata": null, "since": null, "layer": null, "type": null, "path": "/home/perhanjay/QGIS/balikpapan_pois_pol_poi.gpkg" }, "geometry": { "type": "Point", "coordinates": [ 116.863704669425587, -1.275642587228796 ] } },
{ "type": "Feature", "properties": { "element": "way", "id": 508032165.0, "amenity": "restaurant", "name": "RM Ayam Bakar Bojolali", "tourism": null, "cuisine": null, "addr:city": null, "addr:postcode": null, "addr:street": null, "shop": null, "addr:housenumber": null, "level": null, "smoking": null, "beds": null, "internet_access": null, "internet_access:fee": null, "operator": null, "rooms": null, "wheelchair": null, "stars": null, "opening_hours": null, "addr:full": null, "building": "yes", "building:levels": null, "capacity:persons": null, "operator:type": null, "school:type_idn": null, "website": null, "historic": null, "capacity": null, "delivery": null, "description": null, "outdoor_seating": null, "phone": null, "takeaway": null, "leisure": null, "emergency": null, "healthcare": null, "healthcare:speciality": null, "brand": null, "brand:wikidata": null, "brand:wikipedia": null, "short_name": null, "diet:halal": null, "branch": null, "email": null, "air_conditioning": null, "guest_house": null, "name:en": null, "addr:housename": null, "addr:province": null, "addr:unit": null, "addr:district": null, "addr:neighbourhood": null, "addr:subdistrict": null, "contact:instagram": null, "sport": null, "url": null, "old_name": null, "payment:cash": null, "payment:coins": null, "payment:ep_cash": null, "payment:visa": null, "payment:visa_debit": null, "building:roof": null, "building:structure": null, "building:walls": null, "access:roof": null, "hospital:type": null, "landuse": null, "height": null, "addr:street:sym_ul": null, "religion": null, "internet_access:ssid": null, "museum": null, "name:id": null, "wikimedia_commons": null, "school": null, "area": null, "tactile_paving": null, "wikidata": null, "since": null, "layer": null, "type": null, "path": "/home/perhanjay/QGIS/balikpapan_pois_pol_poi.gpkg" }, "geometry": { "type": "Point", "coordinates": [ 116.826385753181768, -1.276797220176708 ] } },
{ "type": "Feature", "properties": { "element": "way", "id": 508032181.0, "amenity": "cafe", "name": "Seruni - Klandasan Ulu", "tourism": null, "cuisine": null, "addr:city": null, "addr:postcode": null, "addr:street": null, "shop": null, "addr:housenumber": null, "level": null, "smoking": null, "beds": null, "internet_access": null, "internet_access:fee": null, "operator": null, "rooms": null, "wheelchair": null, "stars": null, "opening_hours": null, "addr:full": null, "building": "yes", "building:levels": null, "capacity:persons": null, "operator:type": null, "school:type_idn": null, "website": null, "historic": null, "capacity": null, "delivery": null, "description": null, "outdoor_seating": null, "phone": null, "takeaway": null, "leisure": null, "emergency": null, "healthcare": null, "healthcare:speciality": null, "brand": null, "brand:wikidata": null, "brand:wikipedia": null, "short_name": null, "diet:halal": null, "branch": null, "email": null, "air_conditioning": null, "guest_house": null, "name:en": null, "addr:housename": null, "addr:province": null, "addr:unit": null, "addr:district": null, "addr:neighbourhood": null, "addr:subdistrict": null, "contact:instagram": null, "sport": null, "url": null, "old_name": null, "payment:cash": null, "payment:coins": null, "payment:ep_cash": null, "payment:visa": null, "payment:visa_debit": null, "building:roof": null, "building:structure": null, "building:walls": null, "access:roof": null, "hospital:type": null, "landuse": null, "height": null, "addr:street:sym_ul": null, "religion": null, "internet_access:ssid": null, "museum": null, "name:id": null, "wikimedia_commons": null, "school": null, "area": null, "tactile_paving": null, "wikidata": null, "since": null, "layer": null, "type": null, "path": "/home/perhanjay/QGIS/balikpapan_pois_pol_poi.gpkg" }, "geometry": { "type": "Point", "coordinates": [ 116.825407449999986, -1.2770561 ] } },
{ "type": "Feature", "properties": { "element": "way", "id": 508736584.0, "amenity": null, "name": "Hotel Yayang Sepinggan", "tourism": "hotel", "cuisine": null, "addr:city": null, "addr:postcode": null, "addr:street": null, "shop": null, "addr:housenumber": null, "level": null, "smoking": null, "beds": null, "internet_access": null, "internet_access:fee": null, "operator": null, "rooms": null, "wheelchair": null, "stars": null, "opening_hours": null, "addr:full": null, "building": "yes", "building:levels": null, "capacity:persons": null, "operator:type": null, "school:type_idn": null, "website": null, "historic": null, "capacity": null, "delivery": null, "description": null, "outdoor_seating": null, "phone": null, "takeaway": null, "leisure": null, "emergency": null, "healthcare": null, "healthcare:speciality": null, "brand": null, "brand:wikidata": null, "brand:wikipedia": null, "short_name": null, "diet:halal": null, "branch": null, "email": null, "air_conditioning": null, "guest_house": null, "name:en": null, "addr:housename": null, "addr:province": null, "addr:unit": null, "addr:district": null, "addr:neighbourhood": null, "addr:subdistrict": null, "contact:instagram": null, "sport": null, "url": null, "old_name": null, "payment:cash": null, "payment:coins": null, "payment:ep_cash": null, "payment:visa": null, "payment:visa_debit": null, "building:roof": null, "building:structure": null, "building:walls": null, "access:roof": null, "hospital:type": null, "landuse": null, "height": null, "addr:street:sym_ul": null, "religion": null, "internet_access:ssid": null, "museum": null, "name:id": null, "wikimedia_commons": null, "school": null, "area": null, "tactile_paving": null, "wikidata": null, "since": null, "layer": null, "type": null, "path": "/home/perhanjay/QGIS/balikpapan_pois_pol_poi.gpkg" }, "geometry": { "type": "Point", "coordinates": [ 116.908634274956398, -1.259594596868992 ] } },
{ "type": "Feature", "properties": { "element": "way", "id": 508736863.0, "amenity": "restaurant", "name": "Warung Gandul Cabang Kuaro - Sepinggan", "tourism": null, "cuisine": null, "addr:city": null, "addr:postcode": null, "addr:street": null, "shop": null, "addr:housenumber": null, "level": null, "smoking": null, "beds": null, "internet_access": null, "internet_access:fee": null, "operator": null, "rooms": null, "wheelchair": null, "stars": null, "opening_hours": null, "addr:full": null, "building": "yes", "building:levels": null, "capacity:persons": null, "operator:type": null, "school:type_idn": null, "website": null, "historic": null, "capacity": null, "delivery": null, "description": null, "outdoor_seating": null, "phone": null, "takeaway": null, "leisure": null, "emergency": null, "healthcare": null, "healthcare:speciality": null, "brand": null, "brand:wikidata": null, "brand:wikipedia": null, "short_name": null, "diet:halal": null, "branch": null, "email": null, "air_conditioning": null, "guest_house": null, "name:en": null, "addr:housename": null, "addr:province": null, "addr:unit": null, "addr:district": null, "addr:neighbourhood": null, "addr:subdistrict": null, "contact:instagram": null, "sport": null, "url": null, "old_name": null, "payment:cash": null, "payment:coins": null, "payment:ep_cash": null, "payment:visa": null, "payment:visa_debit": null, "building:roof": null, "building:structure": null, "building:walls": null, "access:roof": null, "hospital:type": null, "landuse": null, "height": null, "addr:street:sym_ul": null, "religion": null, "internet_access:ssid": null, "museum": null, "name:id": null, "wikimedia_commons": null, "school": null, "area": null, "tactile_paving": null, "wikidata": null, "since": null, "layer": null, "type": null, "path": "/home/perhanjay/QGIS/balikpapan_pois_pol_poi.gpkg" }, "geometry": { "type": "Point", "coordinates": [ 116.903464898039218, -1.2572228 ] } },
{ "type": "Feature", "properties": { "element": "way", "id": 508736865.0, "amenity": null, "name": "Alfamidi Syarifuddin Yoes", "tourism": null, "cuisine": null, "addr:city": null, "addr:postcode": null, "addr:street": null, "shop": "supermarket", "addr:housenumber": null, "level": null, "smoking": null, "beds": null, "internet_access": null, "internet_access:fee": null, "operator": null, "rooms": null, "wheelchair": null, "stars": null, "opening_hours": null, "addr:full": null, "building": "yes", "building:levels": null, "capacity:persons": null, "operator:type": null, "school:type_idn": null, "website": null, "historic": null, "capacity": null, "delivery": null, "description": null, "outdoor_seating": null, "phone": null, "takeaway": null, "leisure": null, "emergency": null, "healthcare": null, "healthcare:speciality": null, "brand": null, "brand:wikidata": null, "brand:wikipedia": null, "short_name": null, "diet:halal": null, "branch": null, "email": null, "air_conditioning": null, "guest_house": null, "name:en": null, "addr:housename": null, "addr:province": null, "addr:unit": null, "addr:district": null, "addr:neighbourhood": null, "addr:subdistrict": null, "contact:instagram": null, "sport": null, "url": null, "old_name": null, "payment:cash": null, "payment:coins": null, "payment:ep_cash": null, "payment:visa": null, "payment:visa_debit": null, "building:roof": null, "building:structure": null, "building:walls": null, "access:roof": null, "hospital:type": null, "landuse": null, "height": null, "addr:street:sym_ul": null, "religion": null, "internet_access:ssid": null, "museum": null, "name:id": null, "wikimedia_commons": null, "school": null, "area": null, "tactile_paving": null, "wikidata": null, "since": null, "layer": null, "type": null, "path": "/home/perhanjay/QGIS/balikpapan_pois_pol_poi.gpkg" }, "geometry": { "type": "Point", "coordinates": [ 116.903640519755086, -1.25754541483327 ] } },
{ "type": "Feature", "properties": { "element": "way", "id": 508736879.0, "amenity": null, "name": "Hotel Sepinggan", "tourism": "hotel", "cuisine": null, "addr:city": null, "addr:postcode": null, "addr:street": null, "shop": null, "addr:housenumber": null, "level": null, "smoking": null, "beds": null, "internet_access": null, "internet_access:fee": null, "operator": null, "rooms": null, "wheelchair": null, "stars": null, "opening_hours": null, "addr:full": null, "building": "yes", "building:levels": null, "capacity:persons": null, "operator:type": null, "school:type_idn": null, "website": null, "historic": null, "capacity": null, "delivery": null, "description": null, "outdoor_seating": null, "phone": null, "takeaway": null, "leisure": null, "emergency": null, "healthcare": null, "healthcare:speciality": null, "brand": null, "brand:wikidata": null, "brand:wikipedia": null, "short_name": null, "diet:halal": null, "branch": null, "email": null, "air_conditioning": null, "guest_house": null, "name:en": null, "addr:housename": null, "addr:province": null, "addr:unit": null, "addr:district": null, "addr:neighbourhood": null, "addr:subdistrict": null, "contact:instagram": null, "sport": null, "url": null, "old_name": null, "payment:cash": null, "payment:coins": null, "payment:ep_cash": null, "payment:visa": null, "payment:visa_debit": null, "building:roof": null, "building:structure": null, "building:walls": null, "access:roof": null, "hospital:type": null, "landuse": null, "height": null, "addr:street:sym_ul": null, "religion": null, "internet_access:ssid": null, "museum": null, "name:id": null, "wikimedia_commons": null, "school": null, "area": null, "tactile_paving": null, "wikidata": null, "since": null, "layer": null, "type": null, "path": "/home/perhanjay/QGIS/balikpapan_pois_pol_poi.gpkg" }, "geometry": { "type": "Point", "coordinates": [ 116.901532817970519, -1.257460446088462 ] } },
{ "type": "Feature", "properties": { "element": "way", "id": 508991467.0, "amenity": null, "name": "Hotel Mutiara Indah Balikpapan", "tourism": "hotel", "cuisine": null, "addr:city": null, "addr:postcode": null, "addr:street": null, "shop": null, "addr:housenumber": null, "level": null, "smoking": null, "beds": null, "internet_access": null, "internet_access:fee": null, "operator": null, "rooms": null, "wheelchair": null, "stars": null, "opening_hours": null, "addr:full": null, "building": "yes", "building:levels": null, "capacity:persons": null, "operator:type": null, "school:type_idn": null, "website": null, "historic": null, "capacity": null, "delivery": null, "description": null, "outdoor_seating": null, "phone": null, "takeaway": null, "leisure": null, "emergency": null, "healthcare": null, "healthcare:speciality": null, "brand": null, "brand:wikidata": null, "brand:wikipedia": null, "short_name": null, "diet:halal": null, "branch": null, "email": null, "air_conditioning": null, "guest_house": null, "name:en": null, "addr:housename": null, "addr:province": null, "addr:unit": null, "addr:district": null, "addr:neighbourhood": null, "addr:subdistrict": null, "contact:instagram": null, "sport": null, "url": null, "old_name": null, "payment:cash": null, "payment:coins": null, "payment:ep_cash": null, "payment:visa": null, "payment:visa_debit": null, "building:roof": null, "building:structure": null, "building:walls": null, "access:roof": null, "hospital:type": null, "landuse": null, "height": null, "addr:street:sym_ul": null, "religion": null, "internet_access:ssid": null, "museum": null, "name:id": null, "wikimedia_commons": null, "school": null, "area": null, "tactile_paving": null, "wikidata": null, "since": null, "layer": null, "type": null, "path": "/home/perhanjay/QGIS/balikpapan_pois_pol_poi.gpkg" }, "geometry": { "type": "Point", "coordinates": [ 116.847263283156607, -1.265899183317549 ] } },
{ "type": "Feature", "properties": { "element": "way", "id": 508991620.0, "amenity": null, "name": "Kost Pelangi", "tourism": "hostel", "cuisine": null, "addr:city": null, "addr:postcode": null, "addr:street": null, "shop": null, "addr:housenumber": null, "level": null, "smoking": null, "beds": null, "internet_access": null, "internet_access:fee": null, "operator": null, "rooms": null, "wheelchair": null, "stars": null, "opening_hours": null, "addr:full": null, "building": "yes", "building:levels": null, "capacity:persons": null, "operator:type": null, "school:type_idn": null, "website": null, "historic": null, "capacity": null, "delivery": null, "description": null, "outdoor_seating": null, "phone": null, "takeaway": null, "leisure": null, "emergency": null, "healthcare": null, "healthcare:speciality": null, "brand": null, "brand:wikidata": null, "brand:wikipedia": null, "short_name": null, "diet:halal": null, "branch": null, "email": null, "air_conditioning": null, "guest_house": null, "name:en": null, "addr:housename": null, "addr:province": null, "addr:unit": null, "addr:district": null, "addr:neighbourhood": null, "addr:subdistrict": null, "contact:instagram": null, "sport": null, "url": null, "old_name": null, "payment:cash": null, "payment:coins": null, "payment:ep_cash": null, "payment:visa": null, "payment:visa_debit": null, "building:roof": null, "building:structure": null, "building:walls": null, "access:roof": null, "hospital:type": null, "landuse": null, "height": null, "addr:street:sym_ul": null, "religion": null, "internet_access:ssid": null, "museum": null, "name:id": null, "wikimedia_commons": null, "school": null, "area": null, "tactile_paving": null, "wikidata": null, "since": null, "layer": null, "type": null, "path": "/home/perhanjay/QGIS/balikpapan_pois_pol_poi.gpkg" }, "geometry": { "type": "Point", "coordinates": [ 116.850594295362527, -1.264889031726396 ] } },
{ "type": "Feature", "properties": { "element": "way", "id": 508991622.0, "amenity": null, "name": "Sweet Guest House", "tourism": "guest_house", "cuisine": null, "addr:city": null, "addr:postcode": null, "addr:street": null, "shop": null, "addr:housenumber": null, "level": null, "smoking": null, "beds": null, "internet_access": null, "internet_access:fee": null, "operator": null, "rooms": null, "wheelchair": null, "stars": null, "opening_hours": null, "addr:full": null, "building": "yes", "building:levels": null, "capacity:persons": null, "operator:type": null, "school:type_idn": null, "website": null, "historic": null, "capacity": null, "delivery": null, "description": null, "outdoor_seating": null, "phone": null, "takeaway": null, "leisure": null, "emergency": null, "healthcare": null, "healthcare:speciality": null, "brand": null, "brand:wikidata": null, "brand:wikipedia": null, "short_name": null, "diet:halal": null, "branch": null, "email": null, "air_conditioning": null, "guest_house": null, "name:en": null, "addr:housename": null, "addr:province": null, "addr:unit": null, "addr:district": null, "addr:neighbourhood": null, "addr:subdistrict": null, "contact:instagram": null, "sport": null, "url": null, "old_name": null, "payment:cash": null, "payment:coins": null, "payment:ep_cash": null, "payment:visa": null, "payment:visa_debit": null, "building:roof": null, "building:structure": null, "building:walls": null, "access:roof": null, "hospital:type": null, "landuse": null, "height": null, "addr:street:sym_ul": null, "religion": null, "internet_access:ssid": null, "museum": null, "name:id": null, "wikimedia_commons": null, "school": null, "area": null, "tactile_paving": null, "wikidata": null, "since": null, "layer": null, "type": null, "path": "/home/perhanjay/QGIS/balikpapan_pois_pol_poi.gpkg" }, "geometry": { "type": "Point", "coordinates": [ 116.850690259891493, -1.26467226350507 ] } },
{ "type": "Feature", "properties": { "element": "way", "id": 509938015.0, "amenity": null, "name": "Al-Cholil Home Stay Balikpapan", "tourism": "guest_house", "cuisine": null, "addr:city": null, "addr:postcode": null, "addr:street": null, "shop": null, "addr:housenumber": null, "level": null, "smoking": null, "beds": null, "internet_access": null, "internet_access:fee": null, "operator": null, "rooms": null, "wheelchair": null, "stars": null, "opening_hours": null, "addr:full": null, "building": "yes", "building:levels": null, "capacity:persons": null, "operator:type": null, "school:type_idn": null, "website": null, "historic": null, "capacity": null, "delivery": null, "description": null, "outdoor_seating": null, "phone": null, "takeaway": null, "leisure": null, "emergency": null, "healthcare": null, "healthcare:speciality": null, "brand": null, "brand:wikidata": null, "brand:wikipedia": null, "short_name": null, "diet:halal": null, "branch": null, "email": null, "air_conditioning": null, "guest_house": null, "name:en": null, "addr:housename": null, "addr:province": null, "addr:unit": null, "addr:district": null, "addr:neighbourhood": null, "addr:subdistrict": null, "contact:instagram": null, "sport": null, "url": null, "old_name": null, "payment:cash": null, "payment:coins": null, "payment:ep_cash": null, "payment:visa": null, "payment:visa_debit": null, "building:roof": null, "building:structure": null, "building:walls": null, "access:roof": null, "hospital:type": null, "landuse": null, "height": null, "addr:street:sym_ul": null, "religion": null, "internet_access:ssid": null, "museum": null, "name:id": null, "wikimedia_commons": null, "school": null, "area": null, "tactile_paving": null, "wikidata": null, "since": null, "layer": null, "type": null, "path": "/home/perhanjay/QGIS/balikpapan_pois_pol_poi.gpkg" }, "geometry": { "type": "Point", "coordinates": [ 116.847116779531589, -1.272264240523095 ] } },
{ "type": "Feature", "properties": { "element": "way", "id": 510142090.0, "amenity": "restaurant", "name": "Bakso Mie Ayam Sopo Nyono Inpres II - Muara Rapak", "tourism": null, "cuisine": null, "addr:city": null, "addr:postcode": null, "addr:street": null, "shop": null, "addr:housenumber": null, "level": null, "smoking": null, "beds": null, "internet_access": null, "internet_access:fee": null, "operator": null, "rooms": null, "wheelchair": null, "stars": null, "opening_hours": null, "addr:full": null, "building": "yes", "building:levels": null, "capacity:persons": null, "operator:type": null, "school:type_idn": null, "website": null, "historic": null, "capacity": null, "delivery": null, "description": null, "outdoor_seating": null, "phone": null, "takeaway": null, "leisure": null, "emergency": null, "healthcare": null, "healthcare:speciality": null, "brand": null, "brand:wikidata": null, "brand:wikipedia": null, "short_name": null, "diet:halal": null, "branch": null, "email": null, "air_conditioning": null, "guest_house": null, "name:en": null, "addr:housename": null, "addr:province": null, "addr:unit": null, "addr:district": null, "addr:neighbourhood": null, "addr:subdistrict": null, "contact:instagram": null, "sport": null, "url": null, "old_name": null, "payment:cash": null, "payment:coins": null, "payment:ep_cash": null, "payment:visa": null, "payment:visa_debit": null, "building:roof": null, "building:structure": null, "building:walls": null, "access:roof": null, "hospital:type": null, "landuse": null, "height": null, "addr:street:sym_ul": null, "religion": null, "internet_access:ssid": null, "museum": null, "name:id": null, "wikimedia_commons": null, "school": null, "area": null, "tactile_paving": null, "wikidata": null, "since": null, "layer": null, "type": null, "path": "/home/perhanjay/QGIS/balikpapan_pois_pol_poi.gpkg" }, "geometry": { "type": "Point", "coordinates": [ 116.834987927492691, -1.233561535382012 ] } },
{ "type": "Feature", "properties": { "element": "way", "id": 510415132.0, "amenity": "cafe", "name": "Cafeteria", "tourism": null, "cuisine": null, "addr:city": null, "addr:postcode": null, "addr:street": null, "shop": null, "addr:housenumber": null, "level": null, "smoking": null, "beds": null, "internet_access": null, "internet_access:fee": null, "operator": null, "rooms": null, "wheelchair": null, "stars": null, "opening_hours": null, "addr:full": null, "building": "yes", "building:levels": null, "capacity:persons": null, "operator:type": null, "school:type_idn": null, "website": null, "historic": null, "capacity": null, "delivery": null, "description": null, "outdoor_seating": null, "phone": null, "takeaway": null, "leisure": null, "emergency": null, "healthcare": null, "healthcare:speciality": null, "brand": null, "brand:wikidata": null, "brand:wikipedia": null, "short_name": null, "diet:halal": null, "branch": null, "email": null, "air_conditioning": null, "guest_house": null, "name:en": null, "addr:housename": null, "addr:province": null, "addr:unit": null, "addr:district": null, "addr:neighbourhood": null, "addr:subdistrict": null, "contact:instagram": null, "sport": null, "url": null, "old_name": null, "payment:cash": null, "payment:coins": null, "payment:ep_cash": null, "payment:visa": null, "payment:visa_debit": null, "building:roof": null, "building:structure": null, "building:walls": null, "access:roof": null, "hospital:type": null, "landuse": null, "height": null, "addr:street:sym_ul": null, "religion": null, "internet_access:ssid": null, "museum": null, "name:id": null, "wikimedia_commons": null, "school": null, "area": null, "tactile_paving": null, "wikidata": null, "since": null, "layer": null, "type": null, "path": "/home/perhanjay/QGIS/balikpapan_pois_pol_poi.gpkg" }, "geometry": { "type": "Point", "coordinates": [ 116.832555935518755, -1.270743557407694 ] } },
{ "type": "Feature", "properties": { "element": "way", "id": 510476697.0, "amenity": "restaurant", "name": "Depot Mie Sella Jaya", "tourism": null, "cuisine": null, "addr:city": null, "addr:postcode": null, "addr:street": null, "shop": null, "addr:housenumber": null, "level": null, "smoking": null, "beds": null, "internet_access": null, "internet_access:fee": null, "operator": null, "rooms": null, "wheelchair": null, "stars": null, "opening_hours": null, "addr:full": null, "building": "yes", "building:levels": null, "capacity:persons": null, "operator:type": null, "school:type_idn": null, "website": null, "historic": null, "capacity": null, "delivery": null, "description": null, "outdoor_seating": null, "phone": null, "takeaway": null, "leisure": null, "emergency": null, "healthcare": null, "healthcare:speciality": null, "brand": null, "brand:wikidata": null, "brand:wikipedia": null, "short_name": null, "diet:halal": null, "branch": null, "email": null, "air_conditioning": null, "guest_house": null, "name:en": null, "addr:housename": null, "addr:province": null, "addr:unit": null, "addr:district": null, "addr:neighbourhood": null, "addr:subdistrict": null, "contact:instagram": null, "sport": null, "url": null, "old_name": null, "payment:cash": null, "payment:coins": null, "payment:ep_cash": null, "payment:visa": null, "payment:visa_debit": null, "building:roof": null, "building:structure": null, "building:walls": null, "access:roof": null, "hospital:type": null, "landuse": null, "height": null, "addr:street:sym_ul": null, "religion": null, "internet_access:ssid": null, "museum": null, "name:id": null, "wikimedia_commons": null, "school": null, "area": null, "tactile_paving": null, "wikidata": null, "since": null, "layer": null, "type": null, "path": "/home/perhanjay/QGIS/balikpapan_pois_pol_poi.gpkg" }, "geometry": { "type": "Point", "coordinates": [ 116.827749484063872, -1.228792679640852 ] } },
{ "type": "Feature", "properties": { "element": "way", "id": 510626162.0, "amenity": null, "name": "Rumah Kost Agnia", "tourism": "hostel", "cuisine": null, "addr:city": null, "addr:postcode": null, "addr:street": null, "shop": null, "addr:housenumber": null, "level": null, "smoking": null, "beds": null, "internet_access": null, "internet_access:fee": null, "operator": null, "rooms": null, "wheelchair": null, "stars": null, "opening_hours": null, "addr:full": null, "building": "yes", "building:levels": null, "capacity:persons": null, "operator:type": null, "school:type_idn": null, "website": null, "historic": null, "capacity": null, "delivery": null, "description": null, "outdoor_seating": null, "phone": null, "takeaway": null, "leisure": null, "emergency": null, "healthcare": null, "healthcare:speciality": null, "brand": null, "brand:wikidata": null, "brand:wikipedia": null, "short_name": null, "diet:halal": null, "branch": null, "email": null, "air_conditioning": null, "guest_house": null, "name:en": null, "addr:housename": null, "addr:province": null, "addr:unit": null, "addr:district": null, "addr:neighbourhood": null, "addr:subdistrict": null, "contact:instagram": null, "sport": null, "url": null, "old_name": null, "payment:cash": null, "payment:coins": null, "payment:ep_cash": null, "payment:visa": null, "payment:visa_debit": null, "building:roof": null, "building:structure": null, "building:walls": null, "access:roof": null, "hospital:type": null, "landuse": null, "height": null, "addr:street:sym_ul": null, "religion": null, "internet_access:ssid": null, "museum": null, "name:id": null, "wikimedia_commons": null, "school": null, "area": null, "tactile_paving": null, "wikidata": null, "since": null, "layer": null, "type": null, "path": "/home/perhanjay/QGIS/balikpapan_pois_pol_poi.gpkg" }, "geometry": { "type": "Point", "coordinates": [ 116.899284116657896, -1.255511949727129 ] } },
{ "type": "Feature", "properties": { "element": "way", "id": 510633338.0, "amenity": "cafe", "name": "Pondok Palmer", "tourism": null, "cuisine": null, "addr:city": null, "addr:postcode": null, "addr:street": null, "shop": null, "addr:housenumber": null, "level": null, "smoking": null, "beds": null, "internet_access": null, "internet_access:fee": null, "operator": null, "rooms": null, "wheelchair": null, "stars": null, "opening_hours": null, "addr:full": null, "building": "yes", "building:levels": null, "capacity:persons": null, "operator:type": null, "school:type_idn": null, "website": null, "historic": null, "capacity": null, "delivery": null, "description": null, "outdoor_seating": null, "phone": null, "takeaway": null, "leisure": null, "emergency": null, "healthcare": null, "healthcare:speciality": null, "brand": null, "brand:wikidata": null, "brand:wikipedia": null, "short_name": null, "diet:halal": null, "branch": null, "email": null, "air_conditioning": null, "guest_house": null, "name:en": null, "addr:housename": null, "addr:province": null, "addr:unit": null, "addr:district": null, "addr:neighbourhood": null, "addr:subdistrict": null, "contact:instagram": null, "sport": null, "url": null, "old_name": null, "payment:cash": null, "payment:coins": null, "payment:ep_cash": null, "payment:visa": null, "payment:visa_debit": null, "building:roof": null, "building:structure": null, "building:walls": null, "access:roof": null, "hospital:type": null, "landuse": null, "height": null, "addr:street:sym_ul": null, "religion": null, "internet_access:ssid": null, "museum": null, "name:id": null, "wikimedia_commons": null, "school": null, "area": null, "tactile_paving": null, "wikidata": null, "since": null, "layer": null, "type": null, "path": "/home/perhanjay/QGIS/balikpapan_pois_pol_poi.gpkg" }, "geometry": { "type": "Point", "coordinates": [ 116.904251188972594, -1.253032548278027 ] } },
{ "type": "Feature", "properties": { "element": "way", "id": 510633345.0, "amenity": null, "name": "Guest House Sepinggan Baru", "tourism": "guest_house", "cuisine": null, "addr:city": null, "addr:postcode": null, "addr:street": null, "shop": null, "addr:housenumber": null, "level": null, "smoking": null, "beds": null, "internet_access": null, "internet_access:fee": null, "operator": null, "rooms": null, "wheelchair": null, "stars": null, "opening_hours": null, "addr:full": null, "building": "yes", "building:levels": null, "capacity:persons": null, "operator:type": null, "school:type_idn": null, "website": null, "historic": null, "capacity": null, "delivery": null, "description": null, "outdoor_seating": null, "phone": null, "takeaway": null, "leisure": null, "emergency": null, "healthcare": null, "healthcare:speciality": null, "brand": null, "brand:wikidata": null, "brand:wikipedia": null, "short_name": null, "diet:halal": null, "branch": null, "email": null, "air_conditioning": null, "guest_house": null, "name:en": null, "addr:housename": null, "addr:province": null, "addr:unit": null, "addr:district": null, "addr:neighbourhood": null, "addr:subdistrict": null, "contact:instagram": null, "sport": null, "url": null, "old_name": null, "payment:cash": null, "payment:coins": null, "payment:ep_cash": null, "payment:visa": null, "payment:visa_debit": null, "building:roof": null, "building:structure": null, "building:walls": null, "access:roof": null, "hospital:type": null, "landuse": null, "height": null, "addr:street:sym_ul": null, "religion": null, "internet_access:ssid": null, "museum": null, "name:id": null, "wikimedia_commons": null, "school": null, "area": null, "tactile_paving": null, "wikidata": null, "since": null, "layer": null, "type": null, "path": "/home/perhanjay/QGIS/balikpapan_pois_pol_poi.gpkg" }, "geometry": { "type": "Point", "coordinates": [ 116.904192976985655, -1.253248410361807 ] } },
{ "type": "Feature", "properties": { "element": "way", "id": 510699719.0, "amenity": null, "name": "Pondok Homy", "tourism": "guest_house", "cuisine": null, "addr:city": null, "addr:postcode": null, "addr:street": null, "shop": null, "addr:housenumber": null, "level": null, "smoking": null, "beds": null, "internet_access": null, "internet_access:fee": null, "operator": null, "rooms": null, "wheelchair": null, "stars": null, "opening_hours": null, "addr:full": null, "building": "yes", "building:levels": null, "capacity:persons": null, "operator:type": null, "school:type_idn": null, "website": null, "historic": null, "capacity": null, "delivery": null, "description": null, "outdoor_seating": null, "phone": null, "takeaway": null, "leisure": null, "emergency": null, "healthcare": null, "healthcare:speciality": null, "brand": null, "brand:wikidata": null, "brand:wikipedia": null, "short_name": null, "diet:halal": null, "branch": null, "email": null, "air_conditioning": null, "guest_house": null, "name:en": null, "addr:housename": null, "addr:province": null, "addr:unit": null, "addr:district": null, "addr:neighbourhood": null, "addr:subdistrict": null, "contact:instagram": null, "sport": null, "url": null, "old_name": null, "payment:cash": null, "payment:coins": null, "payment:ep_cash": null, "payment:visa": null, "payment:visa_debit": null, "building:roof": null, "building:structure": null, "building:walls": null, "access:roof": null, "hospital:type": null, "landuse": null, "height": null, "addr:street:sym_ul": null, "religion": null, "internet_access:ssid": null, "museum": null, "name:id": null, "wikimedia_commons": null, "school": null, "area": null, "tactile_paving": null, "wikidata": null, "since": null, "layer": null, "type": null, "path": "/home/perhanjay/QGIS/balikpapan_pois_pol_poi.gpkg" }, "geometry": { "type": "Point", "coordinates": [ 116.907790231646658, -1.25945563273693 ] } },
{ "type": "Feature", "properties": { "element": "way", "id": 510699748.0, "amenity": "restaurant", "name": "Rumah Makan Salero Minang - Sepinggan Raya", "tourism": null, "cuisine": null, "addr:city": null, "addr:postcode": null, "addr:street": null, "shop": null, "addr:housenumber": null, "level": null, "smoking": null, "beds": null, "internet_access": null, "internet_access:fee": null, "operator": null, "rooms": null, "wheelchair": null, "stars": null, "opening_hours": null, "addr:full": null, "building": "yes", "building:levels": null, "capacity:persons": null, "operator:type": null, "school:type_idn": null, "website": null, "historic": null, "capacity": null, "delivery": null, "description": null, "outdoor_seating": null, "phone": null, "takeaway": null, "leisure": null, "emergency": null, "healthcare": null, "healthcare:speciality": null, "brand": null, "brand:wikidata": null, "brand:wikipedia": null, "short_name": null, "diet:halal": null, "branch": null, "email": null, "air_conditioning": null, "guest_house": null, "name:en": null, "addr:housename": null, "addr:province": null, "addr:unit": null, "addr:district": null, "addr:neighbourhood": null, "addr:subdistrict": null, "contact:instagram": null, "sport": null, "url": null, "old_name": null, "payment:cash": null, "payment:coins": null, "payment:ep_cash": null, "payment:visa": null, "payment:visa_debit": null, "building:roof": null, "building:structure": null, "building:walls": null, "access:roof": null, "hospital:type": null, "landuse": null, "height": null, "addr:street:sym_ul": null, "religion": null, "internet_access:ssid": null, "museum": null, "name:id": null, "wikimedia_commons": null, "school": null, "area": null, "tactile_paving": null, "wikidata": null, "since": null, "layer": null, "type": null, "path": "/home/perhanjay/QGIS/balikpapan_pois_pol_poi.gpkg" }, "geometry": { "type": "Point", "coordinates": [ 116.908205621878352, -1.258166641013768 ] } },
{ "type": "Feature", "properties": { "element": "way", "id": 510699756.0, "amenity": null, "name": "Penginapan Bobby Balikpapan", "tourism": "hotel", "cuisine": null, "addr:city": null, "addr:postcode": null, "addr:street": null, "shop": null, "addr:housenumber": null, "level": null, "smoking": null, "beds": null, "internet_access": null, "internet_access:fee": null, "operator": null, "rooms": null, "wheelchair": null, "stars": null, "opening_hours": null, "addr:full": null, "building": "yes", "building:levels": null, "capacity:persons": null, "operator:type": null, "school:type_idn": null, "website": null, "historic": null, "capacity": null, "delivery": null, "description": null, "outdoor_seating": null, "phone": null, "takeaway": null, "leisure": null, "emergency": null, "healthcare": null, "healthcare:speciality": null, "brand": null, "brand:wikidata": null, "brand:wikipedia": null, "short_name": null, "diet:halal": null, "branch": null, "email": null, "air_conditioning": null, "guest_house": null, "name:en": null, "addr:housename": null, "addr:province": null, "addr:unit": null, "addr:district": null, "addr:neighbourhood": null, "addr:subdistrict": null, "contact:instagram": null, "sport": null, "url": null, "old_name": null, "payment:cash": null, "payment:coins": null, "payment:ep_cash": null, "payment:visa": null, "payment:visa_debit": null, "building:roof": null, "building:structure": null, "building:walls": null, "access:roof": null, "hospital:type": null, "landuse": null, "height": null, "addr:street:sym_ul": null, "religion": null, "internet_access:ssid": null, "museum": null, "name:id": null, "wikimedia_commons": null, "school": null, "area": null, "tactile_paving": null, "wikidata": null, "since": null, "layer": null, "type": null, "path": "/home/perhanjay/QGIS/balikpapan_pois_pol_poi.gpkg" }, "geometry": { "type": "Point", "coordinates": [ 116.9071271, -1.25854245 ] } },
{ "type": "Feature", "properties": { "element": "way", "id": 510889636.0, "amenity": null, "name": "Maxi Swalayan Sepinggan", "tourism": null, "cuisine": null, "addr:city": null, "addr:postcode": null, "addr:street": null, "shop": "supermarket", "addr:housenumber": null, "level": null, "smoking": null, "beds": null, "internet_access": null, "internet_access:fee": null, "operator": null, "rooms": null, "wheelchair": null, "stars": null, "opening_hours": null, "addr:full": null, "building": "yes", "building:levels": null, "capacity:persons": null, "operator:type": null, "school:type_idn": null, "website": null, "historic": null, "capacity": null, "delivery": null, "description": null, "outdoor_seating": null, "phone": null, "takeaway": null, "leisure": null, "emergency": null, "healthcare": null, "healthcare:speciality": null, "brand": null, "brand:wikidata": null, "brand:wikipedia": null, "short_name": null, "diet:halal": null, "branch": null, "email": null, "air_conditioning": null, "guest_house": null, "name:en": null, "addr:housename": null, "addr:province": null, "addr:unit": null, "addr:district": null, "addr:neighbourhood": null, "addr:subdistrict": null, "contact:instagram": null, "sport": null, "url": null, "old_name": null, "payment:cash": null, "payment:coins": null, "payment:ep_cash": null, "payment:visa": null, "payment:visa_debit": null, "building:roof": null, "building:structure": null, "building:walls": null, "access:roof": null, "hospital:type": null, "landuse": null, "height": null, "addr:street:sym_ul": null, "religion": null, "internet_access:ssid": null, "museum": null, "name:id": null, "wikimedia_commons": null, "school": null, "area": null, "tactile_paving": null, "wikidata": null, "since": null, "layer": null, "type": null, "path": "/home/perhanjay/QGIS/balikpapan_pois_pol_poi.gpkg" }, "geometry": { "type": "Point", "coordinates": [ 116.91428980000002, -1.2587122 ] } },
{ "type": "Feature", "properties": { "element": "way", "id": 510893401.0, "amenity": "restaurant", "name": "RM Rossi", "tourism": null, "cuisine": null, "addr:city": null, "addr:postcode": null, "addr:street": null, "shop": null, "addr:housenumber": null, "level": null, "smoking": null, "beds": null, "internet_access": null, "internet_access:fee": null, "operator": null, "rooms": null, "wheelchair": null, "stars": null, "opening_hours": null, "addr:full": null, "building": "yes", "building:levels": null, "capacity:persons": null, "operator:type": null, "school:type_idn": null, "website": null, "historic": null, "capacity": null, "delivery": null, "description": null, "outdoor_seating": null, "phone": null, "takeaway": null, "leisure": null, "emergency": null, "healthcare": null, "healthcare:speciality": null, "brand": null, "brand:wikidata": null, "brand:wikipedia": null, "short_name": null, "diet:halal": null, "branch": null, "email": null, "air_conditioning": null, "guest_house": null, "name:en": null, "addr:housename": null, "addr:province": null, "addr:unit": null, "addr:district": null, "addr:neighbourhood": null, "addr:subdistrict": null, "contact:instagram": null, "sport": null, "url": null, "old_name": null, "payment:cash": null, "payment:coins": null, "payment:ep_cash": null, "payment:visa": null, "payment:visa_debit": null, "building:roof": null, "building:structure": null, "building:walls": null, "access:roof": null, "hospital:type": null, "landuse": null, "height": null, "addr:street:sym_ul": null, "religion": null, "internet_access:ssid": null, "museum": null, "name:id": null, "wikimedia_commons": null, "school": null, "area": null, "tactile_paving": null, "wikidata": null, "since": null, "layer": null, "type": null, "path": "/home/perhanjay/QGIS/balikpapan_pois_pol_poi.gpkg" }, "geometry": { "type": "Point", "coordinates": [ 116.894989329569057, -1.251796891830418 ] } },
{ "type": "Feature", "properties": { "element": "way", "id": 511108578.0, "amenity": null, "name": "Kost Coklat", "tourism": "hostel", "cuisine": null, "addr:city": "Balikpapan", "addr:postcode": null, "addr:street": null, "shop": null, "addr:housenumber": null, "level": null, "smoking": null, "beds": null, "internet_access": null, "internet_access:fee": null, "operator": null, "rooms": null, "wheelchair": null, "stars": null, "opening_hours": null, "addr:full": null, "building": "yes", "building:levels": null, "capacity:persons": null, "operator:type": null, "school:type_idn": null, "website": null, "historic": null, "capacity": null, "delivery": null, "description": null, "outdoor_seating": null, "phone": null, "takeaway": null, "leisure": null, "emergency": null, "healthcare": null, "healthcare:speciality": null, "brand": null, "brand:wikidata": null, "brand:wikipedia": null, "short_name": null, "diet:halal": null, "branch": null, "email": null, "air_conditioning": null, "guest_house": null, "name:en": null, "addr:housename": null, "addr:province": null, "addr:unit": null, "addr:district": null, "addr:neighbourhood": null, "addr:subdistrict": null, "contact:instagram": null, "sport": null, "url": null, "old_name": null, "payment:cash": null, "payment:coins": null, "payment:ep_cash": null, "payment:visa": null, "payment:visa_debit": null, "building:roof": null, "building:structure": null, "building:walls": null, "access:roof": null, "hospital:type": null, "landuse": null, "height": null, "addr:street:sym_ul": null, "religion": null, "internet_access:ssid": null, "museum": null, "name:id": null, "wikimedia_commons": null, "school": null, "area": null, "tactile_paving": null, "wikidata": null, "since": null, "layer": null, "type": null, "path": "/home/perhanjay/QGIS/balikpapan_pois_pol_poi.gpkg" }, "geometry": { "type": "Point", "coordinates": [ 116.85576665, -1.24756425 ] } },
{ "type": "Feature", "properties": { "element": "way", "id": 511310663.0, "amenity": null, "name": "Hotel Jakarta", "tourism": "hotel", "cuisine": null, "addr:city": null, "addr:postcode": null, "addr:street": null, "shop": null, "addr:housenumber": null, "level": null, "smoking": null, "beds": null, "internet_access": null, "internet_access:fee": null, "operator": null, "rooms": null, "wheelchair": null, "stars": null, "opening_hours": null, "addr:full": null, "building": "yes", "building:levels": null, "capacity:persons": null, "operator:type": null, "school:type_idn": null, "website": null, "historic": null, "capacity": null, "delivery": null, "description": null, "outdoor_seating": null, "phone": null, "takeaway": null, "leisure": null, "emergency": null, "healthcare": null, "healthcare:speciality": null, "brand": null, "brand:wikidata": null, "brand:wikipedia": null, "short_name": null, "diet:halal": null, "branch": null, "email": null, "air_conditioning": null, "guest_house": null, "name:en": null, "addr:housename": null, "addr:province": null, "addr:unit": null, "addr:district": null, "addr:neighbourhood": null, "addr:subdistrict": null, "contact:instagram": null, "sport": null, "url": null, "old_name": null, "payment:cash": null, "payment:coins": null, "payment:ep_cash": null, "payment:visa": null, "payment:visa_debit": null, "building:roof": null, "building:structure": null, "building:walls": null, "access:roof": null, "hospital:type": null, "landuse": null, "height": null, "addr:street:sym_ul": null, "religion": null, "internet_access:ssid": null, "museum": null, "name:id": null, "wikimedia_commons": null, "school": null, "area": null, "tactile_paving": null, "wikidata": null, "since": null, "layer": null, "type": null, "path": "/home/perhanjay/QGIS/balikpapan_pois_pol_poi.gpkg" }, "geometry": { "type": "Point", "coordinates": [ 116.84983170000001, -1.21765085 ] } },
{ "type": "Feature", "properties": { "element": "way", "id": 511346395.0, "amenity": null, "name": "Villa House kost Exclusive", "tourism": "hostel", "cuisine": null, "addr:city": null, "addr:postcode": null, "addr:street": null, "shop": null, "addr:housenumber": null, "level": null, "smoking": null, "beds": null, "internet_access": null, "internet_access:fee": null, "operator": null, "rooms": null, "wheelchair": null, "stars": null, "opening_hours": null, "addr:full": null, "building": "yes", "building:levels": null, "capacity:persons": null, "operator:type": null, "school:type_idn": null, "website": null, "historic": null, "capacity": null, "delivery": null, "description": null, "outdoor_seating": null, "phone": null, "takeaway": null, "leisure": null, "emergency": null, "healthcare": null, "healthcare:speciality": null, "brand": null, "brand:wikidata": null, "brand:wikipedia": null, "short_name": null, "diet:halal": null, "branch": null, "email": null, "air_conditioning": null, "guest_house": null, "name:en": null, "addr:housename": null, "addr:province": null, "addr:unit": null, "addr:district": null, "addr:neighbourhood": null, "addr:subdistrict": null, "contact:instagram": null, "sport": null, "url": null, "old_name": null, "payment:cash": null, "payment:coins": null, "payment:ep_cash": null, "payment:visa": null, "payment:visa_debit": null, "building:roof": null, "building:structure": null, "building:walls": null, "access:roof": null, "hospital:type": null, "landuse": null, "height": null, "addr:street:sym_ul": null, "religion": null, "internet_access:ssid": null, "museum": null, "name:id": null, "wikimedia_commons": null, "school": null, "area": null, "tactile_paving": null, "wikidata": null, "since": null, "layer": null, "type": null, "path": "/home/perhanjay/QGIS/balikpapan_pois_pol_poi.gpkg" }, "geometry": { "type": "Point", "coordinates": [ 116.896349774648286, -1.241767561243024 ] } },
{ "type": "Feature", "properties": { "element": "way", "id": 511519371.0, "amenity": null, "name": "Lotus Indekost", "tourism": "hostel", "cuisine": null, "addr:city": null, "addr:postcode": null, "addr:street": null, "shop": null, "addr:housenumber": null, "level": null, "smoking": null, "beds": null, "internet_access": null, "internet_access:fee": null, "operator": null, "rooms": null, "wheelchair": null, "stars": null, "opening_hours": null, "addr:full": null, "building": "yes", "building:levels": null, "capacity:persons": null, "operator:type": null, "school:type_idn": null, "website": null, "historic": null, "capacity": null, "delivery": null, "description": null, "outdoor_seating": null, "phone": null, "takeaway": null, "leisure": null, "emergency": null, "healthcare": null, "healthcare:speciality": null, "brand": null, "brand:wikidata": null, "brand:wikipedia": null, "short_name": null, "diet:halal": null, "branch": null, "email": null, "air_conditioning": null, "guest_house": null, "name:en": null, "addr:housename": null, "addr:province": null, "addr:unit": null, "addr:district": null, "addr:neighbourhood": null, "addr:subdistrict": null, "contact:instagram": null, "sport": null, "url": null, "old_name": null, "payment:cash": null, "payment:coins": null, "payment:ep_cash": null, "payment:visa": null, "payment:visa_debit": null, "building:roof": null, "building:structure": null, "building:walls": null, "access:roof": null, "hospital:type": null, "landuse": null, "height": null, "addr:street:sym_ul": null, "religion": null, "internet_access:ssid": null, "museum": null, "name:id": null, "wikimedia_commons": null, "school": null, "area": null, "tactile_paving": null, "wikidata": null, "since": null, "layer": null, "type": null, "path": "/home/perhanjay/QGIS/balikpapan_pois_pol_poi.gpkg" }, "geometry": { "type": "Point", "coordinates": [ 116.8239933, -1.23639035 ] } },
{ "type": "Feature", "properties": { "element": "way", "id": 511519654.0, "amenity": "restaurant", "name": "Depot Lusiana", "tourism": null, "cuisine": null, "addr:city": null, "addr:postcode": null, "addr:street": null, "shop": null, "addr:housenumber": null, "level": null, "smoking": null, "beds": null, "internet_access": null, "internet_access:fee": null, "operator": null, "rooms": null, "wheelchair": null, "stars": null, "opening_hours": null, "addr:full": null, "building": "yes", "building:levels": null, "capacity:persons": null, "operator:type": null, "school:type_idn": null, "website": null, "historic": null, "capacity": null, "delivery": null, "description": null, "outdoor_seating": null, "phone": null, "takeaway": null, "leisure": null, "emergency": null, "healthcare": null, "healthcare:speciality": null, "brand": null, "brand:wikidata": null, "brand:wikipedia": null, "short_name": null, "diet:halal": null, "branch": null, "email": null, "air_conditioning": null, "guest_house": null, "name:en": null, "addr:housename": null, "addr:province": null, "addr:unit": null, "addr:district": null, "addr:neighbourhood": null, "addr:subdistrict": null, "contact:instagram": null, "sport": null, "url": null, "old_name": null, "payment:cash": null, "payment:coins": null, "payment:ep_cash": null, "payment:visa": null, "payment:visa_debit": null, "building:roof": null, "building:structure": null, "building:walls": null, "access:roof": null, "hospital:type": null, "landuse": null, "height": null, "addr:street:sym_ul": null, "religion": null, "internet_access:ssid": null, "museum": null, "name:id": null, "wikimedia_commons": null, "school": null, "area": null, "tactile_paving": null, "wikidata": null, "since": null, "layer": null, "type": null, "path": "/home/perhanjay/QGIS/balikpapan_pois_pol_poi.gpkg" }, "geometry": { "type": "Point", "coordinates": [ 116.825988614061032, -1.237999507269968 ] } },
{ "type": "Feature", "properties": { "element": "way", "id": 511801616.0, "amenity": "restaurant", "name": "Catering Rumah Hijau", "tourism": null, "cuisine": null, "addr:city": null, "addr:postcode": null, "addr:street": null, "shop": null, "addr:housenumber": null, "level": null, "smoking": null, "beds": null, "internet_access": null, "internet_access:fee": null, "operator": null, "rooms": null, "wheelchair": null, "stars": null, "opening_hours": null, "addr:full": null, "building": "yes", "building:levels": null, "capacity:persons": null, "operator:type": null, "school:type_idn": null, "website": null, "historic": null, "capacity": null, "delivery": null, "description": null, "outdoor_seating": null, "phone": null, "takeaway": null, "leisure": null, "emergency": null, "healthcare": null, "healthcare:speciality": null, "brand": null, "brand:wikidata": null, "brand:wikipedia": null, "short_name": null, "diet:halal": null, "branch": null, "email": null, "air_conditioning": null, "guest_house": null, "name:en": null, "addr:housename": null, "addr:province": null, "addr:unit": null, "addr:district": null, "addr:neighbourhood": null, "addr:subdistrict": null, "contact:instagram": null, "sport": null, "url": null, "old_name": null, "payment:cash": null, "payment:coins": null, "payment:ep_cash": null, "payment:visa": null, "payment:visa_debit": null, "building:roof": null, "building:structure": null, "building:walls": null, "access:roof": null, "hospital:type": null, "landuse": null, "height": null, "addr:street:sym_ul": null, "religion": null, "internet_access:ssid": null, "museum": null, "name:id": null, "wikimedia_commons": null, "school": null, "area": null, "tactile_paving": null, "wikidata": null, "since": null, "layer": null, "type": null, "path": "/home/perhanjay/QGIS/balikpapan_pois_pol_poi.gpkg" }, "geometry": { "type": "Point", "coordinates": [ 116.907302670479169, -1.244395754634157 ] } },
{ "type": "Feature", "properties": { "element": "way", "id": 512021444.0, "amenity": "restaurant", "name": "Sate Kambing H Rawi", "tourism": null, "cuisine": null, "addr:city": null, "addr:postcode": null, "addr:street": null, "shop": null, "addr:housenumber": null, "level": null, "smoking": null, "beds": null, "internet_access": null, "internet_access:fee": null, "operator": null, "rooms": null, "wheelchair": null, "stars": null, "opening_hours": null, "addr:full": null, "building": "yes", "building:levels": null, "capacity:persons": null, "operator:type": null, "school:type_idn": null, "website": null, "historic": null, "capacity": null, "delivery": null, "description": null, "outdoor_seating": null, "phone": null, "takeaway": null, "leisure": null, "emergency": null, "healthcare": null, "healthcare:speciality": null, "brand": null, "brand:wikidata": null, "brand:wikipedia": null, "short_name": null, "diet:halal": null, "branch": null, "email": null, "air_conditioning": null, "guest_house": null, "name:en": null, "addr:housename": null, "addr:province": null, "addr:unit": null, "addr:district": null, "addr:neighbourhood": null, "addr:subdistrict": null, "contact:instagram": null, "sport": null, "url": null, "old_name": null, "payment:cash": null, "payment:coins": null, "payment:ep_cash": null, "payment:visa": null, "payment:visa_debit": null, "building:roof": null, "building:structure": null, "building:walls": null, "access:roof": null, "hospital:type": null, "landuse": null, "height": null, "addr:street:sym_ul": null, "religion": null, "internet_access:ssid": null, "museum": null, "name:id": null, "wikimedia_commons": null, "school": null, "area": null, "tactile_paving": null, "wikidata": null, "since": null, "layer": null, "type": null, "path": "/home/perhanjay/QGIS/balikpapan_pois_pol_poi.gpkg" }, "geometry": { "type": "Point", "coordinates": [ 116.845547446157738, -1.251996275672138 ] } },
{ "type": "Feature", "properties": { "element": "way", "id": 573183533.0, "amenity": "restaurant", "name": "D Jamoeni - Perumahan Puri Ratu Kencana", "tourism": null, "cuisine": null, "addr:city": null, "addr:postcode": null, "addr:street": null, "shop": null, "addr:housenumber": null, "level": null, "smoking": null, "beds": null, "internet_access": null, "internet_access:fee": null, "operator": null, "rooms": null, "wheelchair": null, "stars": null, "opening_hours": null, "addr:full": null, "building": "yes", "building:levels": null, "capacity:persons": null, "operator:type": null, "school:type_idn": null, "website": null, "historic": null, "capacity": null, "delivery": null, "description": null, "outdoor_seating": null, "phone": null, "takeaway": null, "leisure": null, "emergency": null, "healthcare": null, "healthcare:speciality": null, "brand": null, "brand:wikidata": null, "brand:wikipedia": null, "short_name": null, "diet:halal": null, "branch": null, "email": null, "air_conditioning": null, "guest_house": null, "name:en": null, "addr:housename": null, "addr:province": null, "addr:unit": null, "addr:district": null, "addr:neighbourhood": null, "addr:subdistrict": null, "contact:instagram": null, "sport": null, "url": null, "old_name": null, "payment:cash": null, "payment:coins": null, "payment:ep_cash": null, "payment:visa": null, "payment:visa_debit": null, "building:roof": null, "building:structure": null, "building:walls": null, "access:roof": null, "hospital:type": null, "landuse": null, "height": null, "addr:street:sym_ul": null, "religion": null, "internet_access:ssid": null, "museum": null, "name:id": null, "wikimedia_commons": null, "school": null, "area": null, "tactile_paving": null, "wikidata": null, "since": null, "layer": null, "type": null, "path": "/home/perhanjay/QGIS/balikpapan_pois_pol_poi.gpkg" }, "geometry": { "type": "Point", "coordinates": [ 116.890847256110874, -1.239212674606991 ] } },
{ "type": "Feature", "properties": { "element": "way", "id": 573184307.0, "amenity": null, "name": "Rumah Kost Wijaya 2", "tourism": "hostel", "cuisine": null, "addr:city": null, "addr:postcode": null, "addr:street": null, "shop": null, "addr:housenumber": null, "level": null, "smoking": null, "beds": null, "internet_access": null, "internet_access:fee": null, "operator": null, "rooms": null, "wheelchair": null, "stars": null, "opening_hours": null, "addr:full": null, "building": "yes", "building:levels": null, "capacity:persons": null, "operator:type": null, "school:type_idn": null, "website": null, "historic": null, "capacity": null, "delivery": null, "description": null, "outdoor_seating": null, "phone": null, "takeaway": null, "leisure": null, "emergency": null, "healthcare": null, "healthcare:speciality": null, "brand": null, "brand:wikidata": null, "brand:wikipedia": null, "short_name": null, "diet:halal": null, "branch": null, "email": null, "air_conditioning": null, "guest_house": null, "name:en": null, "addr:housename": null, "addr:province": null, "addr:unit": null, "addr:district": null, "addr:neighbourhood": null, "addr:subdistrict": null, "contact:instagram": null, "sport": null, "url": null, "old_name": null, "payment:cash": null, "payment:coins": null, "payment:ep_cash": null, "payment:visa": null, "payment:visa_debit": null, "building:roof": null, "building:structure": null, "building:walls": null, "access:roof": null, "hospital:type": null, "landuse": null, "height": null, "addr:street:sym_ul": null, "religion": null, "internet_access:ssid": null, "museum": null, "name:id": null, "wikimedia_commons": null, "school": null, "area": null, "tactile_paving": null, "wikidata": null, "since": null, "layer": null, "type": null, "path": "/home/perhanjay/QGIS/balikpapan_pois_pol_poi.gpkg" }, "geometry": { "type": "Point", "coordinates": [ 116.8741014, -1.24562305 ] } },
{ "type": "Feature", "properties": { "element": "way", "id": 573315815.0, "amenity": "cafe", "name": "Waroeng Astoria", "tourism": null, "cuisine": null, "addr:city": null, "addr:postcode": null, "addr:street": null, "shop": null, "addr:housenumber": null, "level": null, "smoking": null, "beds": null, "internet_access": null, "internet_access:fee": null, "operator": null, "rooms": null, "wheelchair": null, "stars": null, "opening_hours": null, "addr:full": null, "building": "yes", "building:levels": null, "capacity:persons": null, "operator:type": null, "school:type_idn": null, "website": null, "historic": null, "capacity": null, "delivery": null, "description": null, "outdoor_seating": null, "phone": null, "takeaway": null, "leisure": null, "emergency": null, "healthcare": null, "healthcare:speciality": null, "brand": null, "brand:wikidata": null, "brand:wikipedia": null, "short_name": null, "diet:halal": null, "branch": null, "email": null, "air_conditioning": null, "guest_house": null, "name:en": null, "addr:housename": null, "addr:province": null, "addr:unit": null, "addr:district": null, "addr:neighbourhood": null, "addr:subdistrict": null, "contact:instagram": null, "sport": null, "url": null, "old_name": null, "payment:cash": null, "payment:coins": null, "payment:ep_cash": null, "payment:visa": null, "payment:visa_debit": null, "building:roof": null, "building:structure": null, "building:walls": null, "access:roof": null, "hospital:type": null, "landuse": null, "height": null, "addr:street:sym_ul": null, "religion": null, "internet_access:ssid": null, "museum": null, "name:id": null, "wikimedia_commons": null, "school": null, "area": null, "tactile_paving": null, "wikidata": null, "since": null, "layer": null, "type": null, "path": "/home/perhanjay/QGIS/balikpapan_pois_pol_poi.gpkg" }, "geometry": { "type": "Point", "coordinates": [ 116.853096149999985, -1.2725784 ] } },
{ "type": "Feature", "properties": { "element": "way", "id": 573315906.0, "amenity": "cafe", "name": "Dialog Cafe - Balikpapan Permai", "tourism": null, "cuisine": null, "addr:city": null, "addr:postcode": null, "addr:street": null, "shop": null, "addr:housenumber": null, "level": null, "smoking": null, "beds": null, "internet_access": null, "internet_access:fee": null, "operator": null, "rooms": null, "wheelchair": null, "stars": null, "opening_hours": null, "addr:full": null, "building": "yes", "building:levels": null, "capacity:persons": null, "operator:type": null, "school:type_idn": null, "website": null, "historic": null, "capacity": null, "delivery": null, "description": null, "outdoor_seating": null, "phone": null, "takeaway": null, "leisure": null, "emergency": null, "healthcare": null, "healthcare:speciality": null, "brand": null, "brand:wikidata": null, "brand:wikipedia": null, "short_name": null, "diet:halal": null, "branch": null, "email": null, "air_conditioning": null, "guest_house": null, "name:en": null, "addr:housename": null, "addr:province": null, "addr:unit": null, "addr:district": null, "addr:neighbourhood": null, "addr:subdistrict": null, "contact:instagram": null, "sport": null, "url": null, "old_name": null, "payment:cash": null, "payment:coins": null, "payment:ep_cash": null, "payment:visa": null, "payment:visa_debit": null, "building:roof": null, "building:structure": null, "building:walls": null, "access:roof": null, "hospital:type": null, "landuse": null, "height": null, "addr:street:sym_ul": null, "religion": null, "internet_access:ssid": null, "museum": null, "name:id": null, "wikimedia_commons": null, "school": null, "area": null, "tactile_paving": null, "wikidata": null, "since": null, "layer": null, "type": null, "path": "/home/perhanjay/QGIS/balikpapan_pois_pol_poi.gpkg" }, "geometry": { "type": "Point", "coordinates": [ 116.852259292782307, -1.272825083519641 ] } },
{ "type": "Feature", "properties": { "element": "way", "id": 573324366.0, "amenity": "restaurant", "name": "RM Minang Asli", "tourism": null, "cuisine": null, "addr:city": null, "addr:postcode": null, "addr:street": null, "shop": null, "addr:housenumber": null, "level": null, "smoking": null, "beds": null, "internet_access": null, "internet_access:fee": null, "operator": null, "rooms": null, "wheelchair": null, "stars": null, "opening_hours": null, "addr:full": null, "building": "yes", "building:levels": null, "capacity:persons": null, "operator:type": null, "school:type_idn": null, "website": null, "historic": null, "capacity": null, "delivery": null, "description": null, "outdoor_seating": null, "phone": null, "takeaway": null, "leisure": null, "emergency": null, "healthcare": null, "healthcare:speciality": null, "brand": null, "brand:wikidata": null, "brand:wikipedia": null, "short_name": null, "diet:halal": null, "branch": null, "email": null, "air_conditioning": null, "guest_house": null, "name:en": null, "addr:housename": null, "addr:province": null, "addr:unit": null, "addr:district": null, "addr:neighbourhood": null, "addr:subdistrict": null, "contact:instagram": null, "sport": null, "url": null, "old_name": null, "payment:cash": null, "payment:coins": null, "payment:ep_cash": null, "payment:visa": null, "payment:visa_debit": null, "building:roof": null, "building:structure": null, "building:walls": null, "access:roof": null, "hospital:type": null, "landuse": null, "height": null, "addr:street:sym_ul": null, "religion": null, "internet_access:ssid": null, "museum": null, "name:id": null, "wikimedia_commons": null, "school": null, "area": null, "tactile_paving": null, "wikidata": null, "since": null, "layer": null, "type": null, "path": "/home/perhanjay/QGIS/balikpapan_pois_pol_poi.gpkg" }, "geometry": { "type": "Point", "coordinates": [ 116.854320100000024, -1.2716172 ] } },
{ "type": "Feature", "properties": { "element": "way", "id": 573325186.0, "amenity": null, "name": "Toko Murah", "tourism": null, "cuisine": null, "addr:city": null, "addr:postcode": null, "addr:street": null, "shop": "supermarket", "addr:housenumber": null, "level": null, "smoking": null, "beds": null, "internet_access": null, "internet_access:fee": null, "operator": null, "rooms": null, "wheelchair": null, "stars": null, "opening_hours": null, "addr:full": null, "building": "yes", "building:levels": null, "capacity:persons": null, "operator:type": null, "school:type_idn": null, "website": null, "historic": null, "capacity": null, "delivery": null, "description": null, "outdoor_seating": null, "phone": null, "takeaway": null, "leisure": null, "emergency": null, "healthcare": null, "healthcare:speciality": null, "brand": null, "brand:wikidata": null, "brand:wikipedia": null, "short_name": null, "diet:halal": null, "branch": null, "email": null, "air_conditioning": null, "guest_house": null, "name:en": null, "addr:housename": null, "addr:province": null, "addr:unit": null, "addr:district": null, "addr:neighbourhood": null, "addr:subdistrict": null, "contact:instagram": null, "sport": null, "url": null, "old_name": null, "payment:cash": null, "payment:coins": null, "payment:ep_cash": null, "payment:visa": null, "payment:visa_debit": null, "building:roof": null, "building:structure": null, "building:walls": null, "access:roof": null, "hospital:type": null, "landuse": null, "height": null, "addr:street:sym_ul": null, "religion": null, "internet_access:ssid": null, "museum": null, "name:id": null, "wikimedia_commons": null, "school": null, "area": null, "tactile_paving": null, "wikidata": null, "since": null, "layer": null, "type": null, "path": "/home/perhanjay/QGIS/balikpapan_pois_pol_poi.gpkg" }, "geometry": { "type": "Point", "coordinates": [ 116.855442366443469, -1.271264754446012 ] } },
{ "type": "Feature", "properties": { "element": "way", "id": 573329264.0, "amenity": null, "name": "Midtown Xpress Balikpapan", "tourism": "hotel", "cuisine": null, "addr:city": null, "addr:postcode": null, "addr:street": null, "shop": null, "addr:housenumber": null, "level": null, "smoking": null, "beds": null, "internet_access": null, "internet_access:fee": null, "operator": null, "rooms": null, "wheelchair": null, "stars": null, "opening_hours": null, "addr:full": null, "building": "yes", "building:levels": null, "capacity:persons": null, "operator:type": null, "school:type_idn": null, "website": null, "historic": null, "capacity": null, "delivery": null, "description": null, "outdoor_seating": null, "phone": null, "takeaway": null, "leisure": null, "emergency": null, "healthcare": null, "healthcare:speciality": null, "brand": null, "brand:wikidata": null, "brand:wikipedia": null, "short_name": null, "diet:halal": null, "branch": null, "email": null, "air_conditioning": null, "guest_house": null, "name:en": null, "addr:housename": null, "addr:province": null, "addr:unit": null, "addr:district": null, "addr:neighbourhood": null, "addr:subdistrict": null, "contact:instagram": null, "sport": null, "url": null, "old_name": null, "payment:cash": null, "payment:coins": null, "payment:ep_cash": null, "payment:visa": null, "payment:visa_debit": null, "building:roof": null, "building:structure": null, "building:walls": null, "access:roof": null, "hospital:type": null, "landuse": null, "height": null, "addr:street:sym_ul": null, "religion": null, "internet_access:ssid": null, "museum": null, "name:id": null, "wikimedia_commons": null, "school": null, "area": null, "tactile_paving": null, "wikidata": null, "since": null, "layer": null, "type": null, "path": "/home/perhanjay/QGIS/balikpapan_pois_pol_poi.gpkg" }, "geometry": { "type": "Point", "coordinates": [ 116.8580196, -1.2699517 ] } },
{ "type": "Feature", "properties": { "element": "way", "id": 573353911.0, "amenity": "restaurant", "name": "JJ Steak & Gelato", "tourism": null, "cuisine": null, "addr:city": null, "addr:postcode": null, "addr:street": null, "shop": null, "addr:housenumber": null, "level": null, "smoking": null, "beds": null, "internet_access": null, "internet_access:fee": null, "operator": null, "rooms": null, "wheelchair": null, "stars": null, "opening_hours": null, "addr:full": null, "building": "yes", "building:levels": null, "capacity:persons": null, "operator:type": null, "school:type_idn": null, "website": null, "historic": null, "capacity": null, "delivery": null, "description": null, "outdoor_seating": null, "phone": null, "takeaway": null, "leisure": null, "emergency": null, "healthcare": null, "healthcare:speciality": null, "brand": null, "brand:wikidata": null, "brand:wikipedia": null, "short_name": null, "diet:halal": null, "branch": null, "email": null, "air_conditioning": null, "guest_house": null, "name:en": null, "addr:housename": null, "addr:province": null, "addr:unit": null, "addr:district": null, "addr:neighbourhood": null, "addr:subdistrict": null, "contact:instagram": null, "sport": null, "url": null, "old_name": null, "payment:cash": null, "payment:coins": null, "payment:ep_cash": null, "payment:visa": null, "payment:visa_debit": null, "building:roof": null, "building:structure": null, "building:walls": null, "access:roof": null, "hospital:type": null, "landuse": null, "height": null, "addr:street:sym_ul": null, "religion": null, "internet_access:ssid": null, "museum": null, "name:id": null, "wikimedia_commons": null, "school": null, "area": null, "tactile_paving": null, "wikidata": null, "since": null, "layer": null, "type": null, "path": "/home/perhanjay/QGIS/balikpapan_pois_pol_poi.gpkg" }, "geometry": { "type": "Point", "coordinates": [ 116.859110092110726, -1.271863882561747 ] } },
{ "type": "Feature", "properties": { "element": "way", "id": 573358340.0, "amenity": "cafe", "name": "Satu Per Dua - Damai", "tourism": null, "cuisine": null, "addr:city": null, "addr:postcode": null, "addr:street": null, "shop": null, "addr:housenumber": null, "level": null, "smoking": null, "beds": null, "internet_access": null, "internet_access:fee": null, "operator": null, "rooms": null, "wheelchair": null, "stars": null, "opening_hours": null, "addr:full": null, "building": "yes", "building:levels": null, "capacity:persons": null, "operator:type": null, "school:type_idn": null, "website": null, "historic": null, "capacity": null, "delivery": null, "description": null, "outdoor_seating": null, "phone": null, "takeaway": null, "leisure": null, "emergency": null, "healthcare": null, "healthcare:speciality": null, "brand": null, "brand:wikidata": null, "brand:wikipedia": null, "short_name": null, "diet:halal": null, "branch": null, "email": null, "air_conditioning": null, "guest_house": null, "name:en": null, "addr:housename": null, "addr:province": null, "addr:unit": null, "addr:district": null, "addr:neighbourhood": null, "addr:subdistrict": null, "contact:instagram": null, "sport": null, "url": null, "old_name": null, "payment:cash": null, "payment:coins": null, "payment:ep_cash": null, "payment:visa": null, "payment:visa_debit": null, "building:roof": null, "building:structure": null, "building:walls": null, "access:roof": null, "hospital:type": null, "landuse": null, "height": null, "addr:street:sym_ul": null, "religion": null, "internet_access:ssid": null, "museum": null, "name:id": null, "wikimedia_commons": null, "school": null, "area": null, "tactile_paving": null, "wikidata": null, "since": null, "layer": null, "type": null, "path": "/home/perhanjay/QGIS/balikpapan_pois_pol_poi.gpkg" }, "geometry": { "type": "Point", "coordinates": [ 116.8610758, -1.2714969 ] } },
{ "type": "Feature", "properties": { "element": "way", "id": 573397794.0, "amenity": "restaurant", "name": "WR Padang Upik MT Haryono", "tourism": null, "cuisine": null, "addr:city": null, "addr:postcode": null, "addr:street": null, "shop": null, "addr:housenumber": null, "level": null, "smoking": null, "beds": null, "internet_access": null, "internet_access:fee": null, "operator": null, "rooms": null, "wheelchair": null, "stars": null, "opening_hours": null, "addr:full": null, "building": "yes", "building:levels": null, "capacity:persons": null, "operator:type": null, "school:type_idn": null, "website": null, "historic": null, "capacity": null, "delivery": null, "description": null, "outdoor_seating": null, "phone": null, "takeaway": null, "leisure": null, "emergency": null, "healthcare": null, "healthcare:speciality": null, "brand": null, "brand:wikidata": null, "brand:wikipedia": null, "short_name": null, "diet:halal": null, "branch": null, "email": null, "air_conditioning": null, "guest_house": null, "name:en": null, "addr:housename": null, "addr:province": null, "addr:unit": null, "addr:district": null, "addr:neighbourhood": null, "addr:subdistrict": null, "contact:instagram": null, "sport": null, "url": null, "old_name": null, "payment:cash": null, "payment:coins": null, "payment:ep_cash": null, "payment:visa": null, "payment:visa_debit": null, "building:roof": null, "building:structure": null, "building:walls": null, "access:roof": null, "hospital:type": null, "landuse": null, "height": null, "addr:street:sym_ul": null, "religion": null, "internet_access:ssid": null, "museum": null, "name:id": null, "wikimedia_commons": null, "school": null, "area": null, "tactile_paving": null, "wikidata": null, "since": null, "layer": null, "type": null, "path": "/home/perhanjay/QGIS/balikpapan_pois_pol_poi.gpkg" }, "geometry": { "type": "Point", "coordinates": [ 116.857865910645145, -1.267231732676111 ] } },
{ "type": "Feature", "properties": { "element": "way", "id": 573397988.0, "amenity": null, "name": "Zurich Hotel", "tourism": "hotel", "cuisine": null, "addr:city": null, "addr:postcode": null, "addr:street": null, "shop": null, "addr:housenumber": null, "level": null, "smoking": null, "beds": null, "internet_access": null, "internet_access:fee": null, "operator": null, "rooms": null, "wheelchair": null, "stars": null, "opening_hours": null, "addr:full": null, "building": "yes", "building:levels": null, "capacity:persons": null, "operator:type": null, "school:type_idn": null, "website": null, "historic": null, "capacity": null, "delivery": null, "description": null, "outdoor_seating": null, "phone": null, "takeaway": null, "leisure": null, "emergency": null, "healthcare": null, "healthcare:speciality": null, "brand": null, "brand:wikidata": null, "brand:wikipedia": null, "short_name": null, "diet:halal": null, "branch": null, "email": null, "air_conditioning": null, "guest_house": null, "name:en": null, "addr:housename": null, "addr:province": null, "addr:unit": null, "addr:district": null, "addr:neighbourhood": null, "addr:subdistrict": null, "contact:instagram": null, "sport": null, "url": null, "old_name": null, "payment:cash": null, "payment:coins": null, "payment:ep_cash": null, "payment:visa": null, "payment:visa_debit": null, "building:roof": null, "building:structure": null, "building:walls": null, "access:roof": null, "hospital:type": null, "landuse": null, "height": null, "addr:street:sym_ul": null, "religion": null, "internet_access:ssid": null, "museum": null, "name:id": null, "wikimedia_commons": null, "school": null, "area": null, "tactile_paving": null, "wikidata": null, "since": null, "layer": null, "type": null, "path": "/home/perhanjay/QGIS/balikpapan_pois_pol_poi.gpkg" }, "geometry": { "type": "Point", "coordinates": [ 116.858777699638139, -1.269612692017122 ] } },
{ "type": "Feature", "properties": { "element": "way", "id": 573408915.0, "amenity": "restaurant", "name": "Warung Bitbit - Damai Bahagia", "tourism": null, "cuisine": null, "addr:city": null, "addr:postcode": null, "addr:street": null, "shop": null, "addr:housenumber": null, "level": null, "smoking": null, "beds": null, "internet_access": null, "internet_access:fee": null, "operator": null, "rooms": null, "wheelchair": null, "stars": null, "opening_hours": null, "addr:full": null, "building": "yes", "building:levels": null, "capacity:persons": null, "operator:type": null, "school:type_idn": null, "website": null, "historic": null, "capacity": null, "delivery": null, "description": null, "outdoor_seating": null, "phone": null, "takeaway": null, "leisure": null, "emergency": null, "healthcare": null, "healthcare:speciality": null, "brand": null, "brand:wikidata": null, "brand:wikipedia": null, "short_name": null, "diet:halal": null, "branch": null, "email": null, "air_conditioning": null, "guest_house": null, "name:en": null, "addr:housename": null, "addr:province": null, "addr:unit": null, "addr:district": null, "addr:neighbourhood": null, "addr:subdistrict": null, "contact:instagram": null, "sport": null, "url": null, "old_name": null, "payment:cash": null, "payment:coins": null, "payment:ep_cash": null, "payment:visa": null, "payment:visa_debit": null, "building:roof": null, "building:structure": null, "building:walls": null, "access:roof": null, "hospital:type": null, "landuse": null, "height": null, "addr:street:sym_ul": null, "religion": null, "internet_access:ssid": null, "museum": null, "name:id": null, "wikimedia_commons": null, "school": null, "area": null, "tactile_paving": null, "wikidata": null, "since": null, "layer": null, "type": null, "path": "/home/perhanjay/QGIS/balikpapan_pois_pol_poi.gpkg" }, "geometry": { "type": "Point", "coordinates": [ 116.86078295, -1.2664977 ] } },
{ "type": "Feature", "properties": { "element": "way", "id": 573420185.0, "amenity": "restaurant", "name": "Ayam Serundeng Surabaya Bu Jum - Damai", "tourism": null, "cuisine": null, "addr:city": null, "addr:postcode": null, "addr:street": null, "shop": null, "addr:housenumber": null, "level": null, "smoking": null, "beds": null, "internet_access": null, "internet_access:fee": null, "operator": null, "rooms": null, "wheelchair": null, "stars": null, "opening_hours": null, "addr:full": null, "building": "yes", "building:levels": null, "capacity:persons": null, "operator:type": null, "school:type_idn": null, "website": null, "historic": null, "capacity": null, "delivery": null, "description": null, "outdoor_seating": null, "phone": null, "takeaway": null, "leisure": null, "emergency": null, "healthcare": null, "healthcare:speciality": null, "brand": null, "brand:wikidata": null, "brand:wikipedia": null, "short_name": null, "diet:halal": null, "branch": null, "email": null, "air_conditioning": null, "guest_house": null, "name:en": null, "addr:housename": null, "addr:province": null, "addr:unit": null, "addr:district": null, "addr:neighbourhood": null, "addr:subdistrict": null, "contact:instagram": null, "sport": null, "url": null, "old_name": null, "payment:cash": null, "payment:coins": null, "payment:ep_cash": null, "payment:visa": null, "payment:visa_debit": null, "building:roof": null, "building:structure": null, "building:walls": null, "access:roof": null, "hospital:type": null, "landuse": null, "height": null, "addr:street:sym_ul": null, "religion": null, "internet_access:ssid": null, "museum": null, "name:id": null, "wikimedia_commons": null, "school": null, "area": null, "tactile_paving": null, "wikidata": null, "since": null, "layer": null, "type": null, "path": "/home/perhanjay/QGIS/balikpapan_pois_pol_poi.gpkg" }, "geometry": { "type": "Point", "coordinates": [ 116.860122575117799, -1.267719121259311 ] } },
{ "type": "Feature", "properties": { "element": "way", "id": 573431151.0, "amenity": "restaurant", "name": "Warung Seblak Dan Mendoan - Damai", "tourism": null, "cuisine": null, "addr:city": null, "addr:postcode": null, "addr:street": null, "shop": null, "addr:housenumber": null, "level": null, "smoking": null, "beds": null, "internet_access": null, "internet_access:fee": null, "operator": null, "rooms": null, "wheelchair": null, "stars": null, "opening_hours": null, "addr:full": null, "building": "yes", "building:levels": null, "capacity:persons": null, "operator:type": null, "school:type_idn": null, "website": null, "historic": null, "capacity": null, "delivery": null, "description": null, "outdoor_seating": null, "phone": null, "takeaway": null, "leisure": null, "emergency": null, "healthcare": null, "healthcare:speciality": null, "brand": null, "brand:wikidata": null, "brand:wikipedia": null, "short_name": null, "diet:halal": null, "branch": null, "email": null, "air_conditioning": null, "guest_house": null, "name:en": null, "addr:housename": null, "addr:province": null, "addr:unit": null, "addr:district": null, "addr:neighbourhood": null, "addr:subdistrict": null, "contact:instagram": null, "sport": null, "url": null, "old_name": null, "payment:cash": null, "payment:coins": null, "payment:ep_cash": null, "payment:visa": null, "payment:visa_debit": null, "building:roof": null, "building:structure": null, "building:walls": null, "access:roof": null, "hospital:type": null, "landuse": null, "height": null, "addr:street:sym_ul": null, "religion": null, "internet_access:ssid": null, "museum": null, "name:id": null, "wikimedia_commons": null, "school": null, "area": null, "tactile_paving": null, "wikidata": null, "since": null, "layer": null, "type": null, "path": "/home/perhanjay/QGIS/balikpapan_pois_pol_poi.gpkg" }, "geometry": { "type": "Point", "coordinates": [ 116.851390576019952, -1.265164641335156 ] } },
{ "type": "Feature", "properties": { "element": "way", "id": 573651052.0, "amenity": "restaurant", "name": "Restoran Simpang Raya", "tourism": null, "cuisine": null, "addr:city": null, "addr:postcode": null, "addr:street": null, "shop": null, "addr:housenumber": null, "level": null, "smoking": null, "beds": null, "internet_access": null, "internet_access:fee": null, "operator": null, "rooms": null, "wheelchair": null, "stars": null, "opening_hours": null, "addr:full": null, "building": "yes", "building:levels": null, "capacity:persons": null, "operator:type": null, "school:type_idn": null, "website": null, "historic": null, "capacity": null, "delivery": null, "description": null, "outdoor_seating": null, "phone": null, "takeaway": null, "leisure": null, "emergency": null, "healthcare": null, "healthcare:speciality": null, "brand": null, "brand:wikidata": null, "brand:wikipedia": null, "short_name": null, "diet:halal": null, "branch": null, "email": null, "air_conditioning": null, "guest_house": null, "name:en": null, "addr:housename": null, "addr:province": null, "addr:unit": null, "addr:district": null, "addr:neighbourhood": null, "addr:subdistrict": null, "contact:instagram": null, "sport": null, "url": null, "old_name": null, "payment:cash": null, "payment:coins": null, "payment:ep_cash": null, "payment:visa": null, "payment:visa_debit": null, "building:roof": null, "building:structure": null, "building:walls": null, "access:roof": null, "hospital:type": null, "landuse": null, "height": null, "addr:street:sym_ul": null, "religion": null, "internet_access:ssid": null, "museum": null, "name:id": null, "wikimedia_commons": null, "school": null, "area": null, "tactile_paving": null, "wikidata": null, "since": null, "layer": null, "type": null, "path": "/home/perhanjay/QGIS/balikpapan_pois_pol_poi.gpkg" }, "geometry": { "type": "Point", "coordinates": [ 116.8573389, -1.2670922 ] } },
{ "type": "Feature", "properties": { "element": "way", "id": 573651177.0, "amenity": null, "name": "D'prima Hotel Damai", "tourism": "hotel", "cuisine": null, "addr:city": null, "addr:postcode": null, "addr:street": null, "shop": null, "addr:housenumber": null, "level": null, "smoking": null, "beds": null, "internet_access": null, "internet_access:fee": null, "operator": null, "rooms": null, "wheelchair": null, "stars": null, "opening_hours": null, "addr:full": null, "building": "yes", "building:levels": null, "capacity:persons": null, "operator:type": null, "school:type_idn": null, "website": null, "historic": null, "capacity": null, "delivery": null, "description": null, "outdoor_seating": null, "phone": null, "takeaway": null, "leisure": null, "emergency": null, "healthcare": null, "healthcare:speciality": null, "brand": null, "brand:wikidata": null, "brand:wikipedia": null, "short_name": null, "diet:halal": null, "branch": null, "email": null, "air_conditioning": null, "guest_house": null, "name:en": null, "addr:housename": null, "addr:province": null, "addr:unit": null, "addr:district": null, "addr:neighbourhood": null, "addr:subdistrict": null, "contact:instagram": null, "sport": null, "url": null, "old_name": null, "payment:cash": null, "payment:coins": null, "payment:ep_cash": null, "payment:visa": null, "payment:visa_debit": null, "building:roof": null, "building:structure": null, "building:walls": null, "access:roof": null, "hospital:type": null, "landuse": null, "height": null, "addr:street:sym_ul": null, "religion": null, "internet_access:ssid": null, "museum": null, "name:id": null, "wikimedia_commons": null, "school": null, "area": null, "tactile_paving": null, "wikidata": null, "since": null, "layer": null, "type": null, "path": "/home/perhanjay/QGIS/balikpapan_pois_pol_poi.gpkg" }, "geometry": { "type": "Point", "coordinates": [ 116.857299885524625, -1.266050756693234 ] } },
{ "type": "Feature", "properties": { "element": "way", "id": 573651187.0, "amenity": null, "name": "Fresh Orange", "tourism": null, "cuisine": null, "addr:city": null, "addr:postcode": null, "addr:street": null, "shop": "supermarket", "addr:housenumber": null, "level": null, "smoking": null, "beds": null, "internet_access": null, "internet_access:fee": null, "operator": null, "rooms": null, "wheelchair": null, "stars": null, "opening_hours": null, "addr:full": null, "building": "yes", "building:levels": null, "capacity:persons": null, "operator:type": null, "school:type_idn": null, "website": null, "historic": null, "capacity": null, "delivery": null, "description": null, "outdoor_seating": null, "phone": null, "takeaway": null, "leisure": null, "emergency": null, "healthcare": null, "healthcare:speciality": null, "brand": null, "brand:wikidata": null, "brand:wikipedia": null, "short_name": null, "diet:halal": null, "branch": null, "email": null, "air_conditioning": null, "guest_house": null, "name:en": null, "addr:housename": null, "addr:province": null, "addr:unit": null, "addr:district": null, "addr:neighbourhood": null, "addr:subdistrict": null, "contact:instagram": null, "sport": null, "url": null, "old_name": null, "payment:cash": null, "payment:coins": null, "payment:ep_cash": null, "payment:visa": null, "payment:visa_debit": null, "building:roof": null, "building:structure": null, "building:walls": null, "access:roof": null, "hospital:type": null, "landuse": null, "height": null, "addr:street:sym_ul": null, "religion": null, "internet_access:ssid": null, "museum": null, "name:id": null, "wikimedia_commons": null, "school": null, "area": null, "tactile_paving": null, "wikidata": null, "since": null, "layer": null, "type": null, "path": "/home/perhanjay/QGIS/balikpapan_pois_pol_poi.gpkg" }, "geometry": { "type": "Point", "coordinates": [ 116.85800455, -1.26622365 ] } },
{ "type": "Feature", "properties": { "element": "way", "id": 573651332.0, "amenity": null, "name": "Kost Lievera", "tourism": "hostel", "cuisine": null, "addr:city": null, "addr:postcode": null, "addr:street": null, "shop": null, "addr:housenumber": null, "level": null, "smoking": null, "beds": null, "internet_access": null, "internet_access:fee": null, "operator": null, "rooms": null, "wheelchair": null, "stars": null, "opening_hours": null, "addr:full": null, "building": "yes", "building:levels": null, "capacity:persons": null, "operator:type": null, "school:type_idn": null, "website": null, "historic": null, "capacity": null, "delivery": null, "description": null, "outdoor_seating": null, "phone": null, "takeaway": null, "leisure": null, "emergency": null, "healthcare": null, "healthcare:speciality": null, "brand": null, "brand:wikidata": null, "brand:wikipedia": null, "short_name": null, "diet:halal": null, "branch": null, "email": null, "air_conditioning": null, "guest_house": null, "name:en": null, "addr:housename": null, "addr:province": null, "addr:unit": null, "addr:district": null, "addr:neighbourhood": null, "addr:subdistrict": null, "contact:instagram": null, "sport": null, "url": null, "old_name": null, "payment:cash": null, "payment:coins": null, "payment:ep_cash": null, "payment:visa": null, "payment:visa_debit": null, "building:roof": null, "building:structure": null, "building:walls": null, "access:roof": null, "hospital:type": null, "landuse": null, "height": null, "addr:street:sym_ul": null, "religion": null, "internet_access:ssid": null, "museum": null, "name:id": null, "wikimedia_commons": null, "school": null, "area": null, "tactile_paving": null, "wikidata": null, "since": null, "layer": null, "type": null, "path": "/home/perhanjay/QGIS/balikpapan_pois_pol_poi.gpkg" }, "geometry": { "type": "Point", "coordinates": [ 116.855272317792867, -1.265638169062185 ] } },
{ "type": "Feature", "properties": { "element": "way", "id": 573674800.0, "amenity": "cafe", "name": "CAFE", "tourism": null, "cuisine": "coffee_shop", "addr:city": "Balikpapan", "addr:postcode": null, "addr:street": "Jalan Pupuk Raya", "shop": null, "addr:housenumber": null, "level": null, "smoking": null, "beds": null, "internet_access": null, "internet_access:fee": null, "operator": null, "rooms": null, "wheelchair": null, "stars": null, "opening_hours": null, "addr:full": null, "building": "yes", "building:levels": null, "capacity:persons": null, "operator:type": null, "school:type_idn": null, "website": null, "historic": null, "capacity": null, "delivery": null, "description": null, "outdoor_seating": null, "phone": null, "takeaway": null, "leisure": null, "emergency": null, "healthcare": null, "healthcare:speciality": null, "brand": null, "brand:wikidata": null, "brand:wikipedia": null, "short_name": null, "diet:halal": null, "branch": null, "email": null, "air_conditioning": null, "guest_house": null, "name:en": null, "addr:housename": null, "addr:province": null, "addr:unit": null, "addr:district": null, "addr:neighbourhood": null, "addr:subdistrict": null, "contact:instagram": null, "sport": null, "url": null, "old_name": null, "payment:cash": null, "payment:coins": null, "payment:ep_cash": null, "payment:visa": null, "payment:visa_debit": null, "building:roof": null, "building:structure": null, "building:walls": null, "access:roof": null, "hospital:type": null, "landuse": null, "height": null, "addr:street:sym_ul": null, "religion": null, "internet_access:ssid": null, "museum": null, "name:id": null, "wikimedia_commons": null, "school": null, "area": null, "tactile_paving": null, "wikidata": null, "since": null, "layer": null, "type": null, "path": "/home/perhanjay/QGIS/balikpapan_pois_pol_poi.gpkg" }, "geometry": { "type": "Point", "coordinates": [ 116.8631181, -1.2690992 ] } },
{ "type": "Feature", "properties": { "element": "way", "id": 573744599.0, "amenity": null, "name": "Athar 88 Hotel", "tourism": "hotel", "cuisine": null, "addr:city": null, "addr:postcode": null, "addr:street": null, "shop": null, "addr:housenumber": null, "level": null, "smoking": null, "beds": null, "internet_access": null, "internet_access:fee": null, "operator": null, "rooms": null, "wheelchair": null, "stars": null, "opening_hours": null, "addr:full": null, "building": "yes", "building:levels": null, "capacity:persons": null, "operator:type": null, "school:type_idn": null, "website": null, "historic": null, "capacity": null, "delivery": null, "description": null, "outdoor_seating": null, "phone": null, "takeaway": null, "leisure": null, "emergency": null, "healthcare": null, "healthcare:speciality": null, "brand": null, "brand:wikidata": null, "brand:wikipedia": null, "short_name": null, "diet:halal": null, "branch": null, "email": null, "air_conditioning": null, "guest_house": null, "name:en": null, "addr:housename": null, "addr:province": null, "addr:unit": null, "addr:district": null, "addr:neighbourhood": null, "addr:subdistrict": null, "contact:instagram": null, "sport": null, "url": null, "old_name": null, "payment:cash": null, "payment:coins": null, "payment:ep_cash": null, "payment:visa": null, "payment:visa_debit": null, "building:roof": null, "building:structure": null, "building:walls": null, "access:roof": null, "hospital:type": null, "landuse": null, "height": null, "addr:street:sym_ul": null, "religion": null, "internet_access:ssid": null, "museum": null, "name:id": null, "wikimedia_commons": null, "school": null, "area": null, "tactile_paving": null, "wikidata": null, "since": null, "layer": null, "type": null, "path": "/home/perhanjay/QGIS/balikpapan_pois_pol_poi.gpkg" }, "geometry": { "type": "Point", "coordinates": [ 116.871380220419894, -1.259662806616957 ] } },
{ "type": "Feature", "properties": { "element": "way", "id": 573744808.0, "amenity": "restaurant", "name": "Depot Vegetarian Surya Maitri", "tourism": null, "cuisine": null, "addr:city": null, "addr:postcode": null, "addr:street": null, "shop": null, "addr:housenumber": null, "level": null, "smoking": null, "beds": null, "internet_access": null, "internet_access:fee": null, "operator": null, "rooms": null, "wheelchair": null, "stars": null, "opening_hours": null, "addr:full": null, "building": "yes", "building:levels": null, "capacity:persons": null, "operator:type": null, "school:type_idn": null, "website": null, "historic": null, "capacity": null, "delivery": null, "description": null, "outdoor_seating": null, "phone": null, "takeaway": null, "leisure": null, "emergency": null, "healthcare": null, "healthcare:speciality": null, "brand": null, "brand:wikidata": null, "brand:wikipedia": null, "short_name": null, "diet:halal": null, "branch": null, "email": null, "air_conditioning": null, "guest_house": null, "name:en": null, "addr:housename": null, "addr:province": null, "addr:unit": null, "addr:district": null, "addr:neighbourhood": null, "addr:subdistrict": null, "contact:instagram": null, "sport": null, "url": null, "old_name": null, "payment:cash": null, "payment:coins": null, "payment:ep_cash": null, "payment:visa": null, "payment:visa_debit": null, "building:roof": null, "building:structure": null, "building:walls": null, "access:roof": null, "hospital:type": null, "landuse": null, "height": null, "addr:street:sym_ul": null, "religion": null, "internet_access:ssid": null, "museum": null, "name:id": null, "wikimedia_commons": null, "school": null, "area": null, "tactile_paving": null, "wikidata": null, "since": null, "layer": null, "type": null, "path": "/home/perhanjay/QGIS/balikpapan_pois_pol_poi.gpkg" }, "geometry": { "type": "Point", "coordinates": [ 116.872535327115699, -1.261871895990169 ] } },
{ "type": "Feature", "properties": { "element": "way", "id": 574115180.0, "amenity": null, "name": "Capital O 2885 Hemra Hotel", "tourism": "hotel", "cuisine": null, "addr:city": null, "addr:postcode": null, "addr:street": null, "shop": null, "addr:housenumber": null, "level": null, "smoking": null, "beds": null, "internet_access": null, "internet_access:fee": null, "operator": null, "rooms": null, "wheelchair": null, "stars": null, "opening_hours": null, "addr:full": null, "building": "yes", "building:levels": null, "capacity:persons": null, "operator:type": null, "school:type_idn": null, "website": null, "historic": null, "capacity": null, "delivery": null, "description": null, "outdoor_seating": null, "phone": null, "takeaway": null, "leisure": null, "emergency": null, "healthcare": null, "healthcare:speciality": null, "brand": null, "brand:wikidata": null, "brand:wikipedia": null, "short_name": null, "diet:halal": null, "branch": null, "email": null, "air_conditioning": null, "guest_house": null, "name:en": null, "addr:housename": null, "addr:province": null, "addr:unit": null, "addr:district": null, "addr:neighbourhood": null, "addr:subdistrict": null, "contact:instagram": null, "sport": null, "url": null, "old_name": null, "payment:cash": null, "payment:coins": null, "payment:ep_cash": null, "payment:visa": null, "payment:visa_debit": null, "building:roof": null, "building:structure": null, "building:walls": null, "access:roof": null, "hospital:type": null, "landuse": null, "height": null, "addr:street:sym_ul": null, "religion": null, "internet_access:ssid": null, "museum": null, "name:id": null, "wikimedia_commons": null, "school": null, "area": null, "tactile_paving": null, "wikidata": null, "since": null, "layer": null, "type": null, "path": "/home/perhanjay/QGIS/balikpapan_pois_pol_poi.gpkg" }, "geometry": { "type": "Point", "coordinates": [ 116.86199967738338, -1.261370610708416 ] } },
{ "type": "Feature", "properties": { "element": "way", "id": 574115182.0, "amenity": "restaurant", "name": "Soto Banjar Kuin Abduh SQ", "tourism": null, "cuisine": null, "addr:city": null, "addr:postcode": null, "addr:street": null, "shop": null, "addr:housenumber": null, "level": null, "smoking": null, "beds": null, "internet_access": null, "internet_access:fee": null, "operator": null, "rooms": null, "wheelchair": null, "stars": null, "opening_hours": null, "addr:full": null, "building": "yes", "building:levels": null, "capacity:persons": null, "operator:type": null, "school:type_idn": null, "website": null, "historic": null, "capacity": null, "delivery": null, "description": null, "outdoor_seating": null, "phone": null, "takeaway": null, "leisure": null, "emergency": null, "healthcare": null, "healthcare:speciality": null, "brand": null, "brand:wikidata": null, "brand:wikipedia": null, "short_name": null, "diet:halal": null, "branch": null, "email": null, "air_conditioning": null, "guest_house": null, "name:en": null, "addr:housename": null, "addr:province": null, "addr:unit": null, "addr:district": null, "addr:neighbourhood": null, "addr:subdistrict": null, "contact:instagram": null, "sport": null, "url": null, "old_name": null, "payment:cash": null, "payment:coins": null, "payment:ep_cash": null, "payment:visa": null, "payment:visa_debit": null, "building:roof": null, "building:structure": null, "building:walls": null, "access:roof": null, "hospital:type": null, "landuse": null, "height": null, "addr:street:sym_ul": null, "religion": null, "internet_access:ssid": null, "museum": null, "name:id": null, "wikimedia_commons": null, "school": null, "area": null, "tactile_paving": null, "wikidata": null, "since": null, "layer": null, "type": null, "path": "/home/perhanjay/QGIS/balikpapan_pois_pol_poi.gpkg" }, "geometry": { "type": "Point", "coordinates": [ 116.862032649999989, -1.26120065 ] } },
{ "type": "Feature", "properties": { "element": "way", "id": 574115189.0, "amenity": "restaurant", "name": "Warung KPK Balikpapan", "tourism": null, "cuisine": null, "addr:city": null, "addr:postcode": null, "addr:street": null, "shop": null, "addr:housenumber": null, "level": null, "smoking": null, "beds": null, "internet_access": null, "internet_access:fee": null, "operator": null, "rooms": null, "wheelchair": null, "stars": null, "opening_hours": null, "addr:full": null, "building": "yes", "building:levels": null, "capacity:persons": null, "operator:type": null, "school:type_idn": null, "website": null, "historic": null, "capacity": null, "delivery": null, "description": null, "outdoor_seating": null, "phone": null, "takeaway": null, "leisure": null, "emergency": null, "healthcare": null, "healthcare:speciality": null, "brand": null, "brand:wikidata": null, "brand:wikipedia": null, "short_name": null, "diet:halal": null, "branch": null, "email": null, "air_conditioning": null, "guest_house": null, "name:en": null, "addr:housename": null, "addr:province": null, "addr:unit": null, "addr:district": null, "addr:neighbourhood": null, "addr:subdistrict": null, "contact:instagram": null, "sport": null, "url": null, "old_name": null, "payment:cash": null, "payment:coins": null, "payment:ep_cash": null, "payment:visa": null, "payment:visa_debit": null, "building:roof": null, "building:structure": null, "building:walls": null, "access:roof": null, "hospital:type": null, "landuse": null, "height": null, "addr:street:sym_ul": null, "religion": null, "internet_access:ssid": null, "museum": null, "name:id": null, "wikimedia_commons": null, "school": null, "area": null, "tactile_paving": null, "wikidata": null, "since": null, "layer": null, "type": null, "path": "/home/perhanjay/QGIS/balikpapan_pois_pol_poi.gpkg" }, "geometry": { "type": "Point", "coordinates": [ 116.862399126863039, -1.260868253966991 ] } },
{ "type": "Feature", "properties": { "element": "way", "id": 574115208.0, "amenity": "restaurant", "name": "Balikpapan Kepiting Center", "tourism": null, "cuisine": "seafood", "addr:city": null, "addr:postcode": null, "addr:street": "Jalan M.T. Haryono", "shop": null, "addr:housenumber": null, "level": null, "smoking": null, "beds": null, "internet_access": null, "internet_access:fee": null, "operator": null, "rooms": null, "wheelchair": null, "stars": null, "opening_hours": null, "addr:full": null, "building": "yes", "building:levels": null, "capacity:persons": null, "operator:type": null, "school:type_idn": null, "website": null, "historic": null, "capacity": null, "delivery": null, "description": null, "outdoor_seating": null, "phone": null, "takeaway": null, "leisure": null, "emergency": null, "healthcare": null, "healthcare:speciality": null, "brand": null, "brand:wikidata": null, "brand:wikipedia": null, "short_name": null, "diet:halal": null, "branch": null, "email": null, "air_conditioning": null, "guest_house": null, "name:en": null, "addr:housename": null, "addr:province": null, "addr:unit": null, "addr:district": null, "addr:neighbourhood": null, "addr:subdistrict": null, "contact:instagram": null, "sport": null, "url": null, "old_name": null, "payment:cash": null, "payment:coins": null, "payment:ep_cash": null, "payment:visa": null, "payment:visa_debit": null, "building:roof": null, "building:structure": null, "building:walls": null, "access:roof": null, "hospital:type": null, "landuse": null, "height": null, "addr:street:sym_ul": null, "religion": null, "internet_access:ssid": null, "museum": null, "name:id": null, "wikimedia_commons": null, "school": null, "area": null, "tactile_paving": null, "wikidata": null, "since": null, "layer": null, "type": null, "path": "/home/perhanjay/QGIS/balikpapan_pois_pol_poi.gpkg" }, "geometry": { "type": "Point", "coordinates": [ 116.863299986428714, -1.260993895543762 ] } },
{ "type": "Feature", "properties": { "element": "way", "id": 574115210.0, "amenity": null, "name": "Maxi MT Haryono", "tourism": null, "cuisine": null, "addr:city": null, "addr:postcode": null, "addr:street": null, "shop": "supermarket", "addr:housenumber": null, "level": null, "smoking": null, "beds": null, "internet_access": null, "internet_access:fee": null, "operator": null, "rooms": null, "wheelchair": null, "stars": null, "opening_hours": null, "addr:full": null, "building": "yes", "building:levels": null, "capacity:persons": null, "operator:type": null, "school:type_idn": null, "website": null, "historic": null, "capacity": null, "delivery": null, "description": null, "outdoor_seating": null, "phone": null, "takeaway": null, "leisure": null, "emergency": null, "healthcare": null, "healthcare:speciality": null, "brand": null, "brand:wikidata": null, "brand:wikipedia": null, "short_name": null, "diet:halal": null, "branch": null, "email": null, "air_conditioning": null, "guest_house": null, "name:en": null, "addr:housename": null, "addr:province": null, "addr:unit": null, "addr:district": null, "addr:neighbourhood": null, "addr:subdistrict": null, "contact:instagram": null, "sport": null, "url": null, "old_name": null, "payment:cash": null, "payment:coins": null, "payment:ep_cash": null, "payment:visa": null, "payment:visa_debit": null, "building:roof": null, "building:structure": null, "building:walls": null, "access:roof": null, "hospital:type": null, "landuse": null, "height": null, "addr:street:sym_ul": null, "religion": null, "internet_access:ssid": null, "museum": null, "name:id": null, "wikimedia_commons": null, "school": null, "area": null, "tactile_paving": null, "wikidata": null, "since": null, "layer": null, "type": null, "path": "/home/perhanjay/QGIS/balikpapan_pois_pol_poi.gpkg" }, "geometry": { "type": "Point", "coordinates": [ 116.863331699999989, -1.26070745 ] } },
{ "type": "Feature", "properties": { "element": "way", "id": 574115542.0, "amenity": "restaurant", "name": "Terumbu Sultra Ikan Bakar", "tourism": null, "cuisine": null, "addr:city": null, "addr:postcode": null, "addr:street": null, "shop": null, "addr:housenumber": null, "level": null, "smoking": null, "beds": null, "internet_access": null, "internet_access:fee": null, "operator": null, "rooms": null, "wheelchair": null, "stars": null, "opening_hours": null, "addr:full": null, "building": "yes", "building:levels": null, "capacity:persons": null, "operator:type": null, "school:type_idn": null, "website": null, "historic": null, "capacity": null, "delivery": null, "description": null, "outdoor_seating": null, "phone": null, "takeaway": null, "leisure": null, "emergency": null, "healthcare": null, "healthcare:speciality": null, "brand": null, "brand:wikidata": null, "brand:wikipedia": null, "short_name": null, "diet:halal": null, "branch": null, "email": null, "air_conditioning": null, "guest_house": null, "name:en": null, "addr:housename": null, "addr:province": null, "addr:unit": null, "addr:district": null, "addr:neighbourhood": null, "addr:subdistrict": null, "contact:instagram": null, "sport": null, "url": null, "old_name": null, "payment:cash": null, "payment:coins": null, "payment:ep_cash": null, "payment:visa": null, "payment:visa_debit": null, "building:roof": null, "building:structure": null, "building:walls": null, "access:roof": null, "hospital:type": null, "landuse": null, "height": null, "addr:street:sym_ul": null, "religion": null, "internet_access:ssid": null, "museum": null, "name:id": null, "wikimedia_commons": null, "school": null, "area": null, "tactile_paving": null, "wikidata": null, "since": null, "layer": null, "type": null, "path": "/home/perhanjay/QGIS/balikpapan_pois_pol_poi.gpkg" }, "geometry": { "type": "Point", "coordinates": [ 116.865155954449591, -1.260389873168575 ] } },
{ "type": "Feature", "properties": { "element": "way", "id": 574130251.0, "amenity": null, "name": "Red Doorz Balikpapan", "tourism": "hotel", "cuisine": null, "addr:city": null, "addr:postcode": null, "addr:street": null, "shop": null, "addr:housenumber": null, "level": null, "smoking": null, "beds": null, "internet_access": null, "internet_access:fee": null, "operator": null, "rooms": null, "wheelchair": null, "stars": null, "opening_hours": null, "addr:full": null, "building": "yes", "building:levels": null, "capacity:persons": null, "operator:type": null, "school:type_idn": null, "website": null, "historic": null, "capacity": null, "delivery": null, "description": null, "outdoor_seating": null, "phone": null, "takeaway": null, "leisure": null, "emergency": null, "healthcare": null, "healthcare:speciality": null, "brand": null, "brand:wikidata": null, "brand:wikipedia": null, "short_name": null, "diet:halal": null, "branch": null, "email": null, "air_conditioning": null, "guest_house": null, "name:en": null, "addr:housename": null, "addr:province": null, "addr:unit": null, "addr:district": null, "addr:neighbourhood": null, "addr:subdistrict": null, "contact:instagram": null, "sport": null, "url": null, "old_name": null, "payment:cash": null, "payment:coins": null, "payment:ep_cash": null, "payment:visa": null, "payment:visa_debit": null, "building:roof": null, "building:structure": null, "building:walls": null, "access:roof": null, "hospital:type": null, "landuse": null, "height": null, "addr:street:sym_ul": null, "religion": null, "internet_access:ssid": null, "museum": null, "name:id": null, "wikimedia_commons": null, "school": null, "area": null, "tactile_paving": null, "wikidata": null, "since": null, "layer": null, "type": null, "path": "/home/perhanjay/QGIS/balikpapan_pois_pol_poi.gpkg" }, "geometry": { "type": "Point", "coordinates": [ 116.86358265, -1.2598217 ] } },
{ "type": "Feature", "properties": { "element": "way", "id": 574133962.0, "amenity": "restaurant", "name": "Depot Damai", "tourism": null, "cuisine": null, "addr:city": null, "addr:postcode": null, "addr:street": null, "shop": null, "addr:housenumber": null, "level": null, "smoking": null, "beds": null, "internet_access": null, "internet_access:fee": null, "operator": null, "rooms": null, "wheelchair": null, "stars": null, "opening_hours": null, "addr:full": null, "building": "yes", "building:levels": null, "capacity:persons": null, "operator:type": null, "school:type_idn": null, "website": null, "historic": null, "capacity": null, "delivery": null, "description": null, "outdoor_seating": null, "phone": null, "takeaway": null, "leisure": null, "emergency": null, "healthcare": null, "healthcare:speciality": null, "brand": null, "brand:wikidata": null, "brand:wikipedia": null, "short_name": null, "diet:halal": null, "branch": null, "email": null, "air_conditioning": null, "guest_house": null, "name:en": null, "addr:housename": null, "addr:province": null, "addr:unit": null, "addr:district": null, "addr:neighbourhood": null, "addr:subdistrict": null, "contact:instagram": null, "sport": null, "url": null, "old_name": null, "payment:cash": null, "payment:coins": null, "payment:ep_cash": null, "payment:visa": null, "payment:visa_debit": null, "building:roof": null, "building:structure": null, "building:walls": null, "access:roof": null, "hospital:type": null, "landuse": null, "height": null, "addr:street:sym_ul": null, "religion": null, "internet_access:ssid": null, "museum": null, "name:id": null, "wikimedia_commons": null, "school": null, "area": null, "tactile_paving": null, "wikidata": null, "since": null, "layer": null, "type": null, "path": "/home/perhanjay/QGIS/balikpapan_pois_pol_poi.gpkg" }, "geometry": { "type": "Point", "coordinates": [ 116.860971911727177, -1.262324444441269 ] } },
{ "type": "Feature", "properties": { "element": "way", "id": 574134209.0, "amenity": null, "name": "Kost Puncak Damai", "tourism": "hostel", "cuisine": null, "addr:city": null, "addr:postcode": null, "addr:street": null, "shop": null, "addr:housenumber": null, "level": null, "smoking": null, "beds": null, "internet_access": null, "internet_access:fee": null, "operator": null, "rooms": null, "wheelchair": null, "stars": null, "opening_hours": null, "addr:full": null, "building": "yes", "building:levels": null, "capacity:persons": null, "operator:type": null, "school:type_idn": null, "website": null, "historic": null, "capacity": null, "delivery": null, "description": null, "outdoor_seating": null, "phone": null, "takeaway": null, "leisure": null, "emergency": null, "healthcare": null, "healthcare:speciality": null, "brand": null, "brand:wikidata": null, "brand:wikipedia": null, "short_name": null, "diet:halal": null, "branch": null, "email": null, "air_conditioning": null, "guest_house": null, "name:en": null, "addr:housename": null, "addr:province": null, "addr:unit": null, "addr:district": null, "addr:neighbourhood": null, "addr:subdistrict": null, "contact:instagram": null, "sport": null, "url": null, "old_name": null, "payment:cash": null, "payment:coins": null, "payment:ep_cash": null, "payment:visa": null, "payment:visa_debit": null, "building:roof": null, "building:structure": null, "building:walls": null, "access:roof": null, "hospital:type": null, "landuse": null, "height": null, "addr:street:sym_ul": null, "religion": null, "internet_access:ssid": null, "museum": null, "name:id": null, "wikimedia_commons": null, "school": null, "area": null, "tactile_paving": null, "wikidata": null, "since": null, "layer": null, "type": null, "path": "/home/perhanjay/QGIS/balikpapan_pois_pol_poi.gpkg" }, "geometry": { "type": "Point", "coordinates": [ 116.856102633741472, -1.26110339454339 ] } },
{ "type": "Feature", "properties": { "element": "way", "id": 574134344.0, "amenity": null, "name": "Anggrek Guest House", "tourism": "guest_house", "cuisine": null, "addr:city": null, "addr:postcode": null, "addr:street": null, "shop": null, "addr:housenumber": null, "level": null, "smoking": null, "beds": null, "internet_access": null, "internet_access:fee": null, "operator": null, "rooms": null, "wheelchair": null, "stars": null, "opening_hours": null, "addr:full": null, "building": "yes", "building:levels": null, "capacity:persons": null, "operator:type": null, "school:type_idn": null, "website": null, "historic": null, "capacity": null, "delivery": null, "description": null, "outdoor_seating": null, "phone": null, "takeaway": null, "leisure": null, "emergency": null, "healthcare": null, "healthcare:speciality": null, "brand": null, "brand:wikidata": null, "brand:wikipedia": null, "short_name": null, "diet:halal": null, "branch": null, "email": null, "air_conditioning": null, "guest_house": null, "name:en": null, "addr:housename": null, "addr:province": null, "addr:unit": null, "addr:district": null, "addr:neighbourhood": null, "addr:subdistrict": null, "contact:instagram": null, "sport": null, "url": null, "old_name": null, "payment:cash": null, "payment:coins": null, "payment:ep_cash": null, "payment:visa": null, "payment:visa_debit": null, "building:roof": null, "building:structure": null, "building:walls": null, "access:roof": null, "hospital:type": null, "landuse": null, "height": null, "addr:street:sym_ul": null, "religion": null, "internet_access:ssid": null, "museum": null, "name:id": null, "wikimedia_commons": null, "school": null, "area": null, "tactile_paving": null, "wikidata": null, "since": null, "layer": null, "type": null, "path": "/home/perhanjay/QGIS/balikpapan_pois_pol_poi.gpkg" }, "geometry": { "type": "Point", "coordinates": [ 116.855474484666061, -1.262206555395588 ] } },
{ "type": "Feature", "properties": { "element": "way", "id": 574314315.0, "amenity": null, "name": "OYO 1861 Martha Guest House", "tourism": "guest_house", "cuisine": null, "addr:city": null, "addr:postcode": null, "addr:street": null, "shop": null, "addr:housenumber": null, "level": null, "smoking": null, "beds": null, "internet_access": null, "internet_access:fee": null, "operator": null, "rooms": null, "wheelchair": null, "stars": null, "opening_hours": null, "addr:full": null, "building": "yes", "building:levels": null, "capacity:persons": null, "operator:type": null, "school:type_idn": null, "website": null, "historic": null, "capacity": null, "delivery": null, "description": null, "outdoor_seating": null, "phone": null, "takeaway": null, "leisure": null, "emergency": null, "healthcare": null, "healthcare:speciality": null, "brand": null, "brand:wikidata": null, "brand:wikipedia": null, "short_name": null, "diet:halal": null, "branch": null, "email": null, "air_conditioning": null, "guest_house": null, "name:en": null, "addr:housename": null, "addr:province": null, "addr:unit": null, "addr:district": null, "addr:neighbourhood": null, "addr:subdistrict": null, "contact:instagram": null, "sport": null, "url": null, "old_name": null, "payment:cash": null, "payment:coins": null, "payment:ep_cash": null, "payment:visa": null, "payment:visa_debit": null, "building:roof": null, "building:structure": null, "building:walls": null, "access:roof": null, "hospital:type": null, "landuse": null, "height": null, "addr:street:sym_ul": null, "religion": null, "internet_access:ssid": null, "museum": null, "name:id": null, "wikimedia_commons": null, "school": null, "area": null, "tactile_paving": null, "wikidata": null, "since": null, "layer": null, "type": null, "path": "/home/perhanjay/QGIS/balikpapan_pois_pol_poi.gpkg" }, "geometry": { "type": "Point", "coordinates": [ 116.835061917425548, -1.259760495345035 ] } },
{ "type": "Feature", "properties": { "element": "way", "id": 574314325.0, "amenity": null, "name": "OYO 1272 Grand Garuda Guest House", "tourism": "guest_house", "cuisine": null, "addr:city": null, "addr:postcode": null, "addr:street": null, "shop": null, "addr:housenumber": null, "level": null, "smoking": null, "beds": null, "internet_access": null, "internet_access:fee": null, "operator": null, "rooms": null, "wheelchair": null, "stars": null, "opening_hours": null, "addr:full": null, "building": "yes", "building:levels": null, "capacity:persons": null, "operator:type": null, "school:type_idn": null, "website": null, "historic": null, "capacity": null, "delivery": null, "description": null, "outdoor_seating": null, "phone": null, "takeaway": null, "leisure": null, "emergency": null, "healthcare": null, "healthcare:speciality": null, "brand": null, "brand:wikidata": null, "brand:wikipedia": null, "short_name": null, "diet:halal": null, "branch": null, "email": null, "air_conditioning": null, "guest_house": null, "name:en": null, "addr:housename": null, "addr:province": null, "addr:unit": null, "addr:district": null, "addr:neighbourhood": null, "addr:subdistrict": null, "contact:instagram": null, "sport": null, "url": null, "old_name": null, "payment:cash": null, "payment:coins": null, "payment:ep_cash": null, "payment:visa": null, "payment:visa_debit": null, "building:roof": null, "building:structure": null, "building:walls": null, "access:roof": null, "hospital:type": null, "landuse": null, "height": null, "addr:street:sym_ul": null, "religion": null, "internet_access:ssid": null, "museum": null, "name:id": null, "wikimedia_commons": null, "school": null, "area": null, "tactile_paving": null, "wikidata": null, "since": null, "layer": null, "type": null, "path": "/home/perhanjay/QGIS/balikpapan_pois_pol_poi.gpkg" }, "geometry": { "type": "Point", "coordinates": [ 116.835147642848028, -1.259528562590722 ] } },
{ "type": "Feature", "properties": { "element": "way", "id": 574375195.0, "amenity": null, "name": "Griya Mulya Kost", "tourism": "attraction", "cuisine": null, "addr:city": null, "addr:postcode": null, "addr:street": null, "shop": null, "addr:housenumber": null, "level": null, "smoking": null, "beds": null, "internet_access": null, "internet_access:fee": null, "operator": null, "rooms": null, "wheelchair": null, "stars": null, "opening_hours": null, "addr:full": null, "building": "yes", "building:levels": null, "capacity:persons": null, "operator:type": null, "school:type_idn": null, "website": null, "historic": null, "capacity": null, "delivery": null, "description": null, "outdoor_seating": null, "phone": null, "takeaway": null, "leisure": null, "emergency": null, "healthcare": null, "healthcare:speciality": null, "brand": null, "brand:wikidata": null, "brand:wikipedia": null, "short_name": null, "diet:halal": null, "branch": null, "email": null, "air_conditioning": null, "guest_house": null, "name:en": null, "addr:housename": null, "addr:province": null, "addr:unit": null, "addr:district": null, "addr:neighbourhood": null, "addr:subdistrict": null, "contact:instagram": null, "sport": null, "url": null, "old_name": null, "payment:cash": null, "payment:coins": null, "payment:ep_cash": null, "payment:visa": null, "payment:visa_debit": null, "building:roof": null, "building:structure": null, "building:walls": null, "access:roof": null, "hospital:type": null, "landuse": null, "height": null, "addr:street:sym_ul": null, "religion": null, "internet_access:ssid": null, "museum": null, "name:id": null, "wikimedia_commons": null, "school": null, "area": null, "tactile_paving": null, "wikidata": null, "since": null, "layer": null, "type": null, "path": "/home/perhanjay/QGIS/balikpapan_pois_pol_poi.gpkg" }, "geometry": { "type": "Point", "coordinates": [ 116.836508208986928, -1.257308237959889 ] } },
{ "type": "Feature", "properties": { "element": "way", "id": 574512435.0, "amenity": null, "name": "Alfamidi Letjen Suprapto", "tourism": null, "cuisine": null, "addr:city": null, "addr:postcode": null, "addr:street": null, "shop": "supermarket", "addr:housenumber": null, "level": null, "smoking": null, "beds": null, "internet_access": null, "internet_access:fee": null, "operator": null, "rooms": null, "wheelchair": null, "stars": null, "opening_hours": null, "addr:full": null, "building": "yes", "building:levels": null, "capacity:persons": null, "operator:type": null, "school:type_idn": null, "website": null, "historic": null, "capacity": null, "delivery": null, "description": null, "outdoor_seating": null, "phone": null, "takeaway": null, "leisure": null, "emergency": null, "healthcare": null, "healthcare:speciality": null, "brand": null, "brand:wikidata": null, "brand:wikipedia": null, "short_name": null, "diet:halal": null, "branch": null, "email": null, "air_conditioning": null, "guest_house": null, "name:en": null, "addr:housename": null, "addr:province": null, "addr:unit": null, "addr:district": null, "addr:neighbourhood": null, "addr:subdistrict": null, "contact:instagram": null, "sport": null, "url": null, "old_name": null, "payment:cash": null, "payment:coins": null, "payment:ep_cash": null, "payment:visa": null, "payment:visa_debit": null, "building:roof": null, "building:structure": null, "building:walls": null, "access:roof": null, "hospital:type": null, "landuse": null, "height": null, "addr:street:sym_ul": null, "religion": null, "internet_access:ssid": null, "museum": null, "name:id": null, "wikimedia_commons": null, "school": null, "area": null, "tactile_paving": null, "wikidata": null, "since": null, "layer": null, "type": null, "path": "/home/perhanjay/QGIS/balikpapan_pois_pol_poi.gpkg" }, "geometry": { "type": "Point", "coordinates": [ 116.81224517129732, -1.227745184939788 ] } },
{ "type": "Feature", "properties": { "element": "way", "id": 574868199.0, "amenity": null, "name": "Hotel Neo+ Balikpapan", "tourism": "hotel", "cuisine": null, "addr:city": null, "addr:postcode": null, "addr:street": null, "shop": null, "addr:housenumber": null, "level": null, "smoking": null, "beds": null, "internet_access": null, "internet_access:fee": null, "operator": null, "rooms": null, "wheelchair": null, "stars": null, "opening_hours": null, "addr:full": null, "building": "yes", "building:levels": null, "capacity:persons": null, "operator:type": null, "school:type_idn": null, "website": null, "historic": null, "capacity": null, "delivery": null, "description": null, "outdoor_seating": null, "phone": null, "takeaway": null, "leisure": null, "emergency": null, "healthcare": null, "healthcare:speciality": null, "brand": null, "brand:wikidata": null, "brand:wikipedia": null, "short_name": null, "diet:halal": null, "branch": null, "email": null, "air_conditioning": null, "guest_house": null, "name:en": null, "addr:housename": null, "addr:province": null, "addr:unit": null, "addr:district": null, "addr:neighbourhood": null, "addr:subdistrict": null, "contact:instagram": null, "sport": null, "url": null, "old_name": null, "payment:cash": null, "payment:coins": null, "payment:ep_cash": null, "payment:visa": null, "payment:visa_debit": null, "building:roof": null, "building:structure": null, "building:walls": null, "access:roof": null, "hospital:type": null, "landuse": null, "height": null, "addr:street:sym_ul": null, "religion": null, "internet_access:ssid": null, "museum": null, "name:id": null, "wikimedia_commons": null, "school": null, "area": null, "tactile_paving": null, "wikidata": null, "since": null, "layer": null, "type": null, "path": "/home/perhanjay/QGIS/balikpapan_pois_pol_poi.gpkg" }, "geometry": { "type": "Point", "coordinates": [ 116.84042447391775, -1.262671754813944 ] } },
{ "type": "Feature", "properties": { "element": "way", "id": 575271922.0, "amenity": "restaurant", "name": "Kedai Teraz 17", "tourism": null, "cuisine": null, "addr:city": null, "addr:postcode": null, "addr:street": null, "shop": null, "addr:housenumber": null, "level": null, "smoking": null, "beds": null, "internet_access": null, "internet_access:fee": null, "operator": null, "rooms": null, "wheelchair": null, "stars": null, "opening_hours": null, "addr:full": null, "building": "yes", "building:levels": null, "capacity:persons": null, "operator:type": null, "school:type_idn": null, "website": null, "historic": null, "capacity": null, "delivery": null, "description": null, "outdoor_seating": null, "phone": null, "takeaway": null, "leisure": null, "emergency": null, "healthcare": null, "healthcare:speciality": null, "brand": null, "brand:wikidata": null, "brand:wikipedia": null, "short_name": null, "diet:halal": null, "branch": null, "email": null, "air_conditioning": null, "guest_house": null, "name:en": null, "addr:housename": null, "addr:province": null, "addr:unit": null, "addr:district": null, "addr:neighbourhood": null, "addr:subdistrict": null, "contact:instagram": null, "sport": null, "url": null, "old_name": null, "payment:cash": null, "payment:coins": null, "payment:ep_cash": null, "payment:visa": null, "payment:visa_debit": null, "building:roof": null, "building:structure": null, "building:walls": null, "access:roof": null, "hospital:type": null, "landuse": null, "height": null, "addr:street:sym_ul": null, "religion": null, "internet_access:ssid": null, "museum": null, "name:id": null, "wikimedia_commons": null, "school": null, "area": null, "tactile_paving": null, "wikidata": null, "since": null, "layer": null, "type": null, "path": "/home/perhanjay/QGIS/balikpapan_pois_pol_poi.gpkg" }, "geometry": { "type": "Point", "coordinates": [ 116.84127685, -1.2485431 ] } },
{ "type": "Feature", "properties": { "element": "way", "id": 575272115.0, "amenity": null, "name": "Club House Gunung Utara Housing Complex", "tourism": "hostel", "cuisine": null, "addr:city": null, "addr:postcode": null, "addr:street": null, "shop": null, "addr:housenumber": null, "level": null, "smoking": null, "beds": null, "internet_access": null, "internet_access:fee": null, "operator": null, "rooms": null, "wheelchair": null, "stars": null, "opening_hours": null, "addr:full": null, "building": "yes", "building:levels": null, "capacity:persons": null, "operator:type": null, "school:type_idn": null, "website": null, "historic": null, "capacity": null, "delivery": null, "description": null, "outdoor_seating": null, "phone": null, "takeaway": null, "leisure": null, "emergency": null, "healthcare": null, "healthcare:speciality": null, "brand": null, "brand:wikidata": null, "brand:wikipedia": null, "short_name": null, "diet:halal": null, "branch": null, "email": null, "air_conditioning": null, "guest_house": null, "name:en": null, "addr:housename": null, "addr:province": null, "addr:unit": null, "addr:district": null, "addr:neighbourhood": null, "addr:subdistrict": null, "contact:instagram": null, "sport": null, "url": null, "old_name": null, "payment:cash": null, "payment:coins": null, "payment:ep_cash": null, "payment:visa": null, "payment:visa_debit": null, "building:roof": null, "building:structure": null, "building:walls": null, "access:roof": null, "hospital:type": null, "landuse": null, "height": null, "addr:street:sym_ul": null, "religion": null, "internet_access:ssid": null, "museum": null, "name:id": null, "wikimedia_commons": null, "school": null, "area": null, "tactile_paving": null, "wikidata": null, "since": null, "layer": null, "type": null, "path": "/home/perhanjay/QGIS/balikpapan_pois_pol_poi.gpkg" }, "geometry": { "type": "Point", "coordinates": [ 116.828464283374572, -1.255137100280986 ] } },
{ "type": "Feature", "properties": { "element": "way", "id": 575505163.0, "amenity": null, "name": "Hotel Malindo", "tourism": "hotel", "cuisine": null, "addr:city": null, "addr:postcode": null, "addr:street": null, "shop": null, "addr:housenumber": null, "level": null, "smoking": null, "beds": null, "internet_access": null, "internet_access:fee": null, "operator": null, "rooms": null, "wheelchair": null, "stars": null, "opening_hours": null, "addr:full": null, "building": "yes", "building:levels": null, "capacity:persons": null, "operator:type": null, "school:type_idn": null, "website": null, "historic": null, "capacity": null, "delivery": null, "description": null, "outdoor_seating": null, "phone": null, "takeaway": null, "leisure": null, "emergency": null, "healthcare": null, "healthcare:speciality": null, "brand": null, "brand:wikidata": null, "brand:wikipedia": null, "short_name": null, "diet:halal": null, "branch": null, "email": null, "air_conditioning": null, "guest_house": null, "name:en": null, "addr:housename": null, "addr:province": null, "addr:unit": null, "addr:district": null, "addr:neighbourhood": null, "addr:subdistrict": null, "contact:instagram": null, "sport": null, "url": null, "old_name": null, "payment:cash": null, "payment:coins": null, "payment:ep_cash": null, "payment:visa": null, "payment:visa_debit": null, "building:roof": null, "building:structure": null, "building:walls": null, "access:roof": null, "hospital:type": null, "landuse": null, "height": null, "addr:street:sym_ul": null, "religion": null, "internet_access:ssid": null, "museum": null, "name:id": null, "wikimedia_commons": null, "school": null, "area": null, "tactile_paving": null, "wikidata": null, "since": null, "layer": null, "type": null, "path": "/home/perhanjay/QGIS/balikpapan_pois_pol_poi.gpkg" }, "geometry": { "type": "Point", "coordinates": [ 116.85172135, -1.2517336 ] } },
{ "type": "Feature", "properties": { "element": "way", "id": 575505188.0, "amenity": "cafe", "name": "Hobbies Coffee & Lounge", "tourism": null, "cuisine": null, "addr:city": null, "addr:postcode": null, "addr:street": null, "shop": null, "addr:housenumber": null, "level": null, "smoking": null, "beds": null, "internet_access": null, "internet_access:fee": null, "operator": null, "rooms": null, "wheelchair": null, "stars": null, "opening_hours": null, "addr:full": null, "building": "yes", "building:levels": null, "capacity:persons": null, "operator:type": null, "school:type_idn": null, "website": null, "historic": null, "capacity": null, "delivery": null, "description": null, "outdoor_seating": null, "phone": null, "takeaway": null, "leisure": null, "emergency": null, "healthcare": null, "healthcare:speciality": null, "brand": null, "brand:wikidata": null, "brand:wikipedia": null, "short_name": null, "diet:halal": null, "branch": null, "email": null, "air_conditioning": null, "guest_house": null, "name:en": null, "addr:housename": null, "addr:province": null, "addr:unit": null, "addr:district": null, "addr:neighbourhood": null, "addr:subdistrict": null, "contact:instagram": null, "sport": null, "url": null, "old_name": null, "payment:cash": null, "payment:coins": null, "payment:ep_cash": null, "payment:visa": null, "payment:visa_debit": null, "building:roof": null, "building:structure": null, "building:walls": null, "access:roof": null, "hospital:type": null, "landuse": null, "height": null, "addr:street:sym_ul": null, "religion": null, "internet_access:ssid": null, "museum": null, "name:id": null, "wikimedia_commons": null, "school": null, "area": null, "tactile_paving": null, "wikidata": null, "since": null, "layer": null, "type": null, "path": "/home/perhanjay/QGIS/balikpapan_pois_pol_poi.gpkg" }, "geometry": { "type": "Point", "coordinates": [ 116.851043750000017, -1.2473524 ] } },
{ "type": "Feature", "properties": { "element": "way", "id": 575894654.0, "amenity": "restaurant", "name": "RM Bonito - Klandasan Ilir", "tourism": null, "cuisine": null, "addr:city": null, "addr:postcode": null, "addr:street": null, "shop": null, "addr:housenumber": null, "level": null, "smoking": null, "beds": null, "internet_access": null, "internet_access:fee": null, "operator": null, "rooms": null, "wheelchair": null, "stars": null, "opening_hours": null, "addr:full": null, "building": "yes", "building:levels": null, "capacity:persons": null, "operator:type": null, "school:type_idn": null, "website": null, "historic": null, "capacity": null, "delivery": null, "description": null, "outdoor_seating": null, "phone": null, "takeaway": null, "leisure": null, "emergency": null, "healthcare": null, "healthcare:speciality": null, "brand": null, "brand:wikidata": null, "brand:wikipedia": null, "short_name": null, "diet:halal": null, "branch": null, "email": null, "air_conditioning": null, "guest_house": null, "name:en": null, "addr:housename": null, "addr:province": null, "addr:unit": null, "addr:district": null, "addr:neighbourhood": null, "addr:subdistrict": null, "contact:instagram": null, "sport": null, "url": null, "old_name": null, "payment:cash": null, "payment:coins": null, "payment:ep_cash": null, "payment:visa": null, "payment:visa_debit": null, "building:roof": null, "building:structure": null, "building:walls": null, "access:roof": null, "hospital:type": null, "landuse": null, "height": null, "addr:street:sym_ul": null, "religion": null, "internet_access:ssid": null, "museum": null, "name:id": null, "wikimedia_commons": null, "school": null, "area": null, "tactile_paving": null, "wikidata": null, "since": null, "layer": null, "type": null, "path": "/home/perhanjay/QGIS/balikpapan_pois_pol_poi.gpkg" }, "geometry": { "type": "Point", "coordinates": [ 116.837581194274378, -1.273887413910533 ] } },
{ "type": "Feature", "properties": { "element": "way", "id": 575894717.0, "amenity": null, "name": "Hotel Aiqo", "tourism": "hotel", "cuisine": null, "addr:city": null, "addr:postcode": null, "addr:street": null, "shop": null, "addr:housenumber": null, "level": null, "smoking": null, "beds": null, "internet_access": null, "internet_access:fee": null, "operator": null, "rooms": null, "wheelchair": null, "stars": null, "opening_hours": null, "addr:full": null, "building": "yes", "building:levels": null, "capacity:persons": null, "operator:type": null, "school:type_idn": null, "website": null, "historic": null, "capacity": null, "delivery": null, "description": null, "outdoor_seating": null, "phone": null, "takeaway": null, "leisure": null, "emergency": null, "healthcare": null, "healthcare:speciality": null, "brand": null, "brand:wikidata": null, "brand:wikipedia": null, "short_name": null, "diet:halal": null, "branch": null, "email": null, "air_conditioning": null, "guest_house": null, "name:en": null, "addr:housename": null, "addr:province": null, "addr:unit": null, "addr:district": null, "addr:neighbourhood": null, "addr:subdistrict": null, "contact:instagram": null, "sport": null, "url": null, "old_name": null, "payment:cash": null, "payment:coins": null, "payment:ep_cash": null, "payment:visa": null, "payment:visa_debit": null, "building:roof": null, "building:structure": null, "building:walls": null, "access:roof": null, "hospital:type": null, "landuse": null, "height": null, "addr:street:sym_ul": null, "religion": null, "internet_access:ssid": null, "museum": null, "name:id": null, "wikimedia_commons": null, "school": null, "area": null, "tactile_paving": null, "wikidata": null, "since": null, "layer": null, "type": null, "path": "/home/perhanjay/QGIS/balikpapan_pois_pol_poi.gpkg" }, "geometry": { "type": "Point", "coordinates": [ 116.837184650000012, -1.27430845 ] } },
{ "type": "Feature", "properties": { "element": "way", "id": 575940660.0, "amenity": null, "name": "Oval kost / Guesthouse", "tourism": "guest_house", "cuisine": null, "addr:city": null, "addr:postcode": null, "addr:street": null, "shop": null, "addr:housenumber": null, "level": null, "smoking": null, "beds": null, "internet_access": null, "internet_access:fee": null, "operator": null, "rooms": null, "wheelchair": null, "stars": null, "opening_hours": null, "addr:full": null, "building": "yes", "building:levels": null, "capacity:persons": null, "operator:type": null, "school:type_idn": null, "website": null, "historic": null, "capacity": null, "delivery": null, "description": null, "outdoor_seating": null, "phone": null, "takeaway": null, "leisure": null, "emergency": null, "healthcare": null, "healthcare:speciality": null, "brand": null, "brand:wikidata": null, "brand:wikipedia": null, "short_name": null, "diet:halal": null, "branch": null, "email": null, "air_conditioning": null, "guest_house": null, "name:en": null, "addr:housename": null, "addr:province": null, "addr:unit": null, "addr:district": null, "addr:neighbourhood": null, "addr:subdistrict": null, "contact:instagram": null, "sport": null, "url": null, "old_name": null, "payment:cash": null, "payment:coins": null, "payment:ep_cash": null, "payment:visa": null, "payment:visa_debit": null, "building:roof": null, "building:structure": null, "building:walls": null, "access:roof": null, "hospital:type": null, "landuse": null, "height": null, "addr:street:sym_ul": null, "religion": null, "internet_access:ssid": null, "museum": null, "name:id": null, "wikimedia_commons": null, "school": null, "area": null, "tactile_paving": null, "wikidata": null, "since": null, "layer": null, "type": null, "path": "/home/perhanjay/QGIS/balikpapan_pois_pol_poi.gpkg" }, "geometry": { "type": "Point", "coordinates": [ 116.8383794, -1.26948495 ] } },
{ "type": "Feature", "properties": { "element": "way", "id": 575965157.0, "amenity": "restaurant", "name": "Ayam Geprek Alika - Karang Rejo", "tourism": null, "cuisine": null, "addr:city": null, "addr:postcode": null, "addr:street": null, "shop": null, "addr:housenumber": null, "level": null, "smoking": null, "beds": null, "internet_access": null, "internet_access:fee": null, "operator": null, "rooms": null, "wheelchair": null, "stars": null, "opening_hours": null, "addr:full": null, "building": "yes", "building:levels": null, "capacity:persons": null, "operator:type": null, "school:type_idn": null, "website": null, "historic": null, "capacity": null, "delivery": null, "description": null, "outdoor_seating": null, "phone": null, "takeaway": null, "leisure": null, "emergency": null, "healthcare": null, "healthcare:speciality": null, "brand": null, "brand:wikidata": null, "brand:wikipedia": null, "short_name": null, "diet:halal": null, "branch": null, "email": null, "air_conditioning": null, "guest_house": null, "name:en": null, "addr:housename": null, "addr:province": null, "addr:unit": null, "addr:district": null, "addr:neighbourhood": null, "addr:subdistrict": null, "contact:instagram": null, "sport": null, "url": null, "old_name": null, "payment:cash": null, "payment:coins": null, "payment:ep_cash": null, "payment:visa": null, "payment:visa_debit": null, "building:roof": null, "building:structure": null, "building:walls": null, "access:roof": null, "hospital:type": null, "landuse": null, "height": null, "addr:street:sym_ul": null, "religion": null, "internet_access:ssid": null, "museum": null, "name:id": null, "wikimedia_commons": null, "school": null, "area": null, "tactile_paving": null, "wikidata": null, "since": null, "layer": null, "type": null, "path": "/home/perhanjay/QGIS/balikpapan_pois_pol_poi.gpkg" }, "geometry": { "type": "Point", "coordinates": [ 116.837942833095539, -1.242060649458709 ] } },
{ "type": "Feature", "properties": { "element": "way", "id": 575981129.0, "amenity": null, "name": "Maxi Swalayan Gunung Pasir", "tourism": null, "cuisine": null, "addr:city": null, "addr:postcode": null, "addr:street": null, "shop": "supermarket", "addr:housenumber": null, "level": null, "smoking": null, "beds": null, "internet_access": null, "internet_access:fee": null, "operator": null, "rooms": null, "wheelchair": null, "stars": null, "opening_hours": null, "addr:full": null, "building": "yes", "building:levels": null, "capacity:persons": null, "operator:type": null, "school:type_idn": null, "website": null, "historic": null, "capacity": null, "delivery": null, "description": null, "outdoor_seating": null, "phone": null, "takeaway": null, "leisure": null, "emergency": null, "healthcare": null, "healthcare:speciality": null, "brand": null, "brand:wikidata": null, "brand:wikipedia": null, "short_name": null, "diet:halal": null, "branch": null, "email": null, "air_conditioning": null, "guest_house": null, "name:en": null, "addr:housename": null, "addr:province": null, "addr:unit": null, "addr:district": null, "addr:neighbourhood": null, "addr:subdistrict": null, "contact:instagram": null, "sport": null, "url": null, "old_name": null, "payment:cash": null, "payment:coins": null, "payment:ep_cash": null, "payment:visa": null, "payment:visa_debit": null, "building:roof": null, "building:structure": null, "building:walls": null, "access:roof": null, "hospital:type": null, "landuse": null, "height": null, "addr:street:sym_ul": null, "religion": null, "internet_access:ssid": null, "museum": null, "name:id": null, "wikimedia_commons": null, "school": null, "area": null, "tactile_paving": null, "wikidata": null, "since": null, "layer": null, "type": null, "path": "/home/perhanjay/QGIS/balikpapan_pois_pol_poi.gpkg" }, "geometry": { "type": "Point", "coordinates": [ 116.830656912436652, -1.272660806371718 ] } },
{ "type": "Feature", "properties": { "element": "way", "id": 575982437.0, "amenity": "restaurant", "name": "Pop Steak Gunung Pasir", "tourism": null, "cuisine": null, "addr:city": null, "addr:postcode": null, "addr:street": null, "shop": null, "addr:housenumber": null, "level": null, "smoking": null, "beds": null, "internet_access": null, "internet_access:fee": null, "operator": null, "rooms": null, "wheelchair": null, "stars": null, "opening_hours": null, "addr:full": null, "building": "yes", "building:levels": null, "capacity:persons": null, "operator:type": null, "school:type_idn": null, "website": null, "historic": null, "capacity": null, "delivery": null, "description": null, "outdoor_seating": null, "phone": null, "takeaway": null, "leisure": null, "emergency": null, "healthcare": null, "healthcare:speciality": null, "brand": null, "brand:wikidata": null, "brand:wikipedia": null, "short_name": null, "diet:halal": null, "branch": null, "email": null, "air_conditioning": null, "guest_house": null, "name:en": null, "addr:housename": null, "addr:province": null, "addr:unit": null, "addr:district": null, "addr:neighbourhood": null, "addr:subdistrict": null, "contact:instagram": null, "sport": null, "url": null, "old_name": null, "payment:cash": null, "payment:coins": null, "payment:ep_cash": null, "payment:visa": null, "payment:visa_debit": null, "building:roof": null, "building:structure": null, "building:walls": null, "access:roof": null, "hospital:type": null, "landuse": null, "height": null, "addr:street:sym_ul": null, "religion": null, "internet_access:ssid": null, "museum": null, "name:id": null, "wikimedia_commons": null, "school": null, "area": null, "tactile_paving": null, "wikidata": null, "since": null, "layer": null, "type": null, "path": "/home/perhanjay/QGIS/balikpapan_pois_pol_poi.gpkg" }, "geometry": { "type": "Point", "coordinates": [ 116.833822942870341, -1.26960808119756 ] } },
{ "type": "Feature", "properties": { "element": "way", "id": 575982914.0, "amenity": null, "name": "Pondok Garuda 62", "tourism": "hotel", "cuisine": null, "addr:city": null, "addr:postcode": null, "addr:street": null, "shop": null, "addr:housenumber": null, "level": null, "smoking": null, "beds": null, "internet_access": null, "internet_access:fee": null, "operator": null, "rooms": null, "wheelchair": null, "stars": null, "opening_hours": null, "addr:full": null, "building": "yes", "building:levels": null, "capacity:persons": null, "operator:type": null, "school:type_idn": null, "website": null, "historic": null, "capacity": null, "delivery": null, "description": null, "outdoor_seating": null, "phone": null, "takeaway": null, "leisure": null, "emergency": null, "healthcare": null, "healthcare:speciality": null, "brand": null, "brand:wikidata": null, "brand:wikipedia": null, "short_name": null, "diet:halal": null, "branch": null, "email": null, "air_conditioning": null, "guest_house": null, "name:en": null, "addr:housename": null, "addr:province": null, "addr:unit": null, "addr:district": null, "addr:neighbourhood": null, "addr:subdistrict": null, "contact:instagram": null, "sport": null, "url": null, "old_name": null, "payment:cash": null, "payment:coins": null, "payment:ep_cash": null, "payment:visa": null, "payment:visa_debit": null, "building:roof": null, "building:structure": null, "building:walls": null, "access:roof": null, "hospital:type": null, "landuse": null, "height": null, "addr:street:sym_ul": null, "religion": null, "internet_access:ssid": null, "museum": null, "name:id": null, "wikimedia_commons": null, "school": null, "area": null, "tactile_paving": null, "wikidata": null, "since": null, "layer": null, "type": null, "path": "/home/perhanjay/QGIS/balikpapan_pois_pol_poi.gpkg" }, "geometry": { "type": "Point", "coordinates": [ 116.83385295, -1.2742071 ] } },
{ "type": "Feature", "properties": { "element": "way", "id": 576009522.0, "amenity": "restaurant", "name": "Ayam Geprek 77", "tourism": null, "cuisine": null, "addr:city": null, "addr:postcode": null, "addr:street": null, "shop": null, "addr:housenumber": null, "level": null, "smoking": null, "beds": null, "internet_access": null, "internet_access:fee": null, "operator": null, "rooms": null, "wheelchair": null, "stars": null, "opening_hours": null, "addr:full": null, "building": "yes", "building:levels": null, "capacity:persons": null, "operator:type": null, "school:type_idn": null, "website": null, "historic": null, "capacity": null, "delivery": null, "description": null, "outdoor_seating": null, "phone": null, "takeaway": null, "leisure": null, "emergency": null, "healthcare": null, "healthcare:speciality": null, "brand": null, "brand:wikidata": null, "brand:wikipedia": null, "short_name": null, "diet:halal": null, "branch": null, "email": null, "air_conditioning": null, "guest_house": null, "name:en": null, "addr:housename": null, "addr:province": null, "addr:unit": null, "addr:district": null, "addr:neighbourhood": null, "addr:subdistrict": null, "contact:instagram": null, "sport": null, "url": null, "old_name": null, "payment:cash": null, "payment:coins": null, "payment:ep_cash": null, "payment:visa": null, "payment:visa_debit": null, "building:roof": null, "building:structure": null, "building:walls": null, "access:roof": null, "hospital:type": null, "landuse": null, "height": null, "addr:street:sym_ul": null, "religion": null, "internet_access:ssid": null, "museum": null, "name:id": null, "wikimedia_commons": null, "school": null, "area": null, "tactile_paving": null, "wikidata": null, "since": null, "layer": null, "type": null, "path": "/home/perhanjay/QGIS/balikpapan_pois_pol_poi.gpkg" }, "geometry": { "type": "Point", "coordinates": [ 116.843621850000019, -1.2159163 ] } },
{ "type": "Feature", "properties": { "element": "way", "id": 576467314.0, "amenity": "restaurant", "name": "Es Teller Durian Naufa Empek Empek Adaan - Muara Rapak", "tourism": null, "cuisine": null, "addr:city": null, "addr:postcode": null, "addr:street": null, "shop": null, "addr:housenumber": null, "level": null, "smoking": null, "beds": null, "internet_access": null, "internet_access:fee": null, "operator": null, "rooms": null, "wheelchair": null, "stars": null, "opening_hours": null, "addr:full": null, "building": "yes", "building:levels": null, "capacity:persons": null, "operator:type": null, "school:type_idn": null, "website": null, "historic": null, "capacity": null, "delivery": null, "description": null, "outdoor_seating": null, "phone": null, "takeaway": null, "leisure": null, "emergency": null, "healthcare": null, "healthcare:speciality": null, "brand": null, "brand:wikidata": null, "brand:wikipedia": null, "short_name": null, "diet:halal": null, "branch": null, "email": null, "air_conditioning": null, "guest_house": null, "name:en": null, "addr:housename": null, "addr:province": null, "addr:unit": null, "addr:district": null, "addr:neighbourhood": null, "addr:subdistrict": null, "contact:instagram": null, "sport": null, "url": null, "old_name": null, "payment:cash": null, "payment:coins": null, "payment:ep_cash": null, "payment:visa": null, "payment:visa_debit": null, "building:roof": null, "building:structure": null, "building:walls": null, "access:roof": null, "hospital:type": null, "landuse": null, "height": null, "addr:street:sym_ul": null, "religion": null, "internet_access:ssid": null, "museum": null, "name:id": null, "wikimedia_commons": null, "school": null, "area": null, "tactile_paving": null, "wikidata": null, "since": null, "layer": null, "type": null, "path": "/home/perhanjay/QGIS/balikpapan_pois_pol_poi.gpkg" }, "geometry": { "type": "Point", "coordinates": [ 116.835571545927195, -1.219993731459354 ] } },
{ "type": "Feature", "properties": { "element": "way", "id": 576538371.0, "amenity": "restaurant", "name": "Bubur Ayam Samarinda", "tourism": null, "cuisine": null, "addr:city": null, "addr:postcode": null, "addr:street": null, "shop": null, "addr:housenumber": null, "level": null, "smoking": null, "beds": null, "internet_access": null, "internet_access:fee": null, "operator": null, "rooms": null, "wheelchair": null, "stars": null, "opening_hours": null, "addr:full": null, "building": "yes", "building:levels": null, "capacity:persons": null, "operator:type": null, "school:type_idn": null, "website": null, "historic": null, "capacity": null, "delivery": null, "description": null, "outdoor_seating": null, "phone": null, "takeaway": null, "leisure": null, "emergency": null, "healthcare": null, "healthcare:speciality": null, "brand": null, "brand:wikidata": null, "brand:wikipedia": null, "short_name": null, "diet:halal": null, "branch": null, "email": null, "air_conditioning": null, "guest_house": null, "name:en": null, "addr:housename": null, "addr:province": null, "addr:unit": null, "addr:district": null, "addr:neighbourhood": null, "addr:subdistrict": null, "contact:instagram": null, "sport": null, "url": null, "old_name": null, "payment:cash": null, "payment:coins": null, "payment:ep_cash": null, "payment:visa": null, "payment:visa_debit": null, "building:roof": null, "building:structure": null, "building:walls": null, "access:roof": null, "hospital:type": null, "landuse": null, "height": null, "addr:street:sym_ul": null, "religion": null, "internet_access:ssid": null, "museum": null, "name:id": null, "wikimedia_commons": null, "school": null, "area": null, "tactile_paving": null, "wikidata": null, "since": null, "layer": null, "type": null, "path": "/home/perhanjay/QGIS/balikpapan_pois_pol_poi.gpkg" }, "geometry": { "type": "Point", "coordinates": [ 116.837322180312384, -1.264517473709533 ] } },
{ "type": "Feature", "properties": { "element": "way", "id": 576538555.0, "amenity": "restaurant", "name": "Ayam Geprek Pinpin - Gunung Sari Ilir", "tourism": null, "cuisine": null, "addr:city": null, "addr:postcode": null, "addr:street": null, "shop": null, "addr:housenumber": null, "level": null, "smoking": null, "beds": null, "internet_access": null, "internet_access:fee": null, "operator": null, "rooms": null, "wheelchair": null, "stars": null, "opening_hours": null, "addr:full": null, "building": "yes", "building:levels": null, "capacity:persons": null, "operator:type": null, "school:type_idn": null, "website": null, "historic": null, "capacity": null, "delivery": null, "description": null, "outdoor_seating": null, "phone": null, "takeaway": null, "leisure": null, "emergency": null, "healthcare": null, "healthcare:speciality": null, "brand": null, "brand:wikidata": null, "brand:wikipedia": null, "short_name": null, "diet:halal": null, "branch": null, "email": null, "air_conditioning": null, "guest_house": null, "name:en": null, "addr:housename": null, "addr:province": null, "addr:unit": null, "addr:district": null, "addr:neighbourhood": null, "addr:subdistrict": null, "contact:instagram": null, "sport": null, "url": null, "old_name": null, "payment:cash": null, "payment:coins": null, "payment:ep_cash": null, "payment:visa": null, "payment:visa_debit": null, "building:roof": null, "building:structure": null, "building:walls": null, "access:roof": null, "hospital:type": null, "landuse": null, "height": null, "addr:street:sym_ul": null, "religion": null, "internet_access:ssid": null, "museum": null, "name:id": null, "wikimedia_commons": null, "school": null, "area": null, "tactile_paving": null, "wikidata": null, "since": null, "layer": null, "type": null, "path": "/home/perhanjay/QGIS/balikpapan_pois_pol_poi.gpkg" }, "geometry": { "type": "Point", "coordinates": [ 116.836594903961156, -1.265694721398744 ] } },
{ "type": "Feature", "properties": { "element": "way", "id": 576579836.0, "amenity": "restaurant", "name": "Sate Sony Gelora - Telaga Sari", "tourism": null, "cuisine": null, "addr:city": null, "addr:postcode": null, "addr:street": null, "shop": null, "addr:housenumber": null, "level": null, "smoking": null, "beds": null, "internet_access": null, "internet_access:fee": null, "operator": null, "rooms": null, "wheelchair": null, "stars": null, "opening_hours": null, "addr:full": null, "building": "yes", "building:levels": null, "capacity:persons": null, "operator:type": null, "school:type_idn": null, "website": null, "historic": null, "capacity": null, "delivery": null, "description": null, "outdoor_seating": null, "phone": null, "takeaway": null, "leisure": null, "emergency": null, "healthcare": null, "healthcare:speciality": null, "brand": null, "brand:wikidata": null, "brand:wikipedia": null, "short_name": null, "diet:halal": null, "branch": null, "email": null, "air_conditioning": null, "guest_house": null, "name:en": null, "addr:housename": null, "addr:province": null, "addr:unit": null, "addr:district": null, "addr:neighbourhood": null, "addr:subdistrict": null, "contact:instagram": null, "sport": null, "url": null, "old_name": null, "payment:cash": null, "payment:coins": null, "payment:ep_cash": null, "payment:visa": null, "payment:visa_debit": null, "building:roof": null, "building:structure": null, "building:walls": null, "access:roof": null, "hospital:type": null, "landuse": null, "height": null, "addr:street:sym_ul": null, "religion": null, "internet_access:ssid": null, "museum": null, "name:id": null, "wikimedia_commons": null, "school": null, "area": null, "tactile_paving": null, "wikidata": null, "since": null, "layer": null, "type": null, "path": "/home/perhanjay/QGIS/balikpapan_pois_pol_poi.gpkg" }, "geometry": { "type": "Point", "coordinates": [ 116.83152002887276, -1.267447605674524 ] } },
{ "type": "Feature", "properties": { "element": "way", "id": 576630786.0, "amenity": null, "name": "bolton", "tourism": null, "cuisine": null, "addr:city": null, "addr:postcode": null, "addr:street": null, "shop": null, "addr:housenumber": null, "level": null, "smoking": null, "beds": null, "internet_access": null, "internet_access:fee": null, "operator": null, "rooms": null, "wheelchair": null, "stars": null, "opening_hours": null, "addr:full": null, "building": null, "building:levels": null, "capacity:persons": null, "operator:type": null, "school:type_idn": null, "website": null, "historic": null, "capacity": null, "delivery": null, "description": null, "outdoor_seating": null, "phone": null, "takeaway": null, "leisure": "park", "emergency": null, "healthcare": null, "healthcare:speciality": null, "brand": null, "brand:wikidata": null, "brand:wikipedia": null, "short_name": null, "diet:halal": null, "branch": null, "email": null, "air_conditioning": null, "guest_house": null, "name:en": null, "addr:housename": null, "addr:province": null, "addr:unit": null, "addr:district": null, "addr:neighbourhood": null, "addr:subdistrict": null, "contact:instagram": null, "sport": null, "url": null, "old_name": null, "payment:cash": null, "payment:coins": null, "payment:ep_cash": null, "payment:visa": null, "payment:visa_debit": null, "building:roof": null, "building:structure": null, "building:walls": null, "access:roof": null, "hospital:type": null, "landuse": null, "height": null, "addr:street:sym_ul": null, "religion": null, "internet_access:ssid": null, "museum": null, "name:id": null, "wikimedia_commons": null, "school": null, "area": null, "tactile_paving": null, "wikidata": null, "since": null, "layer": null, "type": null, "path": "/home/perhanjay/QGIS/balikpapan_pois_pol_poi.gpkg" }, "geometry": { "type": "Point", "coordinates": [ 116.938094853824452, -1.233430967129412 ] } },
{ "type": "Feature", "properties": { "element": "way", "id": 576754095.0, "amenity": null, "name": "Maxi Swalayan Manggar", "tourism": null, "cuisine": null, "addr:city": null, "addr:postcode": null, "addr:street": null, "shop": "supermarket", "addr:housenumber": null, "level": null, "smoking": null, "beds": null, "internet_access": null, "internet_access:fee": null, "operator": null, "rooms": null, "wheelchair": null, "stars": null, "opening_hours": null, "addr:full": null, "building": "yes", "building:levels": null, "capacity:persons": null, "operator:type": null, "school:type_idn": null, "website": null, "historic": null, "capacity": null, "delivery": null, "description": null, "outdoor_seating": null, "phone": null, "takeaway": null, "leisure": null, "emergency": null, "healthcare": null, "healthcare:speciality": null, "brand": null, "brand:wikidata": null, "brand:wikipedia": null, "short_name": null, "diet:halal": null, "branch": null, "email": null, "air_conditioning": null, "guest_house": null, "name:en": null, "addr:housename": null, "addr:province": null, "addr:unit": null, "addr:district": null, "addr:neighbourhood": null, "addr:subdistrict": null, "contact:instagram": null, "sport": null, "url": null, "old_name": null, "payment:cash": null, "payment:coins": null, "payment:ep_cash": null, "payment:visa": null, "payment:visa_debit": null, "building:roof": null, "building:structure": null, "building:walls": null, "access:roof": null, "hospital:type": null, "landuse": null, "height": null, "addr:street:sym_ul": null, "religion": null, "internet_access:ssid": null, "museum": null, "name:id": null, "wikimedia_commons": null, "school": null, "area": null, "tactile_paving": null, "wikidata": null, "since": null, "layer": null, "type": null, "path": "/home/perhanjay/QGIS/balikpapan_pois_pol_poi.gpkg" }, "geometry": { "type": "Point", "coordinates": [ 116.963878165140983, -1.223698645125394 ] } },
{ "type": "Feature", "properties": { "element": "way", "id": 576754116.0, "amenity": "restaurant", "name": "Ikan Bakar Laut Makassar - Manggar", "tourism": null, "cuisine": null, "addr:city": null, "addr:postcode": null, "addr:street": null, "shop": null, "addr:housenumber": null, "level": null, "smoking": null, "beds": null, "internet_access": null, "internet_access:fee": null, "operator": null, "rooms": null, "wheelchair": null, "stars": null, "opening_hours": null, "addr:full": null, "building": "yes", "building:levels": null, "capacity:persons": null, "operator:type": null, "school:type_idn": null, "website": null, "historic": null, "capacity": null, "delivery": null, "description": null, "outdoor_seating": null, "phone": null, "takeaway": null, "leisure": null, "emergency": null, "healthcare": null, "healthcare:speciality": null, "brand": null, "brand:wikidata": null, "brand:wikipedia": null, "short_name": null, "diet:halal": null, "branch": null, "email": null, "air_conditioning": null, "guest_house": null, "name:en": null, "addr:housename": null, "addr:province": null, "addr:unit": null, "addr:district": null, "addr:neighbourhood": null, "addr:subdistrict": null, "contact:instagram": null, "sport": null, "url": null, "old_name": null, "payment:cash": null, "payment:coins": null, "payment:ep_cash": null, "payment:visa": null, "payment:visa_debit": null, "building:roof": null, "building:structure": null, "building:walls": null, "access:roof": null, "hospital:type": null, "landuse": null, "height": null, "addr:street:sym_ul": null, "religion": null, "internet_access:ssid": null, "museum": null, "name:id": null, "wikimedia_commons": null, "school": null, "area": null, "tactile_paving": null, "wikidata": null, "since": null, "layer": null, "type": null, "path": "/home/perhanjay/QGIS/balikpapan_pois_pol_poi.gpkg" }, "geometry": { "type": "Point", "coordinates": [ 116.963724384962603, -1.224212207468914 ] } },
{ "type": "Feature", "properties": { "element": "way", "id": 576790275.0, "amenity": "restaurant", "name": "Mie Granat Balikpapan", "tourism": null, "cuisine": null, "addr:city": null, "addr:postcode": null, "addr:street": null, "shop": null, "addr:housenumber": null, "level": null, "smoking": null, "beds": null, "internet_access": null, "internet_access:fee": null, "operator": null, "rooms": null, "wheelchair": null, "stars": null, "opening_hours": null, "addr:full": null, "building": "yes", "building:levels": null, "capacity:persons": null, "operator:type": null, "school:type_idn": null, "website": null, "historic": null, "capacity": null, "delivery": null, "description": null, "outdoor_seating": null, "phone": null, "takeaway": null, "leisure": null, "emergency": null, "healthcare": null, "healthcare:speciality": null, "brand": null, "brand:wikidata": null, "brand:wikipedia": null, "short_name": null, "diet:halal": null, "branch": null, "email": null, "air_conditioning": null, "guest_house": null, "name:en": null, "addr:housename": null, "addr:province": null, "addr:unit": null, "addr:district": null, "addr:neighbourhood": null, "addr:subdistrict": null, "contact:instagram": null, "sport": null, "url": null, "old_name": null, "payment:cash": null, "payment:coins": null, "payment:ep_cash": null, "payment:visa": null, "payment:visa_debit": null, "building:roof": null, "building:structure": null, "building:walls": null, "access:roof": null, "hospital:type": null, "landuse": null, "height": null, "addr:street:sym_ul": null, "religion": null, "internet_access:ssid": null, "museum": null, "name:id": null, "wikimedia_commons": null, "school": null, "area": null, "tactile_paving": null, "wikidata": null, "since": null, "layer": null, "type": null, "path": "/home/perhanjay/QGIS/balikpapan_pois_pol_poi.gpkg" }, "geometry": { "type": "Point", "coordinates": [ 116.836753299999984, -1.2381721 ] } },
{ "type": "Feature", "properties": { "element": "way", "id": 576999516.0, "amenity": "cafe", "name": "Angkringan Pemuda KNPI Balikpapan", "tourism": null, "cuisine": null, "addr:city": "Balikpapan", "addr:postcode": "76114", "addr:street": "Jalan Manuntung", "shop": null, "addr:housenumber": "No 01", "level": null, "smoking": null, "beds": null, "internet_access": "yes", "internet_access:fee": null, "operator": null, "rooms": null, "wheelchair": null, "stars": null, "opening_hours": null, "addr:full": null, "building": "yes", "building:levels": null, "capacity:persons": null, "operator:type": null, "school:type_idn": null, "website": null, "historic": null, "capacity": null, "delivery": null, "description": null, "outdoor_seating": null, "phone": "+6281254801571", "takeaway": null, "leisure": null, "emergency": null, "healthcare": null, "healthcare:speciality": null, "brand": null, "brand:wikidata": null, "brand:wikipedia": null, "short_name": null, "diet:halal": null, "branch": null, "email": null, "air_conditioning": null, "guest_house": null, "name:en": null, "addr:housename": null, "addr:province": null, "addr:unit": null, "addr:district": null, "addr:neighbourhood": null, "addr:subdistrict": null, "contact:instagram": null, "sport": null, "url": null, "old_name": null, "payment:cash": null, "payment:coins": null, "payment:ep_cash": null, "payment:visa": null, "payment:visa_debit": null, "building:roof": null, "building:structure": null, "building:walls": null, "access:roof": null, "hospital:type": null, "landuse": null, "height": null, "addr:street:sym_ul": null, "religion": null, "internet_access:ssid": "Angkringan Pemuda", "museum": null, "name:id": null, "wikimedia_commons": null, "school": null, "area": null, "tactile_paving": null, "wikidata": null, "since": null, "layer": null, "type": null, "path": "/home/perhanjay/QGIS/balikpapan_pois_pol_poi.gpkg" }, "geometry": { "type": "Point", "coordinates": [ 116.891019704394139, -1.241881950720655 ] } },
{ "type": "Feature", "properties": { "element": "way", "id": 577000139.0, "amenity": null, "name": "Guest House Berkah", "tourism": "guest_house", "cuisine": null, "addr:city": null, "addr:postcode": null, "addr:street": null, "shop": null, "addr:housenumber": null, "level": null, "smoking": null, "beds": null, "internet_access": null, "internet_access:fee": null, "operator": null, "rooms": null, "wheelchair": null, "stars": null, "opening_hours": null, "addr:full": null, "building": "yes", "building:levels": null, "capacity:persons": null, "operator:type": null, "school:type_idn": null, "website": null, "historic": null, "capacity": null, "delivery": null, "description": null, "outdoor_seating": null, "phone": null, "takeaway": null, "leisure": null, "emergency": null, "healthcare": null, "healthcare:speciality": null, "brand": null, "brand:wikidata": null, "brand:wikipedia": null, "short_name": null, "diet:halal": null, "branch": null, "email": null, "air_conditioning": null, "guest_house": null, "name:en": null, "addr:housename": null, "addr:province": null, "addr:unit": null, "addr:district": null, "addr:neighbourhood": null, "addr:subdistrict": null, "contact:instagram": null, "sport": null, "url": null, "old_name": null, "payment:cash": null, "payment:coins": null, "payment:ep_cash": null, "payment:visa": null, "payment:visa_debit": null, "building:roof": null, "building:structure": null, "building:walls": null, "access:roof": null, "hospital:type": null, "landuse": null, "height": null, "addr:street:sym_ul": null, "religion": null, "internet_access:ssid": null, "museum": null, "name:id": null, "wikimedia_commons": null, "school": null, "area": null, "tactile_paving": null, "wikidata": null, "since": null, "layer": null, "type": null, "path": "/home/perhanjay/QGIS/balikpapan_pois_pol_poi.gpkg" }, "geometry": { "type": "Point", "coordinates": [ 116.88864144999998, -1.24290435 ] } },
{ "type": "Feature", "properties": { "element": "way", "id": 577000436.0, "amenity": null, "name": "Selo Makmur", "tourism": "hostel", "cuisine": null, "addr:city": null, "addr:postcode": null, "addr:street": null, "shop": null, "addr:housenumber": null, "level": null, "smoking": null, "beds": null, "internet_access": null, "internet_access:fee": null, "operator": null, "rooms": null, "wheelchair": null, "stars": null, "opening_hours": null, "addr:full": null, "building": "yes", "building:levels": null, "capacity:persons": null, "operator:type": null, "school:type_idn": null, "website": null, "historic": null, "capacity": null, "delivery": null, "description": null, "outdoor_seating": null, "phone": null, "takeaway": null, "leisure": null, "emergency": null, "healthcare": null, "healthcare:speciality": null, "brand": null, "brand:wikidata": null, "brand:wikipedia": null, "short_name": null, "diet:halal": null, "branch": null, "email": null, "air_conditioning": null, "guest_house": null, "name:en": null, "addr:housename": null, "addr:province": null, "addr:unit": null, "addr:district": null, "addr:neighbourhood": null, "addr:subdistrict": null, "contact:instagram": null, "sport": null, "url": null, "old_name": null, "payment:cash": null, "payment:coins": null, "payment:ep_cash": null, "payment:visa": null, "payment:visa_debit": null, "building:roof": null, "building:structure": null, "building:walls": null, "access:roof": null, "hospital:type": null, "landuse": null, "height": null, "addr:street:sym_ul": null, "religion": null, "internet_access:ssid": null, "museum": null, "name:id": null, "wikimedia_commons": null, "school": null, "area": null, "tactile_paving": null, "wikidata": null, "since": null, "layer": null, "type": null, "path": "/home/perhanjay/QGIS/balikpapan_pois_pol_poi.gpkg" }, "geometry": { "type": "Point", "coordinates": [ 116.890330098799012, -1.246154659073026 ] } },
{ "type": "Feature", "properties": { "element": "way", "id": 577124138.0, "amenity": "restaurant", "name": "Pisang Keju Crepes Corner - Gunung Bahagia", "tourism": null, "cuisine": null, "addr:city": null, "addr:postcode": null, "addr:street": null, "shop": null, "addr:housenumber": null, "level": null, "smoking": null, "beds": null, "internet_access": null, "internet_access:fee": null, "operator": null, "rooms": null, "wheelchair": null, "stars": null, "opening_hours": null, "addr:full": null, "building": "yes", "building:levels": null, "capacity:persons": null, "operator:type": null, "school:type_idn": null, "website": null, "historic": null, "capacity": null, "delivery": null, "description": null, "outdoor_seating": null, "phone": null, "takeaway": null, "leisure": null, "emergency": null, "healthcare": null, "healthcare:speciality": null, "brand": null, "brand:wikidata": null, "brand:wikipedia": null, "short_name": null, "diet:halal": null, "branch": null, "email": null, "air_conditioning": null, "guest_house": null, "name:en": null, "addr:housename": null, "addr:province": null, "addr:unit": null, "addr:district": null, "addr:neighbourhood": null, "addr:subdistrict": null, "contact:instagram": null, "sport": null, "url": null, "old_name": null, "payment:cash": null, "payment:coins": null, "payment:ep_cash": null, "payment:visa": null, "payment:visa_debit": null, "building:roof": null, "building:structure": null, "building:walls": null, "access:roof": null, "hospital:type": null, "landuse": null, "height": null, "addr:street:sym_ul": null, "religion": null, "internet_access:ssid": null, "museum": null, "name:id": null, "wikimedia_commons": null, "school": null, "area": null, "tactile_paving": null, "wikidata": null, "since": null, "layer": null, "type": null, "path": "/home/perhanjay/QGIS/balikpapan_pois_pol_poi.gpkg" }, "geometry": { "type": "Point", "coordinates": [ 116.874732320098033, -1.243730565787773 ] } },
{ "type": "Feature", "properties": { "element": "way", "id": 577124210.0, "amenity": "restaurant", "name": "Coto Makassar H Judding", "tourism": null, "cuisine": null, "addr:city": null, "addr:postcode": null, "addr:street": null, "shop": null, "addr:housenumber": null, "level": null, "smoking": null, "beds": null, "internet_access": null, "internet_access:fee": null, "operator": null, "rooms": null, "wheelchair": null, "stars": null, "opening_hours": null, "addr:full": null, "building": "yes", "building:levels": null, "capacity:persons": null, "operator:type": null, "school:type_idn": null, "website": null, "historic": null, "capacity": null, "delivery": null, "description": null, "outdoor_seating": null, "phone": null, "takeaway": null, "leisure": null, "emergency": null, "healthcare": null, "healthcare:speciality": null, "brand": null, "brand:wikidata": null, "brand:wikipedia": null, "short_name": null, "diet:halal": null, "branch": null, "email": null, "air_conditioning": null, "guest_house": null, "name:en": null, "addr:housename": null, "addr:province": null, "addr:unit": null, "addr:district": null, "addr:neighbourhood": null, "addr:subdistrict": null, "contact:instagram": null, "sport": null, "url": null, "old_name": null, "payment:cash": null, "payment:coins": null, "payment:ep_cash": null, "payment:visa": null, "payment:visa_debit": null, "building:roof": null, "building:structure": null, "building:walls": null, "access:roof": null, "hospital:type": null, "landuse": null, "height": null, "addr:street:sym_ul": null, "religion": null, "internet_access:ssid": null, "museum": null, "name:id": null, "wikimedia_commons": null, "school": null, "area": null, "tactile_paving": null, "wikidata": null, "since": null, "layer": null, "type": null, "path": "/home/perhanjay/QGIS/balikpapan_pois_pol_poi.gpkg" }, "geometry": { "type": "Point", "coordinates": [ 116.880793992977601, -1.241889575164199 ] } },
{ "type": "Feature", "properties": { "element": "way", "id": 577124378.0, "amenity": null, "name": "Hotel Golden Son", "tourism": "hotel", "cuisine": null, "addr:city": null, "addr:postcode": null, "addr:street": null, "shop": null, "addr:housenumber": null, "level": null, "smoking": null, "beds": null, "internet_access": null, "internet_access:fee": null, "operator": null, "rooms": null, "wheelchair": null, "stars": null, "opening_hours": null, "addr:full": null, "building": "yes", "building:levels": null, "capacity:persons": null, "operator:type": null, "school:type_idn": null, "website": null, "historic": null, "capacity": null, "delivery": null, "description": null, "outdoor_seating": null, "phone": null, "takeaway": null, "leisure": null, "emergency": null, "healthcare": null, "healthcare:speciality": null, "brand": null, "brand:wikidata": null, "brand:wikipedia": null, "short_name": null, "diet:halal": null, "branch": null, "email": null, "air_conditioning": null, "guest_house": null, "name:en": null, "addr:housename": null, "addr:province": null, "addr:unit": null, "addr:district": null, "addr:neighbourhood": null, "addr:subdistrict": null, "contact:instagram": null, "sport": null, "url": null, "old_name": null, "payment:cash": null, "payment:coins": null, "payment:ep_cash": null, "payment:visa": null, "payment:visa_debit": null, "building:roof": null, "building:structure": null, "building:walls": null, "access:roof": null, "hospital:type": null, "landuse": null, "height": null, "addr:street:sym_ul": null, "religion": null, "internet_access:ssid": null, "museum": null, "name:id": null, "wikimedia_commons": null, "school": null, "area": null, "tactile_paving": null, "wikidata": null, "since": null, "layer": null, "type": null, "path": "/home/perhanjay/QGIS/balikpapan_pois_pol_poi.gpkg" }, "geometry": { "type": "Point", "coordinates": [ 116.879513461951376, -1.242307475819709 ] } },
{ "type": "Feature", "properties": { "element": "way", "id": 577192856.0, "amenity": null, "name": "Hotel Bandara Internasional", "tourism": "hotel", "cuisine": null, "addr:city": null, "addr:postcode": null, "addr:street": null, "shop": null, "addr:housenumber": null, "level": null, "smoking": null, "beds": null, "internet_access": null, "internet_access:fee": null, "operator": null, "rooms": null, "wheelchair": null, "stars": null, "opening_hours": null, "addr:full": null, "building": "yes", "building:levels": null, "capacity:persons": null, "operator:type": null, "school:type_idn": null, "website": null, "historic": null, "capacity": null, "delivery": null, "description": null, "outdoor_seating": null, "phone": null, "takeaway": null, "leisure": null, "emergency": null, "healthcare": null, "healthcare:speciality": null, "brand": null, "brand:wikidata": null, "brand:wikipedia": null, "short_name": null, "diet:halal": null, "branch": null, "email": null, "air_conditioning": null, "guest_house": null, "name:en": null, "addr:housename": null, "addr:province": null, "addr:unit": null, "addr:district": null, "addr:neighbourhood": null, "addr:subdistrict": null, "contact:instagram": null, "sport": null, "url": null, "old_name": null, "payment:cash": null, "payment:coins": null, "payment:ep_cash": null, "payment:visa": null, "payment:visa_debit": null, "building:roof": null, "building:structure": null, "building:walls": null, "access:roof": null, "hospital:type": null, "landuse": null, "height": null, "addr:street:sym_ul": null, "religion": null, "internet_access:ssid": null, "museum": null, "name:id": null, "wikimedia_commons": null, "school": null, "area": null, "tactile_paving": null, "wikidata": null, "since": null, "layer": null, "type": null, "path": "/home/perhanjay/QGIS/balikpapan_pois_pol_poi.gpkg" }, "geometry": { "type": "Point", "coordinates": [ 116.883606887422431, -1.265980947315912 ] } },
{ "type": "Feature", "properties": { "element": "way", "id": 577192865.0, "amenity": null, "name": "Pondokan Nadita", "tourism": "hotel", "cuisine": null, "addr:city": null, "addr:postcode": null, "addr:street": null, "shop": null, "addr:housenumber": null, "level": null, "smoking": null, "beds": null, "internet_access": null, "internet_access:fee": null, "operator": null, "rooms": null, "wheelchair": null, "stars": null, "opening_hours": null, "addr:full": null, "building": "yes", "building:levels": null, "capacity:persons": null, "operator:type": null, "school:type_idn": null, "website": null, "historic": null, "capacity": null, "delivery": null, "description": null, "outdoor_seating": null, "phone": null, "takeaway": null, "leisure": null, "emergency": null, "healthcare": null, "healthcare:speciality": null, "brand": null, "brand:wikidata": null, "brand:wikipedia": null, "short_name": null, "diet:halal": null, "branch": null, "email": null, "air_conditioning": null, "guest_house": null, "name:en": null, "addr:housename": null, "addr:province": null, "addr:unit": null, "addr:district": null, "addr:neighbourhood": null, "addr:subdistrict": null, "contact:instagram": null, "sport": null, "url": null, "old_name": null, "payment:cash": null, "payment:coins": null, "payment:ep_cash": null, "payment:visa": null, "payment:visa_debit": null, "building:roof": null, "building:structure": null, "building:walls": null, "access:roof": null, "hospital:type": null, "landuse": null, "height": null, "addr:street:sym_ul": null, "religion": null, "internet_access:ssid": null, "museum": null, "name:id": null, "wikimedia_commons": null, "school": null, "area": null, "tactile_paving": null, "wikidata": null, "since": null, "layer": null, "type": null, "path": "/home/perhanjay/QGIS/balikpapan_pois_pol_poi.gpkg" }, "geometry": { "type": "Point", "coordinates": [ 116.886540884126489, -1.263277001249048 ] } },
{ "type": "Feature", "properties": { "element": "way", "id": 577192998.0, "amenity": "restaurant", "name": "Restoran Kepiting Kenari", "tourism": null, "cuisine": null, "addr:city": null, "addr:postcode": null, "addr:street": null, "shop": null, "addr:housenumber": null, "level": null, "smoking": null, "beds": null, "internet_access": null, "internet_access:fee": null, "operator": null, "rooms": null, "wheelchair": null, "stars": null, "opening_hours": null, "addr:full": null, "building": "yes", "building:levels": null, "capacity:persons": null, "operator:type": null, "school:type_idn": null, "website": null, "historic": null, "capacity": null, "delivery": null, "description": null, "outdoor_seating": null, "phone": null, "takeaway": null, "leisure": null, "emergency": null, "healthcare": null, "healthcare:speciality": null, "brand": null, "brand:wikidata": null, "brand:wikipedia": null, "short_name": null, "diet:halal": null, "branch": null, "email": null, "air_conditioning": null, "guest_house": null, "name:en": null, "addr:housename": null, "addr:province": null, "addr:unit": null, "addr:district": null, "addr:neighbourhood": null, "addr:subdistrict": null, "contact:instagram": null, "sport": null, "url": null, "old_name": null, "payment:cash": null, "payment:coins": null, "payment:ep_cash": null, "payment:visa": null, "payment:visa_debit": null, "building:roof": null, "building:structure": null, "building:walls": null, "access:roof": null, "hospital:type": null, "landuse": null, "height": null, "addr:street:sym_ul": null, "religion": null, "internet_access:ssid": null, "museum": null, "name:id": null, "wikimedia_commons": null, "school": null, "area": null, "tactile_paving": null, "wikidata": null, "since": null, "layer": null, "type": null, "path": "/home/perhanjay/QGIS/balikpapan_pois_pol_poi.gpkg" }, "geometry": { "type": "Point", "coordinates": [ 116.877947755872015, -1.267561646083272 ] } },
{ "type": "Feature", "properties": { "element": "way", "id": 577193559.0, "amenity": "restaurant", "name": "Restoran Kepiting Saos Dandito", "tourism": null, "cuisine": null, "addr:city": null, "addr:postcode": null, "addr:street": null, "shop": null, "addr:housenumber": null, "level": null, "smoking": null, "beds": null, "internet_access": null, "internet_access:fee": null, "operator": null, "rooms": null, "wheelchair": null, "stars": null, "opening_hours": null, "addr:full": null, "building": "yes", "building:levels": null, "capacity:persons": null, "operator:type": null, "school:type_idn": null, "website": null, "historic": null, "capacity": null, "delivery": null, "description": null, "outdoor_seating": null, "phone": null, "takeaway": null, "leisure": null, "emergency": null, "healthcare": null, "healthcare:speciality": null, "brand": null, "brand:wikidata": null, "brand:wikipedia": null, "short_name": null, "diet:halal": null, "branch": null, "email": null, "air_conditioning": null, "guest_house": null, "name:en": null, "addr:housename": null, "addr:province": null, "addr:unit": null, "addr:district": null, "addr:neighbourhood": null, "addr:subdistrict": null, "contact:instagram": null, "sport": null, "url": null, "old_name": null, "payment:cash": null, "payment:coins": null, "payment:ep_cash": null, "payment:visa": null, "payment:visa_debit": null, "building:roof": null, "building:structure": null, "building:walls": null, "access:roof": null, "hospital:type": null, "landuse": null, "height": null, "addr:street:sym_ul": null, "religion": null, "internet_access:ssid": null, "museum": null, "name:id": null, "wikimedia_commons": null, "school": null, "area": null, "tactile_paving": null, "wikidata": null, "since": null, "layer": null, "type": null, "path": "/home/perhanjay/QGIS/balikpapan_pois_pol_poi.gpkg" }, "geometry": { "type": "Point", "coordinates": [ 116.880750049999989, -1.2679143 ] } },
{ "type": "Feature", "properties": { "element": "way", "id": 577194607.0, "amenity": "restaurant", "name": "Nasi Goreng Arema BDS - Gunung Bahagia", "tourism": null, "cuisine": null, "addr:city": null, "addr:postcode": null, "addr:street": null, "shop": null, "addr:housenumber": null, "level": null, "smoking": null, "beds": null, "internet_access": null, "internet_access:fee": null, "operator": null, "rooms": null, "wheelchair": null, "stars": null, "opening_hours": null, "addr:full": null, "building": "yes", "building:levels": null, "capacity:persons": null, "operator:type": null, "school:type_idn": null, "website": null, "historic": null, "capacity": null, "delivery": null, "description": null, "outdoor_seating": null, "phone": null, "takeaway": null, "leisure": null, "emergency": null, "healthcare": null, "healthcare:speciality": null, "brand": null, "brand:wikidata": null, "brand:wikipedia": null, "short_name": null, "diet:halal": null, "branch": null, "email": null, "air_conditioning": null, "guest_house": null, "name:en": null, "addr:housename": null, "addr:province": null, "addr:unit": null, "addr:district": null, "addr:neighbourhood": null, "addr:subdistrict": null, "contact:instagram": null, "sport": null, "url": null, "old_name": null, "payment:cash": null, "payment:coins": null, "payment:ep_cash": null, "payment:visa": null, "payment:visa_debit": null, "building:roof": null, "building:structure": null, "building:walls": null, "access:roof": null, "hospital:type": null, "landuse": null, "height": null, "addr:street:sym_ul": null, "religion": null, "internet_access:ssid": null, "museum": null, "name:id": null, "wikimedia_commons": null, "school": null, "area": null, "tactile_paving": null, "wikidata": null, "since": null, "layer": null, "type": null, "path": "/home/perhanjay/QGIS/balikpapan_pois_pol_poi.gpkg" }, "geometry": { "type": "Point", "coordinates": [ 116.875041981780015, -1.262827425994627 ] } },
{ "type": "Feature", "properties": { "element": "way", "id": 577194990.0, "amenity": null, "name": "Dahor Heritage Balikpapan", "tourism": "museum", "cuisine": null, "addr:city": "Balikpapan", "addr:postcode": "76123", "addr:street": "Jalan Dahor 1", "shop": null, "addr:housenumber": "1", "level": null, "smoking": null, "beds": null, "internet_access": null, "internet_access:fee": null, "operator": "Pertamina", "rooms": null, "wheelchair": null, "stars": null, "opening_hours": "Mo-Fr 09:00-17:00", "addr:full": null, "building": "yes", "building:levels": "1", "capacity:persons": null, "operator:type": "public/government", "school:type_idn": null, "website": null, "historic": null, "capacity": null, "delivery": null, "description": null, "outdoor_seating": null, "phone": null, "takeaway": null, "leisure": null, "emergency": null, "healthcare": null, "healthcare:speciality": null, "brand": null, "brand:wikidata": null, "brand:wikipedia": null, "short_name": null, "diet:halal": null, "branch": null, "email": null, "air_conditioning": null, "guest_house": null, "name:en": null, "addr:housename": null, "addr:province": null, "addr:unit": null, "addr:district": null, "addr:neighbourhood": null, "addr:subdistrict": null, "contact:instagram": null, "sport": null, "url": null, "old_name": null, "payment:cash": null, "payment:coins": null, "payment:ep_cash": null, "payment:visa": null, "payment:visa_debit": null, "building:roof": null, "building:structure": null, "building:walls": null, "access:roof": null, "hospital:type": null, "landuse": null, "height": null, "addr:street:sym_ul": null, "religion": null, "internet_access:ssid": null, "museum": "living_history", "name:id": "Rumah Cagar Budaya Dahor Balikpapan", "wikimedia_commons": "File:Rumah_Dahor_Balikpapan.JPG", "school": null, "area": null, "tactile_paving": null, "wikidata": null, "since": null, "layer": null, "type": null, "path": "/home/perhanjay/QGIS/balikpapan_pois_pol_poi.gpkg" }, "geometry": { "type": "Point", "coordinates": [ 116.825929342070296, -1.235515963896715 ] } },
{ "type": "Feature", "properties": { "element": "way", "id": 577237178.0, "amenity": "restaurant", "name": "Pakde Gembul - Muara Rapak", "tourism": null, "cuisine": null, "addr:city": null, "addr:postcode": null, "addr:street": null, "shop": null, "addr:housenumber": null, "level": null, "smoking": null, "beds": null, "internet_access": null, "internet_access:fee": null, "operator": null, "rooms": null, "wheelchair": null, "stars": null, "opening_hours": null, "addr:full": null, "building": "yes", "building:levels": null, "capacity:persons": null, "operator:type": null, "school:type_idn": null, "website": null, "historic": null, "capacity": null, "delivery": null, "description": null, "outdoor_seating": null, "phone": null, "takeaway": null, "leisure": null, "emergency": null, "healthcare": null, "healthcare:speciality": null, "brand": null, "brand:wikidata": null, "brand:wikipedia": null, "short_name": null, "diet:halal": null, "branch": null, "email": null, "air_conditioning": null, "guest_house": null, "name:en": null, "addr:housename": null, "addr:province": null, "addr:unit": null, "addr:district": null, "addr:neighbourhood": null, "addr:subdistrict": null, "contact:instagram": null, "sport": null, "url": null, "old_name": null, "payment:cash": null, "payment:coins": null, "payment:ep_cash": null, "payment:visa": null, "payment:visa_debit": null, "building:roof": null, "building:structure": null, "building:walls": null, "access:roof": null, "hospital:type": null, "landuse": null, "height": null, "addr:street:sym_ul": null, "religion": null, "internet_access:ssid": null, "museum": null, "name:id": null, "wikimedia_commons": null, "school": null, "area": null, "tactile_paving": null, "wikidata": null, "since": null, "layer": null, "type": null, "path": "/home/perhanjay/QGIS/balikpapan_pois_pol_poi.gpkg" }, "geometry": { "type": "Point", "coordinates": [ 116.831138891365057, -1.237822622199281 ] } },
{ "type": "Feature", "properties": { "element": "way", "id": 577350846.0, "amenity": "restaurant", "name": "Rumah Sosis Bakar Jontor - Gunung Bahagia", "tourism": null, "cuisine": null, "addr:city": null, "addr:postcode": null, "addr:street": null, "shop": null, "addr:housenumber": null, "level": null, "smoking": null, "beds": null, "internet_access": null, "internet_access:fee": null, "operator": null, "rooms": null, "wheelchair": null, "stars": null, "opening_hours": null, "addr:full": null, "building": "yes", "building:levels": null, "capacity:persons": null, "operator:type": null, "school:type_idn": null, "website": null, "historic": null, "capacity": null, "delivery": null, "description": null, "outdoor_seating": null, "phone": null, "takeaway": null, "leisure": null, "emergency": null, "healthcare": null, "healthcare:speciality": null, "brand": null, "brand:wikidata": null, "brand:wikipedia": null, "short_name": null, "diet:halal": null, "branch": null, "email": null, "air_conditioning": null, "guest_house": null, "name:en": null, "addr:housename": null, "addr:province": null, "addr:unit": null, "addr:district": null, "addr:neighbourhood": null, "addr:subdistrict": null, "contact:instagram": null, "sport": null, "url": null, "old_name": null, "payment:cash": null, "payment:coins": null, "payment:ep_cash": null, "payment:visa": null, "payment:visa_debit": null, "building:roof": null, "building:structure": null, "building:walls": null, "access:roof": null, "hospital:type": null, "landuse": null, "height": null, "addr:street:sym_ul": null, "religion": null, "internet_access:ssid": null, "museum": null, "name:id": null, "wikimedia_commons": null, "school": null, "area": null, "tactile_paving": null, "wikidata": null, "since": null, "layer": null, "type": null, "path": "/home/perhanjay/QGIS/balikpapan_pois_pol_poi.gpkg" }, "geometry": { "type": "Point", "coordinates": [ 116.879840774562624, -1.235419610519755 ] } },
{ "type": "Feature", "properties": { "element": "way", "id": 577355528.0, "amenity": null, "name": "Kos Tri R", "tourism": "hostel", "cuisine": null, "addr:city": null, "addr:postcode": null, "addr:street": null, "shop": null, "addr:housenumber": null, "level": null, "smoking": null, "beds": null, "internet_access": null, "internet_access:fee": null, "operator": null, "rooms": null, "wheelchair": null, "stars": null, "opening_hours": null, "addr:full": null, "building": "yes", "building:levels": null, "capacity:persons": null, "operator:type": null, "school:type_idn": null, "website": null, "historic": null, "capacity": null, "delivery": null, "description": null, "outdoor_seating": null, "phone": null, "takeaway": null, "leisure": null, "emergency": null, "healthcare": null, "healthcare:speciality": null, "brand": null, "brand:wikidata": null, "brand:wikipedia": null, "short_name": null, "diet:halal": null, "branch": null, "email": null, "air_conditioning": null, "guest_house": null, "name:en": null, "addr:housename": null, "addr:province": null, "addr:unit": null, "addr:district": null, "addr:neighbourhood": null, "addr:subdistrict": null, "contact:instagram": null, "sport": null, "url": null, "old_name": null, "payment:cash": null, "payment:coins": null, "payment:ep_cash": null, "payment:visa": null, "payment:visa_debit": null, "building:roof": null, "building:structure": null, "building:walls": null, "access:roof": null, "hospital:type": null, "landuse": null, "height": null, "addr:street:sym_ul": null, "religion": null, "internet_access:ssid": null, "museum": null, "name:id": null, "wikimedia_commons": null, "school": null, "area": null, "tactile_paving": null, "wikidata": null, "since": null, "layer": null, "type": null, "path": "/home/perhanjay/QGIS/balikpapan_pois_pol_poi.gpkg" }, "geometry": { "type": "Point", "coordinates": [ 116.891903472531297, -1.239017204019071 ] } },
{ "type": "Feature", "properties": { "element": "way", "id": 577366448.0, "amenity": null, "name": "SPOT ON 2729 Marzan Syariah Guest House", "tourism": "guest_house", "cuisine": null, "addr:city": null, "addr:postcode": null, "addr:street": null, "shop": null, "addr:housenumber": null, "level": null, "smoking": null, "beds": null, "internet_access": null, "internet_access:fee": null, "operator": null, "rooms": null, "wheelchair": null, "stars": null, "opening_hours": null, "addr:full": null, "building": "yes", "building:levels": null, "capacity:persons": null, "operator:type": null, "school:type_idn": null, "website": null, "historic": null, "capacity": null, "delivery": null, "description": null, "outdoor_seating": null, "phone": null, "takeaway": null, "leisure": null, "emergency": null, "healthcare": null, "healthcare:speciality": null, "brand": null, "brand:wikidata": null, "brand:wikipedia": null, "short_name": null, "diet:halal": null, "branch": null, "email": null, "air_conditioning": null, "guest_house": null, "name:en": null, "addr:housename": null, "addr:province": null, "addr:unit": null, "addr:district": null, "addr:neighbourhood": null, "addr:subdistrict": null, "contact:instagram": null, "sport": null, "url": null, "old_name": null, "payment:cash": null, "payment:coins": null, "payment:ep_cash": null, "payment:visa": null, "payment:visa_debit": null, "building:roof": null, "building:structure": null, "building:walls": null, "access:roof": null, "hospital:type": null, "landuse": null, "height": null, "addr:street:sym_ul": null, "religion": null, "internet_access:ssid": null, "museum": null, "name:id": null, "wikimedia_commons": null, "school": null, "area": null, "tactile_paving": null, "wikidata": null, "since": null, "layer": null, "type": null, "path": "/home/perhanjay/QGIS/balikpapan_pois_pol_poi.gpkg" }, "geometry": { "type": "Point", "coordinates": [ 116.87615885000001, -1.2311636 ] } },
{ "type": "Feature", "properties": { "element": "way", "id": 577366468.0, "amenity": null, "name": "Wisma Arin", "tourism": "guest_house", "cuisine": null, "addr:city": null, "addr:postcode": null, "addr:street": null, "shop": null, "addr:housenumber": null, "level": null, "smoking": null, "beds": null, "internet_access": null, "internet_access:fee": null, "operator": null, "rooms": null, "wheelchair": null, "stars": null, "opening_hours": null, "addr:full": null, "building": "yes", "building:levels": null, "capacity:persons": null, "operator:type": null, "school:type_idn": null, "website": null, "historic": null, "capacity": null, "delivery": null, "description": null, "outdoor_seating": null, "phone": null, "takeaway": null, "leisure": null, "emergency": null, "healthcare": null, "healthcare:speciality": null, "brand": null, "brand:wikidata": null, "brand:wikipedia": null, "short_name": null, "diet:halal": null, "branch": null, "email": null, "air_conditioning": null, "guest_house": null, "name:en": null, "addr:housename": null, "addr:province": null, "addr:unit": null, "addr:district": null, "addr:neighbourhood": null, "addr:subdistrict": null, "contact:instagram": null, "sport": null, "url": null, "old_name": null, "payment:cash": null, "payment:coins": null, "payment:ep_cash": null, "payment:visa": null, "payment:visa_debit": null, "building:roof": null, "building:structure": null, "building:walls": null, "access:roof": null, "hospital:type": null, "landuse": null, "height": null, "addr:street:sym_ul": null, "religion": null, "internet_access:ssid": null, "museum": null, "name:id": null, "wikimedia_commons": null, "school": null, "area": null, "tactile_paving": null, "wikidata": null, "since": null, "layer": null, "type": null, "path": "/home/perhanjay/QGIS/balikpapan_pois_pol_poi.gpkg" }, "geometry": { "type": "Point", "coordinates": [ 116.875355284315347, -1.231227343426039 ] } },
{ "type": "Feature", "properties": { "element": "way", "id": 577428558.0, "amenity": "restaurant", "name": "Bebek & Ayam Goreng Pak Ndut - Sepinggan", "tourism": null, "cuisine": null, "addr:city": null, "addr:postcode": null, "addr:street": null, "shop": null, "addr:housenumber": null, "level": null, "smoking": null, "beds": null, "internet_access": null, "internet_access:fee": null, "operator": null, "rooms": null, "wheelchair": null, "stars": null, "opening_hours": null, "addr:full": null, "building": "yes", "building:levels": null, "capacity:persons": null, "operator:type": null, "school:type_idn": null, "website": null, "historic": null, "capacity": null, "delivery": null, "description": null, "outdoor_seating": null, "phone": null, "takeaway": null, "leisure": null, "emergency": null, "healthcare": null, "healthcare:speciality": null, "brand": null, "brand:wikidata": null, "brand:wikipedia": null, "short_name": null, "diet:halal": null, "branch": null, "email": null, "air_conditioning": null, "guest_house": null, "name:en": null, "addr:housename": null, "addr:province": null, "addr:unit": null, "addr:district": null, "addr:neighbourhood": null, "addr:subdistrict": null, "contact:instagram": null, "sport": null, "url": null, "old_name": null, "payment:cash": null, "payment:coins": null, "payment:ep_cash": null, "payment:visa": null, "payment:visa_debit": null, "building:roof": null, "building:structure": null, "building:walls": null, "access:roof": null, "hospital:type": null, "landuse": null, "height": null, "addr:street:sym_ul": null, "religion": null, "internet_access:ssid": null, "museum": null, "name:id": null, "wikimedia_commons": null, "school": null, "area": null, "tactile_paving": null, "wikidata": null, "since": null, "layer": null, "type": null, "path": "/home/perhanjay/QGIS/balikpapan_pois_pol_poi.gpkg" }, "geometry": { "type": "Point", "coordinates": [ 116.896190148909994, -1.252003623102556 ] } },
{ "type": "Feature", "properties": { "element": "way", "id": 577503199.0, "amenity": null, "name": "Hotel Grand Tjokro Balikpapan", "tourism": "hotel", "cuisine": null, "addr:city": null, "addr:postcode": null, "addr:street": null, "shop": null, "addr:housenumber": null, "level": null, "smoking": null, "beds": null, "internet_access": null, "internet_access:fee": null, "operator": null, "rooms": null, "wheelchair": null, "stars": null, "opening_hours": null, "addr:full": null, "building": "yes", "building:levels": null, "capacity:persons": null, "operator:type": null, "school:type_idn": null, "website": null, "historic": null, "capacity": null, "delivery": null, "description": null, "outdoor_seating": null, "phone": null, "takeaway": null, "leisure": null, "emergency": null, "healthcare": null, "healthcare:speciality": null, "brand": null, "brand:wikidata": null, "brand:wikipedia": null, "short_name": null, "diet:halal": null, "branch": null, "email": null, "air_conditioning": null, "guest_house": null, "name:en": null, "addr:housename": null, "addr:province": null, "addr:unit": null, "addr:district": null, "addr:neighbourhood": null, "addr:subdistrict": null, "contact:instagram": null, "sport": null, "url": null, "old_name": null, "payment:cash": null, "payment:coins": null, "payment:ep_cash": null, "payment:visa": null, "payment:visa_debit": null, "building:roof": null, "building:structure": null, "building:walls": null, "access:roof": null, "hospital:type": null, "landuse": null, "height": null, "addr:street:sym_ul": null, "religion": null, "internet_access:ssid": null, "museum": null, "name:id": null, "wikimedia_commons": null, "school": null, "area": null, "tactile_paving": null, "wikidata": null, "since": null, "layer": null, "type": null, "path": "/home/perhanjay/QGIS/balikpapan_pois_pol_poi.gpkg" }, "geometry": { "type": "Point", "coordinates": [ 116.8935947, -1.26244275 ] } },
{ "type": "Feature", "properties": { "element": "way", "id": 577643013.0, "amenity": null, "name": "Kamilah Kost", "tourism": "guest_house", "cuisine": null, "addr:city": null, "addr:postcode": null, "addr:street": null, "shop": null, "addr:housenumber": null, "level": null, "smoking": null, "beds": null, "internet_access": null, "internet_access:fee": null, "operator": null, "rooms": null, "wheelchair": null, "stars": null, "opening_hours": null, "addr:full": null, "building": "yes", "building:levels": null, "capacity:persons": null, "operator:type": null, "school:type_idn": null, "website": null, "historic": null, "capacity": null, "delivery": null, "description": null, "outdoor_seating": null, "phone": null, "takeaway": null, "leisure": null, "emergency": null, "healthcare": null, "healthcare:speciality": null, "brand": null, "brand:wikidata": null, "brand:wikipedia": null, "short_name": null, "diet:halal": null, "branch": null, "email": null, "air_conditioning": null, "guest_house": null, "name:en": null, "addr:housename": null, "addr:province": null, "addr:unit": null, "addr:district": null, "addr:neighbourhood": null, "addr:subdistrict": null, "contact:instagram": null, "sport": null, "url": null, "old_name": null, "payment:cash": null, "payment:coins": null, "payment:ep_cash": null, "payment:visa": null, "payment:visa_debit": null, "building:roof": null, "building:structure": null, "building:walls": null, "access:roof": null, "hospital:type": null, "landuse": null, "height": null, "addr:street:sym_ul": null, "religion": null, "internet_access:ssid": null, "museum": null, "name:id": null, "wikimedia_commons": null, "school": null, "area": null, "tactile_paving": null, "wikidata": null, "since": null, "layer": null, "type": null, "path": "/home/perhanjay/QGIS/balikpapan_pois_pol_poi.gpkg" }, "geometry": { "type": "Point", "coordinates": [ 116.828844376328718, -1.270413238952531 ] } },
{ "type": "Feature", "properties": { "element": "way", "id": 577685076.0, "amenity": null, "name": "Red Doorz Maryam Guest House", "tourism": "guest_house", "cuisine": null, "addr:city": null, "addr:postcode": null, "addr:street": null, "shop": null, "addr:housenumber": null, "level": null, "smoking": null, "beds": null, "internet_access": null, "internet_access:fee": null, "operator": null, "rooms": null, "wheelchair": null, "stars": null, "opening_hours": null, "addr:full": null, "building": "yes", "building:levels": null, "capacity:persons": null, "operator:type": null, "school:type_idn": null, "website": null, "historic": null, "capacity": null, "delivery": null, "description": null, "outdoor_seating": null, "phone": null, "takeaway": null, "leisure": null, "emergency": null, "healthcare": null, "healthcare:speciality": null, "brand": null, "brand:wikidata": null, "brand:wikipedia": null, "short_name": null, "diet:halal": null, "branch": null, "email": null, "air_conditioning": null, "guest_house": null, "name:en": null, "addr:housename": null, "addr:province": null, "addr:unit": null, "addr:district": null, "addr:neighbourhood": null, "addr:subdistrict": null, "contact:instagram": null, "sport": null, "url": null, "old_name": null, "payment:cash": null, "payment:coins": null, "payment:ep_cash": null, "payment:visa": null, "payment:visa_debit": null, "building:roof": null, "building:structure": null, "building:walls": null, "access:roof": null, "hospital:type": null, "landuse": null, "height": null, "addr:street:sym_ul": null, "religion": null, "internet_access:ssid": null, "museum": null, "name:id": null, "wikimedia_commons": null, "school": null, "area": null, "tactile_paving": null, "wikidata": null, "since": null, "layer": null, "type": null, "path": "/home/perhanjay/QGIS/balikpapan_pois_pol_poi.gpkg" }, "geometry": { "type": "Point", "coordinates": [ 116.836239149999983, -1.27774505 ] } },
{ "type": "Feature", "properties": { "element": "way", "id": 577685088.0, "amenity": "restaurant", "name": "Warung Jogja Istimewa - Klandasan Ulu", "tourism": null, "cuisine": null, "addr:city": null, "addr:postcode": null, "addr:street": null, "shop": null, "addr:housenumber": null, "level": null, "smoking": null, "beds": null, "internet_access": null, "internet_access:fee": null, "operator": null, "rooms": null, "wheelchair": null, "stars": null, "opening_hours": null, "addr:full": null, "building": "yes", "building:levels": null, "capacity:persons": null, "operator:type": null, "school:type_idn": null, "website": null, "historic": null, "capacity": null, "delivery": null, "description": null, "outdoor_seating": null, "phone": null, "takeaway": null, "leisure": null, "emergency": null, "healthcare": null, "healthcare:speciality": null, "brand": null, "brand:wikidata": null, "brand:wikipedia": null, "short_name": null, "diet:halal": null, "branch": null, "email": null, "air_conditioning": null, "guest_house": null, "name:en": null, "addr:housename": null, "addr:province": null, "addr:unit": null, "addr:district": null, "addr:neighbourhood": null, "addr:subdistrict": null, "contact:instagram": null, "sport": null, "url": null, "old_name": null, "payment:cash": null, "payment:coins": null, "payment:ep_cash": null, "payment:visa": null, "payment:visa_debit": null, "building:roof": null, "building:structure": null, "building:walls": null, "access:roof": null, "hospital:type": null, "landuse": null, "height": null, "addr:street:sym_ul": null, "religion": null, "internet_access:ssid": null, "museum": null, "name:id": null, "wikimedia_commons": null, "school": null, "area": null, "tactile_paving": null, "wikidata": null, "since": null, "layer": null, "type": null, "path": "/home/perhanjay/QGIS/balikpapan_pois_pol_poi.gpkg" }, "geometry": { "type": "Point", "coordinates": [ 116.834151374591869, -1.277472179489614 ] } },
{ "type": "Feature", "properties": { "element": "way", "id": 577685092.0, "amenity": "restaurant", "name": "Depot HK Ruko Bandar Balikpapan", "tourism": null, "cuisine": null, "addr:city": null, "addr:postcode": null, "addr:street": null, "shop": null, "addr:housenumber": null, "level": null, "smoking": null, "beds": null, "internet_access": null, "internet_access:fee": null, "operator": null, "rooms": null, "wheelchair": null, "stars": null, "opening_hours": null, "addr:full": null, "building": "yes", "building:levels": null, "capacity:persons": null, "operator:type": null, "school:type_idn": null, "website": null, "historic": null, "capacity": null, "delivery": null, "description": null, "outdoor_seating": null, "phone": null, "takeaway": null, "leisure": null, "emergency": null, "healthcare": null, "healthcare:speciality": null, "brand": null, "brand:wikidata": null, "brand:wikipedia": null, "short_name": null, "diet:halal": null, "branch": null, "email": null, "air_conditioning": null, "guest_house": null, "name:en": null, "addr:housename": null, "addr:province": null, "addr:unit": null, "addr:district": null, "addr:neighbourhood": null, "addr:subdistrict": null, "contact:instagram": null, "sport": null, "url": null, "old_name": null, "payment:cash": null, "payment:coins": null, "payment:ep_cash": null, "payment:visa": null, "payment:visa_debit": null, "building:roof": null, "building:structure": null, "building:walls": null, "access:roof": null, "hospital:type": null, "landuse": null, "height": null, "addr:street:sym_ul": null, "religion": null, "internet_access:ssid": null, "museum": null, "name:id": null, "wikimedia_commons": null, "school": null, "area": null, "tactile_paving": null, "wikidata": null, "since": null, "layer": null, "type": null, "path": "/home/perhanjay/QGIS/balikpapan_pois_pol_poi.gpkg" }, "geometry": { "type": "Point", "coordinates": [ 116.834530224157376, -1.277457403047848 ] } },
{ "type": "Feature", "properties": { "element": "way", "id": 577685152.0, "amenity": "restaurant", "name": "Coto Makassar H Kasim", "tourism": null, "cuisine": null, "addr:city": null, "addr:postcode": null, "addr:street": null, "shop": null, "addr:housenumber": null, "level": null, "smoking": null, "beds": null, "internet_access": null, "internet_access:fee": null, "operator": null, "rooms": null, "wheelchair": null, "stars": null, "opening_hours": null, "addr:full": null, "building": "yes", "building:levels": null, "capacity:persons": null, "operator:type": null, "school:type_idn": null, "website": null, "historic": null, "capacity": null, "delivery": null, "description": null, "outdoor_seating": null, "phone": null, "takeaway": null, "leisure": null, "emergency": null, "healthcare": null, "healthcare:speciality": null, "brand": null, "brand:wikidata": null, "brand:wikipedia": null, "short_name": null, "diet:halal": null, "branch": null, "email": null, "air_conditioning": null, "guest_house": null, "name:en": null, "addr:housename": null, "addr:province": null, "addr:unit": null, "addr:district": null, "addr:neighbourhood": null, "addr:subdistrict": null, "contact:instagram": null, "sport": null, "url": null, "old_name": null, "payment:cash": null, "payment:coins": null, "payment:ep_cash": null, "payment:visa": null, "payment:visa_debit": null, "building:roof": null, "building:structure": null, "building:walls": null, "access:roof": null, "hospital:type": null, "landuse": null, "height": null, "addr:street:sym_ul": null, "religion": null, "internet_access:ssid": null, "museum": null, "name:id": null, "wikimedia_commons": null, "school": null, "area": null, "tactile_paving": null, "wikidata": null, "since": null, "layer": null, "type": null, "path": "/home/perhanjay/QGIS/balikpapan_pois_pol_poi.gpkg" }, "geometry": { "type": "Point", "coordinates": [ 116.832886381836019, -1.277880475468072 ] } },
{ "type": "Feature", "properties": { "element": "way", "id": 577685319.0, "amenity": null, "name": "Hotel Mega Lestari", "tourism": "hotel", "cuisine": null, "addr:city": null, "addr:postcode": null, "addr:street": null, "shop": null, "addr:housenumber": null, "level": null, "smoking": null, "beds": null, "internet_access": null, "internet_access:fee": null, "operator": null, "rooms": null, "wheelchair": null, "stars": null, "opening_hours": null, "addr:full": null, "building": "yes", "building:levels": null, "capacity:persons": null, "operator:type": null, "school:type_idn": null, "website": null, "historic": null, "capacity": null, "delivery": null, "description": null, "outdoor_seating": null, "phone": null, "takeaway": null, "leisure": null, "emergency": null, "healthcare": null, "healthcare:speciality": null, "brand": null, "brand:wikidata": null, "brand:wikipedia": null, "short_name": null, "diet:halal": null, "branch": null, "email": null, "air_conditioning": null, "guest_house": null, "name:en": null, "addr:housename": null, "addr:province": null, "addr:unit": null, "addr:district": null, "addr:neighbourhood": null, "addr:subdistrict": null, "contact:instagram": null, "sport": null, "url": null, "old_name": null, "payment:cash": null, "payment:coins": null, "payment:ep_cash": null, "payment:visa": null, "payment:visa_debit": null, "building:roof": null, "building:structure": null, "building:walls": null, "access:roof": null, "hospital:type": null, "landuse": null, "height": null, "addr:street:sym_ul": null, "religion": null, "internet_access:ssid": null, "museum": null, "name:id": null, "wikimedia_commons": null, "school": null, "area": null, "tactile_paving": null, "wikidata": null, "since": null, "layer": null, "type": null, "path": "/home/perhanjay/QGIS/balikpapan_pois_pol_poi.gpkg" }, "geometry": { "type": "Point", "coordinates": [ 116.833703920460138, -1.275804775565025 ] } },
{ "type": "Feature", "properties": { "element": "way", "id": 577685321.0, "amenity": null, "name": "Hotel Mitra Amanah", "tourism": "hotel", "cuisine": null, "addr:city": null, "addr:postcode": null, "addr:street": null, "shop": null, "addr:housenumber": null, "level": null, "smoking": null, "beds": null, "internet_access": null, "internet_access:fee": null, "operator": null, "rooms": null, "wheelchair": null, "stars": null, "opening_hours": null, "addr:full": null, "building": "yes", "building:levels": null, "capacity:persons": null, "operator:type": null, "school:type_idn": null, "website": null, "historic": null, "capacity": null, "delivery": null, "description": null, "outdoor_seating": null, "phone": null, "takeaway": null, "leisure": null, "emergency": null, "healthcare": null, "healthcare:speciality": null, "brand": null, "brand:wikidata": null, "brand:wikipedia": null, "short_name": null, "diet:halal": null, "branch": null, "email": null, "air_conditioning": null, "guest_house": null, "name:en": null, "addr:housename": null, "addr:province": null, "addr:unit": null, "addr:district": null, "addr:neighbourhood": null, "addr:subdistrict": null, "contact:instagram": null, "sport": null, "url": null, "old_name": null, "payment:cash": null, "payment:coins": null, "payment:ep_cash": null, "payment:visa": null, "payment:visa_debit": null, "building:roof": null, "building:structure": null, "building:walls": null, "access:roof": null, "hospital:type": null, "landuse": null, "height": null, "addr:street:sym_ul": null, "religion": null, "internet_access:ssid": null, "museum": null, "name:id": null, "wikimedia_commons": null, "school": null, "area": null, "tactile_paving": null, "wikidata": null, "since": null, "layer": null, "type": null, "path": "/home/perhanjay/QGIS/balikpapan_pois_pol_poi.gpkg" }, "geometry": { "type": "Point", "coordinates": [ 116.8335529, -1.275587 ] } },
{ "type": "Feature", "properties": { "element": "way", "id": 577747310.0, "amenity": null, "name": null, "tourism": "hotel", "cuisine": null, "addr:city": null, "addr:postcode": null, "addr:street": null, "shop": null, "addr:housenumber": null, "level": null, "smoking": null, "beds": null, "internet_access": null, "internet_access:fee": null, "operator": null, "rooms": null, "wheelchair": null, "stars": null, "opening_hours": null, "addr:full": null, "building": "yes", "building:levels": null, "capacity:persons": null, "operator:type": null, "school:type_idn": null, "website": null, "historic": null, "capacity": null, "delivery": null, "description": null, "outdoor_seating": null, "phone": null, "takeaway": null, "leisure": null, "emergency": null, "healthcare": null, "healthcare:speciality": null, "brand": null, "brand:wikidata": null, "brand:wikipedia": null, "short_name": null, "diet:halal": null, "branch": null, "email": null, "air_conditioning": null, "guest_house": null, "name:en": null, "addr:housename": null, "addr:province": null, "addr:unit": null, "addr:district": null, "addr:neighbourhood": null, "addr:subdistrict": null, "contact:instagram": null, "sport": null, "url": null, "old_name": null, "payment:cash": null, "payment:coins": null, "payment:ep_cash": null, "payment:visa": null, "payment:visa_debit": null, "building:roof": null, "building:structure": null, "building:walls": null, "access:roof": null, "hospital:type": null, "landuse": null, "height": null, "addr:street:sym_ul": null, "religion": null, "internet_access:ssid": null, "museum": null, "name:id": null, "wikimedia_commons": null, "school": null, "area": null, "tactile_paving": null, "wikidata": null, "since": null, "layer": null, "type": null, "path": "/home/perhanjay/QGIS/balikpapan_pois_pol_poi.gpkg" }, "geometry": { "type": "Point", "coordinates": [ 116.838878700849108, -1.274829802481792 ] } },
{ "type": "Feature", "properties": { "element": "way", "id": 577747312.0, "amenity": "restaurant", "name": "Pizza Hut", "tourism": null, "cuisine": "pizza", "addr:city": null, "addr:postcode": null, "addr:street": null, "shop": null, "addr:housenumber": null, "level": null, "smoking": null, "beds": null, "internet_access": null, "internet_access:fee": null, "operator": null, "rooms": null, "wheelchair": null, "stars": null, "opening_hours": null, "addr:full": null, "building": "yes", "building:levels": null, "capacity:persons": null, "operator:type": null, "school:type_idn": null, "website": null, "historic": null, "capacity": null, "delivery": null, "description": null, "outdoor_seating": null, "phone": null, "takeaway": null, "leisure": null, "emergency": null, "healthcare": null, "healthcare:speciality": null, "brand": "Pizza Hut", "brand:wikidata": "Q191615", "brand:wikipedia": null, "short_name": null, "diet:halal": null, "branch": "Bena Kutai", "email": null, "air_conditioning": null, "guest_house": null, "name:en": null, "addr:housename": null, "addr:province": null, "addr:unit": null, "addr:district": null, "addr:neighbourhood": null, "addr:subdistrict": null, "contact:instagram": null, "sport": null, "url": null, "old_name": null, "payment:cash": null, "payment:coins": null, "payment:ep_cash": null, "payment:visa": null, "payment:visa_debit": null, "building:roof": null, "building:structure": null, "building:walls": null, "access:roof": null, "hospital:type": null, "landuse": null, "height": null, "addr:street:sym_ul": null, "religion": null, "internet_access:ssid": null, "museum": null, "name:id": null, "wikimedia_commons": null, "school": null, "area": null, "tactile_paving": null, "wikidata": null, "since": null, "layer": null, "type": null, "path": "/home/perhanjay/QGIS/balikpapan_pois_pol_poi.gpkg" }, "geometry": { "type": "Point", "coordinates": [ 116.8384763, -1.27474685 ] } },
{ "type": "Feature", "properties": { "element": "way", "id": 577747320.0, "amenity": "restaurant", "name": "Restoran Atomik", "tourism": null, "cuisine": null, "addr:city": null, "addr:postcode": null, "addr:street": null, "shop": null, "addr:housenumber": null, "level": null, "smoking": null, "beds": null, "internet_access": null, "internet_access:fee": null, "operator": null, "rooms": null, "wheelchair": null, "stars": null, "opening_hours": null, "addr:full": null, "building": "yes", "building:levels": null, "capacity:persons": null, "operator:type": null, "school:type_idn": null, "website": null, "historic": null, "capacity": null, "delivery": null, "description": null, "outdoor_seating": null, "phone": null, "takeaway": null, "leisure": null, "emergency": null, "healthcare": null, "healthcare:speciality": null, "brand": null, "brand:wikidata": null, "brand:wikipedia": null, "short_name": null, "diet:halal": null, "branch": null, "email": null, "air_conditioning": null, "guest_house": null, "name:en": null, "addr:housename": null, "addr:province": null, "addr:unit": null, "addr:district": null, "addr:neighbourhood": null, "addr:subdistrict": null, "contact:instagram": null, "sport": null, "url": null, "old_name": null, "payment:cash": null, "payment:coins": null, "payment:ep_cash": null, "payment:visa": null, "payment:visa_debit": null, "building:roof": null, "building:structure": null, "building:walls": null, "access:roof": null, "hospital:type": null, "landuse": null, "height": null, "addr:street:sym_ul": null, "religion": null, "internet_access:ssid": null, "museum": null, "name:id": null, "wikimedia_commons": null, "school": null, "area": null, "tactile_paving": null, "wikidata": null, "since": null, "layer": null, "type": null, "path": "/home/perhanjay/QGIS/balikpapan_pois_pol_poi.gpkg" }, "geometry": { "type": "Point", "coordinates": [ 116.836834900000014, -1.2764013 ] } },
{ "type": "Feature", "properties": { "element": "way", "id": 577747328.0, "amenity": null, "name": "Hotel Citra Nusantara", "tourism": "hotel", "cuisine": null, "addr:city": null, "addr:postcode": null, "addr:street": null, "shop": null, "addr:housenumber": null, "level": null, "smoking": null, "beds": null, "internet_access": null, "internet_access:fee": null, "operator": null, "rooms": null, "wheelchair": null, "stars": null, "opening_hours": null, "addr:full": null, "building": "yes", "building:levels": null, "capacity:persons": null, "operator:type": null, "school:type_idn": null, "website": null, "historic": null, "capacity": null, "delivery": null, "description": null, "outdoor_seating": null, "phone": null, "takeaway": null, "leisure": null, "emergency": null, "healthcare": null, "healthcare:speciality": null, "brand": null, "brand:wikidata": null, "brand:wikipedia": null, "short_name": null, "diet:halal": null, "branch": null, "email": null, "air_conditioning": null, "guest_house": null, "name:en": null, "addr:housename": null, "addr:province": null, "addr:unit": null, "addr:district": null, "addr:neighbourhood": null, "addr:subdistrict": null, "contact:instagram": null, "sport": null, "url": null, "old_name": null, "payment:cash": null, "payment:coins": null, "payment:ep_cash": null, "payment:visa": null, "payment:visa_debit": null, "building:roof": null, "building:structure": null, "building:walls": null, "access:roof": null, "hospital:type": null, "landuse": null, "height": null, "addr:street:sym_ul": null, "religion": null, "internet_access:ssid": null, "museum": null, "name:id": null, "wikimedia_commons": null, "school": null, "area": null, "tactile_paving": null, "wikidata": null, "since": null, "layer": null, "type": null, "path": "/home/perhanjay/QGIS/balikpapan_pois_pol_poi.gpkg" }, "geometry": { "type": "Point", "coordinates": [ 116.83754035, -1.27599165 ] } },
{ "type": "Feature", "properties": { "element": "way", "id": 577747334.0, "amenity": null, "name": "Hotel Mirama", "tourism": "hotel", "cuisine": null, "addr:city": null, "addr:postcode": null, "addr:street": null, "shop": null, "addr:housenumber": null, "level": null, "smoking": null, "beds": null, "internet_access": null, "internet_access:fee": null, "operator": null, "rooms": null, "wheelchair": null, "stars": null, "opening_hours": null, "addr:full": null, "building": "yes", "building:levels": null, "capacity:persons": null, "operator:type": null, "school:type_idn": null, "website": null, "historic": null, "capacity": null, "delivery": null, "description": null, "outdoor_seating": null, "phone": null, "takeaway": null, "leisure": null, "emergency": null, "healthcare": null, "healthcare:speciality": null, "brand": null, "brand:wikidata": null, "brand:wikipedia": null, "short_name": null, "diet:halal": null, "branch": null, "email": null, "air_conditioning": null, "guest_house": null, "name:en": null, "addr:housename": null, "addr:province": null, "addr:unit": null, "addr:district": null, "addr:neighbourhood": null, "addr:subdistrict": null, "contact:instagram": null, "sport": null, "url": null, "old_name": null, "payment:cash": null, "payment:coins": null, "payment:ep_cash": null, "payment:visa": null, "payment:visa_debit": null, "building:roof": null, "building:structure": null, "building:walls": null, "access:roof": null, "hospital:type": null, "landuse": null, "height": null, "addr:street:sym_ul": null, "religion": null, "internet_access:ssid": null, "museum": null, "name:id": null, "wikimedia_commons": null, "school": null, "area": null, "tactile_paving": null, "wikidata": null, "since": null, "layer": null, "type": null, "path": "/home/perhanjay/QGIS/balikpapan_pois_pol_poi.gpkg" }, "geometry": { "type": "Point", "coordinates": [ 116.837513991201149, -1.274496271695607 ] } },
{ "type": "Feature", "properties": { "element": "way", "id": 577747555.0, "amenity": null, "name": "Hotel Buana Lestari", "tourism": "hotel", "cuisine": null, "addr:city": null, "addr:postcode": null, "addr:street": null, "shop": null, "addr:housenumber": null, "level": null, "smoking": null, "beds": null, "internet_access": null, "internet_access:fee": null, "operator": null, "rooms": null, "wheelchair": null, "stars": null, "opening_hours": null, "addr:full": null, "building": "yes", "building:levels": null, "capacity:persons": null, "operator:type": null, "school:type_idn": null, "website": null, "historic": null, "capacity": null, "delivery": null, "description": null, "outdoor_seating": null, "phone": null, "takeaway": null, "leisure": null, "emergency": null, "healthcare": null, "healthcare:speciality": null, "brand": null, "brand:wikidata": null, "brand:wikipedia": null, "short_name": null, "diet:halal": null, "branch": null, "email": null, "air_conditioning": null, "guest_house": null, "name:en": null, "addr:housename": null, "addr:province": null, "addr:unit": null, "addr:district": null, "addr:neighbourhood": null, "addr:subdistrict": null, "contact:instagram": null, "sport": null, "url": null, "old_name": null, "payment:cash": null, "payment:coins": null, "payment:ep_cash": null, "payment:visa": null, "payment:visa_debit": null, "building:roof": null, "building:structure": null, "building:walls": null, "access:roof": null, "hospital:type": null, "landuse": null, "height": null, "addr:street:sym_ul": null, "religion": null, "internet_access:ssid": null, "museum": null, "name:id": null, "wikimedia_commons": null, "school": null, "area": null, "tactile_paving": null, "wikidata": null, "since": null, "layer": null, "type": null, "path": "/home/perhanjay/QGIS/balikpapan_pois_pol_poi.gpkg" }, "geometry": { "type": "Point", "coordinates": [ 116.8411084, -1.2769184 ] } },
{ "type": "Feature", "properties": { "element": "way", "id": 577765425.0, "amenity": null, "name": "Riviera Residence 1", "tourism": "guest_house", "cuisine": null, "addr:city": null, "addr:postcode": null, "addr:street": null, "shop": null, "addr:housenumber": null, "level": null, "smoking": null, "beds": null, "internet_access": null, "internet_access:fee": null, "operator": null, "rooms": null, "wheelchair": null, "stars": null, "opening_hours": null, "addr:full": null, "building": "yes", "building:levels": null, "capacity:persons": null, "operator:type": null, "school:type_idn": null, "website": null, "historic": null, "capacity": null, "delivery": null, "description": null, "outdoor_seating": null, "phone": null, "takeaway": null, "leisure": null, "emergency": null, "healthcare": null, "healthcare:speciality": null, "brand": null, "brand:wikidata": null, "brand:wikipedia": null, "short_name": null, "diet:halal": null, "branch": null, "email": null, "air_conditioning": null, "guest_house": null, "name:en": null, "addr:housename": null, "addr:province": null, "addr:unit": null, "addr:district": null, "addr:neighbourhood": null, "addr:subdistrict": null, "contact:instagram": null, "sport": null, "url": null, "old_name": null, "payment:cash": null, "payment:coins": null, "payment:ep_cash": null, "payment:visa": null, "payment:visa_debit": null, "building:roof": null, "building:structure": null, "building:walls": null, "access:roof": null, "hospital:type": null, "landuse": null, "height": null, "addr:street:sym_ul": null, "religion": null, "internet_access:ssid": null, "museum": null, "name:id": null, "wikimedia_commons": null, "school": null, "area": null, "tactile_paving": null, "wikidata": null, "since": null, "layer": null, "type": null, "path": "/home/perhanjay/QGIS/balikpapan_pois_pol_poi.gpkg" }, "geometry": { "type": "Point", "coordinates": [ 116.84349855, -1.2583988 ] } },
{ "type": "Feature", "properties": { "element": "way", "id": 577918976.0, "amenity": null, "name": "Guest House A2FN", "tourism": "guest_house", "cuisine": null, "addr:city": null, "addr:postcode": null, "addr:street": null, "shop": null, "addr:housenumber": null, "level": null, "smoking": null, "beds": null, "internet_access": null, "internet_access:fee": null, "operator": null, "rooms": null, "wheelchair": null, "stars": null, "opening_hours": null, "addr:full": null, "building": "yes", "building:levels": null, "capacity:persons": null, "operator:type": null, "school:type_idn": null, "website": null, "historic": null, "capacity": null, "delivery": null, "description": null, "outdoor_seating": null, "phone": null, "takeaway": null, "leisure": null, "emergency": null, "healthcare": null, "healthcare:speciality": null, "brand": null, "brand:wikidata": null, "brand:wikipedia": null, "short_name": null, "diet:halal": null, "branch": null, "email": null, "air_conditioning": null, "guest_house": null, "name:en": null, "addr:housename": null, "addr:province": null, "addr:unit": null, "addr:district": null, "addr:neighbourhood": null, "addr:subdistrict": null, "contact:instagram": null, "sport": null, "url": null, "old_name": null, "payment:cash": null, "payment:coins": null, "payment:ep_cash": null, "payment:visa": null, "payment:visa_debit": null, "building:roof": null, "building:structure": null, "building:walls": null, "access:roof": null, "hospital:type": null, "landuse": null, "height": null, "addr:street:sym_ul": null, "religion": null, "internet_access:ssid": null, "museum": null, "name:id": null, "wikimedia_commons": null, "school": null, "area": null, "tactile_paving": null, "wikidata": null, "since": null, "layer": null, "type": null, "path": "/home/perhanjay/QGIS/balikpapan_pois_pol_poi.gpkg" }, "geometry": { "type": "Point", "coordinates": [ 116.862183270544094, -1.226240218931621 ] } },
{ "type": "Feature", "properties": { "element": "way", "id": 577929213.0, "amenity": "restaurant", "name": "Shanghai Restaurant", "tourism": null, "cuisine": null, "addr:city": null, "addr:postcode": null, "addr:street": null, "shop": null, "addr:housenumber": null, "level": null, "smoking": null, "beds": null, "internet_access": null, "internet_access:fee": null, "operator": null, "rooms": null, "wheelchair": null, "stars": null, "opening_hours": null, "addr:full": null, "building": "yes", "building:levels": null, "capacity:persons": null, "operator:type": null, "school:type_idn": null, "website": null, "historic": null, "capacity": null, "delivery": null, "description": null, "outdoor_seating": null, "phone": null, "takeaway": null, "leisure": null, "emergency": null, "healthcare": null, "healthcare:speciality": null, "brand": null, "brand:wikidata": null, "brand:wikipedia": null, "short_name": null, "diet:halal": null, "branch": null, "email": null, "air_conditioning": null, "guest_house": null, "name:en": null, "addr:housename": null, "addr:province": null, "addr:unit": null, "addr:district": null, "addr:neighbourhood": null, "addr:subdistrict": null, "contact:instagram": null, "sport": null, "url": null, "old_name": null, "payment:cash": null, "payment:coins": null, "payment:ep_cash": null, "payment:visa": null, "payment:visa_debit": null, "building:roof": null, "building:structure": null, "building:walls": null, "access:roof": null, "hospital:type": null, "landuse": null, "height": null, "addr:street:sym_ul": null, "religion": null, "internet_access:ssid": null, "museum": null, "name:id": null, "wikimedia_commons": null, "school": null, "area": null, "tactile_paving": null, "wikidata": null, "since": null, "layer": null, "type": null, "path": "/home/perhanjay/QGIS/balikpapan_pois_pol_poi.gpkg" }, "geometry": { "type": "Point", "coordinates": [ 116.84712535, -1.27565415 ] } },
{ "type": "Feature", "properties": { "element": "way", "id": 578183277.0, "amenity": null, "name": "Elok Guest House", "tourism": "guest_house", "cuisine": null, "addr:city": null, "addr:postcode": null, "addr:street": "Jalan Soekarno-Hatta", "shop": null, "addr:housenumber": null, "level": null, "smoking": null, "beds": null, "internet_access": null, "internet_access:fee": null, "operator": null, "rooms": null, "wheelchair": null, "stars": null, "opening_hours": null, "addr:full": null, "building": "yes", "building:levels": null, "capacity:persons": null, "operator:type": null, "school:type_idn": null, "website": null, "historic": null, "capacity": null, "delivery": null, "description": null, "outdoor_seating": null, "phone": null, "takeaway": null, "leisure": null, "emergency": null, "healthcare": null, "healthcare:speciality": null, "brand": null, "brand:wikidata": null, "brand:wikipedia": null, "short_name": null, "diet:halal": null, "branch": null, "email": null, "air_conditioning": null, "guest_house": null, "name:en": null, "addr:housename": null, "addr:province": null, "addr:unit": null, "addr:district": null, "addr:neighbourhood": null, "addr:subdistrict": null, "contact:instagram": null, "sport": null, "url": null, "old_name": null, "payment:cash": null, "payment:coins": null, "payment:ep_cash": null, "payment:visa": null, "payment:visa_debit": null, "building:roof": null, "building:structure": null, "building:walls": null, "access:roof": null, "hospital:type": null, "landuse": null, "height": null, "addr:street:sym_ul": null, "religion": null, "internet_access:ssid": null, "museum": null, "name:id": null, "wikimedia_commons": null, "school": null, "area": null, "tactile_paving": null, "wikidata": null, "since": null, "layer": null, "type": null, "path": "/home/perhanjay/QGIS/balikpapan_pois_pol_poi.gpkg" }, "geometry": { "type": "Point", "coordinates": [ 116.850181741406246, -1.21679279473484 ] } },
{ "type": "Feature", "properties": { "element": "way", "id": 578527481.0, "amenity": null, "name": "Alfamart, Jl. Letjend Suprapto", "tourism": null, "cuisine": null, "addr:city": null, "addr:postcode": null, "addr:street": null, "shop": "supermarket", "addr:housenumber": null, "level": null, "smoking": null, "beds": null, "internet_access": null, "internet_access:fee": null, "operator": null, "rooms": null, "wheelchair": null, "stars": null, "opening_hours": null, "addr:full": null, "building": "yes", "building:levels": null, "capacity:persons": null, "operator:type": null, "school:type_idn": null, "website": null, "historic": null, "capacity": null, "delivery": null, "description": null, "outdoor_seating": null, "phone": null, "takeaway": null, "leisure": null, "emergency": null, "healthcare": null, "healthcare:speciality": null, "brand": null, "brand:wikidata": null, "brand:wikipedia": null, "short_name": null, "diet:halal": null, "branch": null, "email": null, "air_conditioning": null, "guest_house": null, "name:en": null, "addr:housename": null, "addr:province": null, "addr:unit": null, "addr:district": null, "addr:neighbourhood": null, "addr:subdistrict": null, "contact:instagram": null, "sport": null, "url": null, "old_name": null, "payment:cash": null, "payment:coins": null, "payment:ep_cash": null, "payment:visa": null, "payment:visa_debit": null, "building:roof": null, "building:structure": null, "building:walls": null, "access:roof": null, "hospital:type": null, "landuse": null, "height": null, "addr:street:sym_ul": null, "religion": null, "internet_access:ssid": null, "museum": null, "name:id": null, "wikimedia_commons": null, "school": null, "area": null, "tactile_paving": null, "wikidata": null, "since": null, "layer": null, "type": null, "path": "/home/perhanjay/QGIS/balikpapan_pois_pol_poi.gpkg" }, "geometry": { "type": "Point", "coordinates": [ 116.813608805255058, -1.231795121052502 ] } },
{ "type": "Feature", "properties": { "element": "way", "id": 578989772.0, "amenity": "restaurant", "name": "Popeyes Sekawan", "tourism": null, "cuisine": null, "addr:city": null, "addr:postcode": null, "addr:street": null, "shop": null, "addr:housenumber": null, "level": null, "smoking": null, "beds": null, "internet_access": null, "internet_access:fee": null, "operator": null, "rooms": null, "wheelchair": null, "stars": null, "opening_hours": null, "addr:full": null, "building": "yes", "building:levels": null, "capacity:persons": null, "operator:type": null, "school:type_idn": null, "website": null, "historic": null, "capacity": null, "delivery": null, "description": null, "outdoor_seating": null, "phone": null, "takeaway": null, "leisure": null, "emergency": null, "healthcare": null, "healthcare:speciality": null, "brand": null, "brand:wikidata": null, "brand:wikipedia": null, "short_name": null, "diet:halal": null, "branch": null, "email": null, "air_conditioning": null, "guest_house": null, "name:en": null, "addr:housename": null, "addr:province": null, "addr:unit": null, "addr:district": null, "addr:neighbourhood": null, "addr:subdistrict": null, "contact:instagram": null, "sport": null, "url": null, "old_name": null, "payment:cash": null, "payment:coins": null, "payment:ep_cash": null, "payment:visa": null, "payment:visa_debit": null, "building:roof": null, "building:structure": null, "building:walls": null, "access:roof": null, "hospital:type": null, "landuse": null, "height": null, "addr:street:sym_ul": null, "religion": null, "internet_access:ssid": null, "museum": null, "name:id": null, "wikimedia_commons": null, "school": null, "area": null, "tactile_paving": null, "wikidata": null, "since": null, "layer": null, "type": null, "path": "/home/perhanjay/QGIS/balikpapan_pois_pol_poi.gpkg" }, "geometry": { "type": "Point", "coordinates": [ 116.878065049999989, -1.2308323 ] } },
{ "type": "Feature", "properties": { "element": "way", "id": 579328771.0, "amenity": null, "name": "Yova Supermart", "tourism": null, "cuisine": null, "addr:city": null, "addr:postcode": null, "addr:street": null, "shop": "supermarket", "addr:housenumber": null, "level": null, "smoking": null, "beds": null, "internet_access": null, "internet_access:fee": null, "operator": null, "rooms": null, "wheelchair": null, "stars": null, "opening_hours": null, "addr:full": null, "building": "yes", "building:levels": null, "capacity:persons": null, "operator:type": null, "school:type_idn": null, "website": null, "historic": null, "capacity": null, "delivery": null, "description": null, "outdoor_seating": null, "phone": null, "takeaway": null, "leisure": null, "emergency": null, "healthcare": null, "healthcare:speciality": null, "brand": null, "brand:wikidata": null, "brand:wikipedia": null, "short_name": null, "diet:halal": null, "branch": null, "email": null, "air_conditioning": null, "guest_house": null, "name:en": null, "addr:housename": null, "addr:province": null, "addr:unit": null, "addr:district": null, "addr:neighbourhood": null, "addr:subdistrict": null, "contact:instagram": null, "sport": null, "url": null, "old_name": null, "payment:cash": null, "payment:coins": null, "payment:ep_cash": null, "payment:visa": null, "payment:visa_debit": null, "building:roof": null, "building:structure": null, "building:walls": null, "access:roof": null, "hospital:type": null, "landuse": null, "height": null, "addr:street:sym_ul": null, "religion": null, "internet_access:ssid": null, "museum": null, "name:id": null, "wikimedia_commons": null, "school": null, "area": null, "tactile_paving": null, "wikidata": null, "since": null, "layer": null, "type": null, "path": "/home/perhanjay/QGIS/balikpapan_pois_pol_poi.gpkg" }, "geometry": { "type": "Point", "coordinates": [ 116.84618575, -1.26423785 ] } },
{ "type": "Feature", "properties": { "element": "way", "id": 579328930.0, "amenity": "restaurant", "name": "Kedai Sabindo - Klandasan Ilir", "tourism": null, "cuisine": null, "addr:city": null, "addr:postcode": null, "addr:street": null, "shop": null, "addr:housenumber": null, "level": null, "smoking": null, "beds": null, "internet_access": null, "internet_access:fee": null, "operator": null, "rooms": null, "wheelchair": null, "stars": null, "opening_hours": null, "addr:full": null, "building": "yes", "building:levels": null, "capacity:persons": null, "operator:type": null, "school:type_idn": null, "website": null, "historic": null, "capacity": null, "delivery": null, "description": null, "outdoor_seating": null, "phone": null, "takeaway": null, "leisure": null, "emergency": null, "healthcare": null, "healthcare:speciality": null, "brand": null, "brand:wikidata": null, "brand:wikipedia": null, "short_name": null, "diet:halal": null, "branch": null, "email": null, "air_conditioning": null, "guest_house": null, "name:en": null, "addr:housename": null, "addr:province": null, "addr:unit": null, "addr:district": null, "addr:neighbourhood": null, "addr:subdistrict": null, "contact:instagram": null, "sport": null, "url": null, "old_name": null, "payment:cash": null, "payment:coins": null, "payment:ep_cash": null, "payment:visa": null, "payment:visa_debit": null, "building:roof": null, "building:structure": null, "building:walls": null, "access:roof": null, "hospital:type": null, "landuse": null, "height": null, "addr:street:sym_ul": null, "religion": null, "internet_access:ssid": null, "museum": null, "name:id": null, "wikimedia_commons": null, "school": null, "area": null, "tactile_paving": null, "wikidata": null, "since": null, "layer": null, "type": null, "path": "/home/perhanjay/QGIS/balikpapan_pois_pol_poi.gpkg" }, "geometry": { "type": "Point", "coordinates": [ 116.846002699999971, -1.2674935 ] } },
{ "type": "Feature", "properties": { "element": "way", "id": 579329198.0, "amenity": null, "name": "Hotel Sinderella Balikpapan", "tourism": "hotel", "cuisine": null, "addr:city": null, "addr:postcode": null, "addr:street": null, "shop": null, "addr:housenumber": null, "level": null, "smoking": null, "beds": null, "internet_access": null, "internet_access:fee": null, "operator": null, "rooms": null, "wheelchair": null, "stars": null, "opening_hours": null, "addr:full": null, "building": "yes", "building:levels": null, "capacity:persons": null, "operator:type": null, "school:type_idn": null, "website": null, "historic": null, "capacity": null, "delivery": null, "description": null, "outdoor_seating": null, "phone": null, "takeaway": null, "leisure": null, "emergency": null, "healthcare": null, "healthcare:speciality": null, "brand": null, "brand:wikidata": null, "brand:wikipedia": null, "short_name": null, "diet:halal": null, "branch": null, "email": null, "air_conditioning": null, "guest_house": null, "name:en": null, "addr:housename": null, "addr:province": null, "addr:unit": null, "addr:district": null, "addr:neighbourhood": null, "addr:subdistrict": null, "contact:instagram": null, "sport": null, "url": null, "old_name": null, "payment:cash": null, "payment:coins": null, "payment:ep_cash": null, "payment:visa": null, "payment:visa_debit": null, "building:roof": null, "building:structure": null, "building:walls": null, "access:roof": null, "hospital:type": null, "landuse": null, "height": null, "addr:street:sym_ul": null, "religion": null, "internet_access:ssid": null, "museum": null, "name:id": null, "wikimedia_commons": null, "school": null, "area": null, "tactile_paving": null, "wikidata": null, "since": null, "layer": null, "type": null, "path": "/home/perhanjay/QGIS/balikpapan_pois_pol_poi.gpkg" }, "geometry": { "type": "Point", "coordinates": [ 116.845312080798934, -1.272413693399573 ] } },
{ "type": "Feature", "properties": { "element": "way", "id": 579329444.0, "amenity": null, "name": "Markoni 18A Airy Rooms", "tourism": "hotel", "cuisine": null, "addr:city": null, "addr:postcode": null, "addr:street": null, "shop": null, "addr:housenumber": null, "level": null, "smoking": null, "beds": null, "internet_access": null, "internet_access:fee": null, "operator": null, "rooms": null, "wheelchair": null, "stars": null, "opening_hours": null, "addr:full": null, "building": "yes", "building:levels": null, "capacity:persons": null, "operator:type": null, "school:type_idn": null, "website": null, "historic": null, "capacity": null, "delivery": null, "description": null, "outdoor_seating": null, "phone": null, "takeaway": null, "leisure": null, "emergency": null, "healthcare": null, "healthcare:speciality": null, "brand": null, "brand:wikidata": null, "brand:wikipedia": null, "short_name": null, "diet:halal": null, "branch": null, "email": null, "air_conditioning": null, "guest_house": null, "name:en": null, "addr:housename": null, "addr:province": null, "addr:unit": null, "addr:district": null, "addr:neighbourhood": null, "addr:subdistrict": null, "contact:instagram": null, "sport": null, "url": null, "old_name": null, "payment:cash": null, "payment:coins": null, "payment:ep_cash": null, "payment:visa": null, "payment:visa_debit": null, "building:roof": null, "building:structure": null, "building:walls": null, "access:roof": null, "hospital:type": null, "landuse": null, "height": null, "addr:street:sym_ul": null, "religion": null, "internet_access:ssid": null, "museum": null, "name:id": null, "wikimedia_commons": null, "school": null, "area": null, "tactile_paving": null, "wikidata": null, "since": null, "layer": null, "type": null, "path": "/home/perhanjay/QGIS/balikpapan_pois_pol_poi.gpkg" }, "geometry": { "type": "Point", "coordinates": [ 116.848485380847606, -1.272974697206597 ] } },
{ "type": "Feature", "properties": { "element": "way", "id": 579329536.0, "amenity": "restaurant", "name": "Iga Bakar Mas Giri - Balikpapan", "tourism": null, "cuisine": null, "addr:city": null, "addr:postcode": null, "addr:street": null, "shop": null, "addr:housenumber": null, "level": null, "smoking": null, "beds": null, "internet_access": null, "internet_access:fee": null, "operator": null, "rooms": null, "wheelchair": null, "stars": null, "opening_hours": null, "addr:full": null, "building": "yes", "building:levels": null, "capacity:persons": null, "operator:type": null, "school:type_idn": null, "website": null, "historic": null, "capacity": null, "delivery": null, "description": null, "outdoor_seating": null, "phone": null, "takeaway": null, "leisure": null, "emergency": null, "healthcare": null, "healthcare:speciality": null, "brand": null, "brand:wikidata": null, "brand:wikipedia": null, "short_name": null, "diet:halal": null, "branch": null, "email": null, "air_conditioning": null, "guest_house": null, "name:en": null, "addr:housename": null, "addr:province": null, "addr:unit": null, "addr:district": null, "addr:neighbourhood": null, "addr:subdistrict": null, "contact:instagram": null, "sport": null, "url": null, "old_name": null, "payment:cash": null, "payment:coins": null, "payment:ep_cash": null, "payment:visa": null, "payment:visa_debit": null, "building:roof": null, "building:structure": null, "building:walls": null, "access:roof": null, "hospital:type": null, "landuse": null, "height": null, "addr:street:sym_ul": null, "religion": null, "internet_access:ssid": null, "museum": null, "name:id": null, "wikimedia_commons": null, "school": null, "area": null, "tactile_paving": null, "wikidata": null, "since": null, "layer": null, "type": null, "path": "/home/perhanjay/QGIS/balikpapan_pois_pol_poi.gpkg" }, "geometry": { "type": "Point", "coordinates": [ 116.85030085, -1.2736172 ] } },
{ "type": "Feature", "properties": { "element": "way", "id": 580031930.0, "amenity": "restaurant", "name": "Depot Kalbar Muara Rapak", "tourism": null, "cuisine": null, "addr:city": null, "addr:postcode": null, "addr:street": null, "shop": null, "addr:housenumber": null, "level": null, "smoking": null, "beds": null, "internet_access": null, "internet_access:fee": null, "operator": null, "rooms": null, "wheelchair": null, "stars": null, "opening_hours": null, "addr:full": null, "building": "yes", "building:levels": null, "capacity:persons": null, "operator:type": null, "school:type_idn": null, "website": null, "historic": null, "capacity": null, "delivery": null, "description": null, "outdoor_seating": null, "phone": null, "takeaway": null, "leisure": null, "emergency": null, "healthcare": null, "healthcare:speciality": null, "brand": null, "brand:wikidata": null, "brand:wikipedia": null, "short_name": null, "diet:halal": null, "branch": null, "email": null, "air_conditioning": null, "guest_house": null, "name:en": null, "addr:housename": null, "addr:province": null, "addr:unit": null, "addr:district": null, "addr:neighbourhood": null, "addr:subdistrict": null, "contact:instagram": null, "sport": null, "url": null, "old_name": null, "payment:cash": null, "payment:coins": null, "payment:ep_cash": null, "payment:visa": null, "payment:visa_debit": null, "building:roof": null, "building:structure": null, "building:walls": null, "access:roof": null, "hospital:type": null, "landuse": null, "height": null, "addr:street:sym_ul": null, "religion": null, "internet_access:ssid": null, "museum": null, "name:id": null, "wikimedia_commons": null, "school": null, "area": null, "tactile_paving": null, "wikidata": null, "since": null, "layer": null, "type": null, "path": "/home/perhanjay/QGIS/balikpapan_pois_pol_poi.gpkg" }, "geometry": { "type": "Point", "coordinates": [ 116.834107499999973, -1.24200505 ] } },
{ "type": "Feature", "properties": { "element": "way", "id": 580032326.0, "amenity": "restaurant", "name": "RM Lembah Anai Karang Anyar", "tourism": null, "cuisine": null, "addr:city": null, "addr:postcode": null, "addr:street": null, "shop": null, "addr:housenumber": null, "level": null, "smoking": null, "beds": null, "internet_access": null, "internet_access:fee": null, "operator": null, "rooms": null, "wheelchair": null, "stars": null, "opening_hours": null, "addr:full": null, "building": "yes", "building:levels": null, "capacity:persons": null, "operator:type": null, "school:type_idn": null, "website": null, "historic": null, "capacity": null, "delivery": null, "description": null, "outdoor_seating": null, "phone": null, "takeaway": null, "leisure": null, "emergency": null, "healthcare": null, "healthcare:speciality": null, "brand": null, "brand:wikidata": null, "brand:wikipedia": null, "short_name": null, "diet:halal": null, "branch": null, "email": null, "air_conditioning": null, "guest_house": null, "name:en": null, "addr:housename": null, "addr:province": null, "addr:unit": null, "addr:district": null, "addr:neighbourhood": null, "addr:subdistrict": null, "contact:instagram": null, "sport": null, "url": null, "old_name": null, "payment:cash": null, "payment:coins": null, "payment:ep_cash": null, "payment:visa": null, "payment:visa_debit": null, "building:roof": null, "building:structure": null, "building:walls": null, "access:roof": null, "hospital:type": null, "landuse": null, "height": null, "addr:street:sym_ul": null, "religion": null, "internet_access:ssid": null, "museum": null, "name:id": null, "wikimedia_commons": null, "school": null, "area": null, "tactile_paving": null, "wikidata": null, "since": null, "layer": null, "type": null, "path": "/home/perhanjay/QGIS/balikpapan_pois_pol_poi.gpkg" }, "geometry": { "type": "Point", "coordinates": [ 116.829266055084162, -1.241819524693722 ] } },
{ "type": "Feature", "properties": { "element": "way", "id": 580215312.0, "amenity": null, "name": "Ferris House", "tourism": "guest_house", "cuisine": null, "addr:city": null, "addr:postcode": null, "addr:street": null, "shop": null, "addr:housenumber": null, "level": null, "smoking": null, "beds": null, "internet_access": null, "internet_access:fee": null, "operator": null, "rooms": null, "wheelchair": null, "stars": null, "opening_hours": null, "addr:full": null, "building": "yes", "building:levels": null, "capacity:persons": null, "operator:type": null, "school:type_idn": null, "website": null, "historic": null, "capacity": null, "delivery": null, "description": null, "outdoor_seating": null, "phone": null, "takeaway": null, "leisure": null, "emergency": null, "healthcare": null, "healthcare:speciality": null, "brand": null, "brand:wikidata": null, "brand:wikipedia": null, "short_name": null, "diet:halal": null, "branch": null, "email": null, "air_conditioning": null, "guest_house": null, "name:en": null, "addr:housename": null, "addr:province": null, "addr:unit": null, "addr:district": null, "addr:neighbourhood": null, "addr:subdistrict": null, "contact:instagram": null, "sport": null, "url": null, "old_name": null, "payment:cash": null, "payment:coins": null, "payment:ep_cash": null, "payment:visa": null, "payment:visa_debit": null, "building:roof": null, "building:structure": null, "building:walls": null, "access:roof": null, "hospital:type": null, "landuse": null, "height": null, "addr:street:sym_ul": null, "religion": null, "internet_access:ssid": null, "museum": null, "name:id": null, "wikimedia_commons": null, "school": null, "area": null, "tactile_paving": null, "wikidata": null, "since": null, "layer": null, "type": null, "path": "/home/perhanjay/QGIS/balikpapan_pois_pol_poi.gpkg" }, "geometry": { "type": "Point", "coordinates": [ 116.86953725, -1.25067755 ] } },
{ "type": "Feature", "properties": { "element": "way", "id": 580215313.0, "amenity": null, "name": "Guest House Golden Snail", "tourism": "guest_house", "cuisine": null, "addr:city": null, "addr:postcode": null, "addr:street": null, "shop": null, "addr:housenumber": null, "level": null, "smoking": null, "beds": null, "internet_access": null, "internet_access:fee": null, "operator": null, "rooms": null, "wheelchair": null, "stars": null, "opening_hours": null, "addr:full": null, "building": "yes", "building:levels": null, "capacity:persons": null, "operator:type": null, "school:type_idn": null, "website": null, "historic": null, "capacity": null, "delivery": null, "description": null, "outdoor_seating": null, "phone": null, "takeaway": null, "leisure": null, "emergency": null, "healthcare": null, "healthcare:speciality": null, "brand": null, "brand:wikidata": null, "brand:wikipedia": null, "short_name": null, "diet:halal": null, "branch": null, "email": null, "air_conditioning": null, "guest_house": null, "name:en": null, "addr:housename": null, "addr:province": null, "addr:unit": null, "addr:district": null, "addr:neighbourhood": null, "addr:subdistrict": null, "contact:instagram": null, "sport": null, "url": null, "old_name": null, "payment:cash": null, "payment:coins": null, "payment:ep_cash": null, "payment:visa": null, "payment:visa_debit": null, "building:roof": null, "building:structure": null, "building:walls": null, "access:roof": null, "hospital:type": null, "landuse": null, "height": null, "addr:street:sym_ul": null, "religion": null, "internet_access:ssid": null, "museum": null, "name:id": null, "wikimedia_commons": null, "school": null, "area": null, "tactile_paving": null, "wikidata": null, "since": null, "layer": null, "type": null, "path": "/home/perhanjay/QGIS/balikpapan_pois_pol_poi.gpkg" }, "geometry": { "type": "Point", "coordinates": [ 116.869984549999984, -1.25059095 ] } },
{ "type": "Feature", "properties": { "element": "way", "id": 580215317.0, "amenity": "cafe", "name": "Roti Tiam Bakery & Cafe", "tourism": null, "cuisine": null, "addr:city": null, "addr:postcode": null, "addr:street": null, "shop": null, "addr:housenumber": null, "level": null, "smoking": null, "beds": null, "internet_access": null, "internet_access:fee": null, "operator": null, "rooms": null, "wheelchair": null, "stars": null, "opening_hours": null, "addr:full": null, "building": "yes", "building:levels": null, "capacity:persons": null, "operator:type": null, "school:type_idn": null, "website": null, "historic": null, "capacity": null, "delivery": null, "description": null, "outdoor_seating": null, "phone": null, "takeaway": null, "leisure": null, "emergency": null, "healthcare": null, "healthcare:speciality": null, "brand": null, "brand:wikidata": null, "brand:wikipedia": null, "short_name": null, "diet:halal": null, "branch": null, "email": null, "air_conditioning": null, "guest_house": null, "name:en": null, "addr:housename": null, "addr:province": null, "addr:unit": null, "addr:district": null, "addr:neighbourhood": null, "addr:subdistrict": null, "contact:instagram": null, "sport": null, "url": null, "old_name": null, "payment:cash": null, "payment:coins": null, "payment:ep_cash": null, "payment:visa": null, "payment:visa_debit": null, "building:roof": null, "building:structure": null, "building:walls": null, "access:roof": null, "hospital:type": null, "landuse": null, "height": null, "addr:street:sym_ul": null, "religion": null, "internet_access:ssid": null, "museum": null, "name:id": null, "wikimedia_commons": null, "school": null, "area": null, "tactile_paving": null, "wikidata": null, "since": null, "layer": null, "type": null, "path": "/home/perhanjay/QGIS/balikpapan_pois_pol_poi.gpkg" }, "geometry": { "type": "Point", "coordinates": [ 116.870064866666652, -1.2507542 ] } },
{ "type": "Feature", "properties": { "element": "way", "id": 580215940.0, "amenity": "restaurant", "name": "Mie Ayam & Bakso Kolor Ijo", "tourism": null, "cuisine": null, "addr:city": null, "addr:postcode": null, "addr:street": null, "shop": null, "addr:housenumber": null, "level": null, "smoking": null, "beds": null, "internet_access": null, "internet_access:fee": null, "operator": null, "rooms": null, "wheelchair": null, "stars": null, "opening_hours": null, "addr:full": null, "building": "yes", "building:levels": null, "capacity:persons": null, "operator:type": null, "school:type_idn": null, "website": null, "historic": null, "capacity": null, "delivery": null, "description": null, "outdoor_seating": null, "phone": null, "takeaway": null, "leisure": null, "emergency": null, "healthcare": null, "healthcare:speciality": null, "brand": null, "brand:wikidata": null, "brand:wikipedia": null, "short_name": null, "diet:halal": null, "branch": null, "email": null, "air_conditioning": null, "guest_house": null, "name:en": null, "addr:housename": null, "addr:province": null, "addr:unit": null, "addr:district": null, "addr:neighbourhood": null, "addr:subdistrict": null, "contact:instagram": null, "sport": null, "url": null, "old_name": null, "payment:cash": null, "payment:coins": null, "payment:ep_cash": null, "payment:visa": null, "payment:visa_debit": null, "building:roof": null, "building:structure": null, "building:walls": null, "access:roof": null, "hospital:type": null, "landuse": null, "height": null, "addr:street:sym_ul": null, "religion": null, "internet_access:ssid": null, "museum": null, "name:id": null, "wikimedia_commons": null, "school": null, "area": null, "tactile_paving": null, "wikidata": null, "since": null, "layer": null, "type": null, "path": "/home/perhanjay/QGIS/balikpapan_pois_pol_poi.gpkg" }, "geometry": { "type": "Point", "coordinates": [ 116.846595585445982, -1.263685594837244 ] } },
{ "type": "Feature", "properties": { "element": "way", "id": 580216393.0, "amenity": null, "name": "Sahabat Kost", "tourism": "hostel", "cuisine": null, "addr:city": null, "addr:postcode": null, "addr:street": null, "shop": null, "addr:housenumber": null, "level": null, "smoking": null, "beds": null, "internet_access": null, "internet_access:fee": null, "operator": null, "rooms": null, "wheelchair": null, "stars": null, "opening_hours": null, "addr:full": null, "building": "yes", "building:levels": null, "capacity:persons": null, "operator:type": null, "school:type_idn": null, "website": null, "historic": null, "capacity": null, "delivery": null, "description": null, "outdoor_seating": null, "phone": null, "takeaway": null, "leisure": null, "emergency": null, "healthcare": null, "healthcare:speciality": null, "brand": null, "brand:wikidata": null, "brand:wikipedia": null, "short_name": null, "diet:halal": null, "branch": null, "email": null, "air_conditioning": null, "guest_house": null, "name:en": null, "addr:housename": null, "addr:province": null, "addr:unit": null, "addr:district": null, "addr:neighbourhood": null, "addr:subdistrict": null, "contact:instagram": null, "sport": null, "url": null, "old_name": null, "payment:cash": null, "payment:coins": null, "payment:ep_cash": null, "payment:visa": null, "payment:visa_debit": null, "building:roof": null, "building:structure": null, "building:walls": null, "access:roof": null, "hospital:type": null, "landuse": null, "height": null, "addr:street:sym_ul": null, "religion": null, "internet_access:ssid": null, "museum": null, "name:id": null, "wikimedia_commons": null, "school": null, "area": null, "tactile_paving": null, "wikidata": null, "since": null, "layer": null, "type": null, "path": "/home/perhanjay/QGIS/balikpapan_pois_pol_poi.gpkg" }, "geometry": { "type": "Point", "coordinates": [ 116.84461923559445, -1.265062459282372 ] } },
{ "type": "Feature", "properties": { "element": "way", "id": 580216491.0, "amenity": "restaurant", "name": "D'Pondok Soban Klandasan ilir", "tourism": null, "cuisine": null, "addr:city": null, "addr:postcode": null, "addr:street": null, "shop": null, "addr:housenumber": null, "level": null, "smoking": null, "beds": null, "internet_access": null, "internet_access:fee": null, "operator": null, "rooms": null, "wheelchair": null, "stars": null, "opening_hours": null, "addr:full": null, "building": "yes", "building:levels": null, "capacity:persons": null, "operator:type": null, "school:type_idn": null, "website": null, "historic": null, "capacity": null, "delivery": null, "description": null, "outdoor_seating": null, "phone": null, "takeaway": null, "leisure": null, "emergency": null, "healthcare": null, "healthcare:speciality": null, "brand": null, "brand:wikidata": null, "brand:wikipedia": null, "short_name": null, "diet:halal": null, "branch": null, "email": null, "air_conditioning": null, "guest_house": null, "name:en": null, "addr:housename": null, "addr:province": null, "addr:unit": null, "addr:district": null, "addr:neighbourhood": null, "addr:subdistrict": null, "contact:instagram": null, "sport": null, "url": null, "old_name": null, "payment:cash": null, "payment:coins": null, "payment:ep_cash": null, "payment:visa": null, "payment:visa_debit": null, "building:roof": null, "building:structure": null, "building:walls": null, "access:roof": null, "hospital:type": null, "landuse": null, "height": null, "addr:street:sym_ul": null, "religion": null, "internet_access:ssid": null, "museum": null, "name:id": null, "wikimedia_commons": null, "school": null, "area": null, "tactile_paving": null, "wikidata": null, "since": null, "layer": null, "type": null, "path": "/home/perhanjay/QGIS/balikpapan_pois_pol_poi.gpkg" }, "geometry": { "type": "Point", "coordinates": [ 116.844342241198291, -1.265600334374323 ] } },
{ "type": "Feature", "properties": { "element": "way", "id": 580217244.0, "amenity": null, "name": "Maxi Swalayan Gunung Malang", "tourism": null, "cuisine": null, "addr:city": null, "addr:postcode": null, "addr:street": null, "shop": "supermarket", "addr:housenumber": null, "level": null, "smoking": null, "beds": null, "internet_access": null, "internet_access:fee": null, "operator": null, "rooms": null, "wheelchair": null, "stars": null, "opening_hours": null, "addr:full": null, "building": "yes", "building:levels": null, "capacity:persons": null, "operator:type": null, "school:type_idn": null, "website": null, "historic": null, "capacity": null, "delivery": null, "description": null, "outdoor_seating": null, "phone": null, "takeaway": null, "leisure": null, "emergency": null, "healthcare": null, "healthcare:speciality": null, "brand": null, "brand:wikidata": null, "brand:wikipedia": null, "short_name": null, "diet:halal": null, "branch": null, "email": null, "air_conditioning": null, "guest_house": null, "name:en": null, "addr:housename": null, "addr:province": null, "addr:unit": null, "addr:district": null, "addr:neighbourhood": null, "addr:subdistrict": null, "contact:instagram": null, "sport": null, "url": null, "old_name": null, "payment:cash": null, "payment:coins": null, "payment:ep_cash": null, "payment:visa": null, "payment:visa_debit": null, "building:roof": null, "building:structure": null, "building:walls": null, "access:roof": null, "hospital:type": null, "landuse": null, "height": null, "addr:street:sym_ul": null, "religion": null, "internet_access:ssid": null, "museum": null, "name:id": null, "wikimedia_commons": null, "school": null, "area": null, "tactile_paving": null, "wikidata": null, "since": null, "layer": null, "type": null, "path": "/home/perhanjay/QGIS/balikpapan_pois_pol_poi.gpkg" }, "geometry": { "type": "Point", "coordinates": [ 116.845362350000016, -1.27149435 ] } },
{ "type": "Feature", "properties": { "element": "way", "id": 580262938.0, "amenity": "restaurant", "name": "Warung Jauhari", "tourism": null, "cuisine": null, "addr:city": null, "addr:postcode": null, "addr:street": null, "shop": null, "addr:housenumber": null, "level": null, "smoking": null, "beds": null, "internet_access": null, "internet_access:fee": null, "operator": null, "rooms": null, "wheelchair": null, "stars": null, "opening_hours": null, "addr:full": null, "building": "yes", "building:levels": null, "capacity:persons": null, "operator:type": null, "school:type_idn": null, "website": null, "historic": null, "capacity": null, "delivery": null, "description": null, "outdoor_seating": null, "phone": null, "takeaway": null, "leisure": null, "emergency": null, "healthcare": null, "healthcare:speciality": null, "brand": null, "brand:wikidata": null, "brand:wikipedia": null, "short_name": null, "diet:halal": null, "branch": null, "email": null, "air_conditioning": null, "guest_house": null, "name:en": null, "addr:housename": null, "addr:province": null, "addr:unit": null, "addr:district": null, "addr:neighbourhood": null, "addr:subdistrict": null, "contact:instagram": null, "sport": null, "url": null, "old_name": null, "payment:cash": null, "payment:coins": null, "payment:ep_cash": null, "payment:visa": null, "payment:visa_debit": null, "building:roof": null, "building:structure": null, "building:walls": null, "access:roof": null, "hospital:type": null, "landuse": null, "height": null, "addr:street:sym_ul": null, "religion": null, "internet_access:ssid": null, "museum": null, "name:id": null, "wikimedia_commons": null, "school": null, "area": null, "tactile_paving": null, "wikidata": null, "since": null, "layer": null, "type": null, "path": "/home/perhanjay/QGIS/balikpapan_pois_pol_poi.gpkg" }, "geometry": { "type": "Point", "coordinates": [ 116.854463899999985, -1.21661155 ] } },
{ "type": "Feature", "properties": { "element": "way", "id": 580349857.0, "amenity": null, "name": "Open House Balikpapan", "tourism": "guest_house", "cuisine": null, "addr:city": null, "addr:postcode": null, "addr:street": null, "shop": null, "addr:housenumber": null, "level": null, "smoking": null, "beds": null, "internet_access": null, "internet_access:fee": null, "operator": null, "rooms": null, "wheelchair": null, "stars": null, "opening_hours": null, "addr:full": null, "building": "yes", "building:levels": null, "capacity:persons": null, "operator:type": null, "school:type_idn": null, "website": null, "historic": null, "capacity": null, "delivery": null, "description": null, "outdoor_seating": null, "phone": null, "takeaway": null, "leisure": null, "emergency": null, "healthcare": null, "healthcare:speciality": null, "brand": null, "brand:wikidata": null, "brand:wikipedia": null, "short_name": null, "diet:halal": null, "branch": null, "email": null, "air_conditioning": null, "guest_house": null, "name:en": null, "addr:housename": null, "addr:province": null, "addr:unit": null, "addr:district": null, "addr:neighbourhood": null, "addr:subdistrict": null, "contact:instagram": null, "sport": null, "url": null, "old_name": null, "payment:cash": null, "payment:coins": null, "payment:ep_cash": null, "payment:visa": null, "payment:visa_debit": null, "building:roof": null, "building:structure": null, "building:walls": null, "access:roof": null, "hospital:type": null, "landuse": null, "height": null, "addr:street:sym_ul": null, "religion": null, "internet_access:ssid": null, "museum": null, "name:id": null, "wikimedia_commons": null, "school": null, "area": null, "tactile_paving": null, "wikidata": null, "since": null, "layer": null, "type": null, "path": "/home/perhanjay/QGIS/balikpapan_pois_pol_poi.gpkg" }, "geometry": { "type": "Point", "coordinates": [ 116.849418844828506, -1.269906980535332 ] } },
{ "type": "Feature", "properties": { "element": "way", "id": 580403225.0, "amenity": null, "name": "Ikhwan Guest House", "tourism": "guest_house", "cuisine": null, "addr:city": null, "addr:postcode": null, "addr:street": null, "shop": null, "addr:housenumber": null, "level": null, "smoking": null, "beds": null, "internet_access": null, "internet_access:fee": null, "operator": null, "rooms": null, "wheelchair": null, "stars": null, "opening_hours": null, "addr:full": null, "building": "yes", "building:levels": null, "capacity:persons": null, "operator:type": null, "school:type_idn": null, "website": null, "historic": null, "capacity": null, "delivery": null, "description": null, "outdoor_seating": null, "phone": null, "takeaway": null, "leisure": null, "emergency": null, "healthcare": null, "healthcare:speciality": null, "brand": null, "brand:wikidata": null, "brand:wikipedia": null, "short_name": null, "diet:halal": null, "branch": null, "email": null, "air_conditioning": null, "guest_house": null, "name:en": null, "addr:housename": null, "addr:province": null, "addr:unit": null, "addr:district": null, "addr:neighbourhood": null, "addr:subdistrict": null, "contact:instagram": null, "sport": null, "url": null, "old_name": null, "payment:cash": null, "payment:coins": null, "payment:ep_cash": null, "payment:visa": null, "payment:visa_debit": null, "building:roof": null, "building:structure": null, "building:walls": null, "access:roof": null, "hospital:type": null, "landuse": null, "height": null, "addr:street:sym_ul": null, "religion": null, "internet_access:ssid": null, "museum": null, "name:id": null, "wikimedia_commons": null, "school": null, "area": null, "tactile_paving": null, "wikidata": null, "since": null, "layer": null, "type": null, "path": "/home/perhanjay/QGIS/balikpapan_pois_pol_poi.gpkg" }, "geometry": { "type": "Point", "coordinates": [ 116.87207940456608, -1.246035029511975 ] } },
{ "type": "Feature", "properties": { "element": "way", "id": 580452565.0, "amenity": "cafe", "name": "Nam Min Kampung Timur", "tourism": null, "cuisine": null, "addr:city": null, "addr:postcode": null, "addr:street": null, "shop": null, "addr:housenumber": null, "level": null, "smoking": null, "beds": null, "internet_access": null, "internet_access:fee": null, "operator": null, "rooms": null, "wheelchair": null, "stars": null, "opening_hours": null, "addr:full": null, "building": "yes", "building:levels": null, "capacity:persons": null, "operator:type": null, "school:type_idn": null, "website": null, "historic": null, "capacity": null, "delivery": null, "description": null, "outdoor_seating": null, "phone": null, "takeaway": null, "leisure": null, "emergency": null, "healthcare": null, "healthcare:speciality": null, "brand": null, "brand:wikidata": null, "brand:wikipedia": null, "short_name": null, "diet:halal": null, "branch": null, "email": null, "air_conditioning": null, "guest_house": null, "name:en": null, "addr:housename": null, "addr:province": null, "addr:unit": null, "addr:district": null, "addr:neighbourhood": null, "addr:subdistrict": null, "contact:instagram": null, "sport": null, "url": null, "old_name": null, "payment:cash": null, "payment:coins": null, "payment:ep_cash": null, "payment:visa": null, "payment:visa_debit": null, "building:roof": null, "building:structure": null, "building:walls": null, "access:roof": null, "hospital:type": null, "landuse": null, "height": null, "addr:street:sym_ul": null, "religion": null, "internet_access:ssid": null, "museum": null, "name:id": null, "wikimedia_commons": null, "school": null, "area": null, "tactile_paving": null, "wikidata": null, "since": null, "layer": null, "type": null, "path": "/home/perhanjay/QGIS/balikpapan_pois_pol_poi.gpkg" }, "geometry": { "type": "Point", "coordinates": [ 116.860342727069821, -1.234383642641683 ] } },
{ "type": "Feature", "properties": { "element": "way", "id": 581040181.0, "amenity": "restaurant", "name": "Warung Nganjuk", "tourism": null, "cuisine": null, "addr:city": null, "addr:postcode": null, "addr:street": null, "shop": null, "addr:housenumber": null, "level": null, "smoking": null, "beds": null, "internet_access": null, "internet_access:fee": null, "operator": null, "rooms": null, "wheelchair": null, "stars": null, "opening_hours": null, "addr:full": null, "building": "yes", "building:levels": null, "capacity:persons": null, "operator:type": null, "school:type_idn": null, "website": null, "historic": null, "capacity": null, "delivery": null, "description": null, "outdoor_seating": null, "phone": null, "takeaway": null, "leisure": null, "emergency": null, "healthcare": null, "healthcare:speciality": null, "brand": null, "brand:wikidata": null, "brand:wikipedia": null, "short_name": null, "diet:halal": null, "branch": null, "email": null, "air_conditioning": null, "guest_house": null, "name:en": null, "addr:housename": null, "addr:province": null, "addr:unit": null, "addr:district": null, "addr:neighbourhood": null, "addr:subdistrict": null, "contact:instagram": null, "sport": null, "url": null, "old_name": null, "payment:cash": null, "payment:coins": null, "payment:ep_cash": null, "payment:visa": null, "payment:visa_debit": null, "building:roof": null, "building:structure": null, "building:walls": null, "access:roof": null, "hospital:type": null, "landuse": null, "height": null, "addr:street:sym_ul": null, "religion": null, "internet_access:ssid": null, "museum": null, "name:id": null, "wikimedia_commons": null, "school": null, "area": null, "tactile_paving": null, "wikidata": null, "since": null, "layer": null, "type": null, "path": "/home/perhanjay/QGIS/balikpapan_pois_pol_poi.gpkg" }, "geometry": { "type": "Point", "coordinates": [ 116.84123375, -1.23932095 ] } },
{ "type": "Feature", "properties": { "element": "way", "id": 581040191.0, "amenity": "restaurant", "name": "Mimi Chicken - Gunung Samarinda", "tourism": null, "cuisine": null, "addr:city": null, "addr:postcode": null, "addr:street": null, "shop": null, "addr:housenumber": null, "level": null, "smoking": null, "beds": null, "internet_access": null, "internet_access:fee": null, "operator": null, "rooms": null, "wheelchair": null, "stars": null, "opening_hours": null, "addr:full": null, "building": "yes", "building:levels": null, "capacity:persons": null, "operator:type": null, "school:type_idn": null, "website": null, "historic": null, "capacity": null, "delivery": null, "description": null, "outdoor_seating": null, "phone": null, "takeaway": null, "leisure": null, "emergency": null, "healthcare": null, "healthcare:speciality": null, "brand": null, "brand:wikidata": null, "brand:wikipedia": null, "short_name": null, "diet:halal": null, "branch": null, "email": null, "air_conditioning": null, "guest_house": null, "name:en": null, "addr:housename": null, "addr:province": null, "addr:unit": null, "addr:district": null, "addr:neighbourhood": null, "addr:subdistrict": null, "contact:instagram": null, "sport": null, "url": null, "old_name": null, "payment:cash": null, "payment:coins": null, "payment:ep_cash": null, "payment:visa": null, "payment:visa_debit": null, "building:roof": null, "building:structure": null, "building:walls": null, "access:roof": null, "hospital:type": null, "landuse": null, "height": null, "addr:street:sym_ul": null, "religion": null, "internet_access:ssid": null, "museum": null, "name:id": null, "wikimedia_commons": null, "school": null, "area": null, "tactile_paving": null, "wikidata": null, "since": null, "layer": null, "type": null, "path": "/home/perhanjay/QGIS/balikpapan_pois_pol_poi.gpkg" }, "geometry": { "type": "Point", "coordinates": [ 116.840858576844525, -1.239334489938827 ] } },
{ "type": "Feature", "properties": { "element": "way", "id": 581175825.0, "amenity": "restaurant", "name": "Bro Chicken Ayam Geprek - Sumber Rejo", "tourism": null, "cuisine": null, "addr:city": null, "addr:postcode": null, "addr:street": null, "shop": null, "addr:housenumber": null, "level": null, "smoking": null, "beds": null, "internet_access": null, "internet_access:fee": null, "operator": null, "rooms": null, "wheelchair": null, "stars": null, "opening_hours": null, "addr:full": null, "building": "yes", "building:levels": null, "capacity:persons": null, "operator:type": null, "school:type_idn": null, "website": null, "historic": null, "capacity": null, "delivery": null, "description": null, "outdoor_seating": null, "phone": null, "takeaway": null, "leisure": null, "emergency": null, "healthcare": null, "healthcare:speciality": null, "brand": null, "brand:wikidata": null, "brand:wikipedia": null, "short_name": null, "diet:halal": null, "branch": null, "email": null, "air_conditioning": null, "guest_house": null, "name:en": null, "addr:housename": null, "addr:province": null, "addr:unit": null, "addr:district": null, "addr:neighbourhood": null, "addr:subdistrict": null, "contact:instagram": null, "sport": null, "url": null, "old_name": null, "payment:cash": null, "payment:coins": null, "payment:ep_cash": null, "payment:visa": null, "payment:visa_debit": null, "building:roof": null, "building:structure": null, "building:walls": null, "access:roof": null, "hospital:type": null, "landuse": null, "height": null, "addr:street:sym_ul": null, "religion": null, "internet_access:ssid": null, "museum": null, "name:id": null, "wikimedia_commons": null, "school": null, "area": null, "tactile_paving": null, "wikidata": null, "since": null, "layer": null, "type": null, "path": "/home/perhanjay/QGIS/balikpapan_pois_pol_poi.gpkg" }, "geometry": { "type": "Point", "coordinates": [ 116.845589237393554, -1.240029620399996 ] } },
{ "type": "Feature", "properties": { "element": "way", "id": 581175910.0, "amenity": null, "name": "Maxi Swalayan", "tourism": null, "cuisine": null, "addr:city": null, "addr:postcode": null, "addr:street": null, "shop": "supermarket", "addr:housenumber": null, "level": null, "smoking": null, "beds": null, "internet_access": null, "internet_access:fee": null, "operator": null, "rooms": null, "wheelchair": null, "stars": null, "opening_hours": null, "addr:full": null, "building": "yes", "building:levels": null, "capacity:persons": null, "operator:type": null, "school:type_idn": null, "website": null, "historic": null, "capacity": null, "delivery": null, "description": null, "outdoor_seating": null, "phone": null, "takeaway": null, "leisure": null, "emergency": null, "healthcare": null, "healthcare:speciality": null, "brand": null, "brand:wikidata": null, "brand:wikipedia": null, "short_name": null, "diet:halal": null, "branch": null, "email": null, "air_conditioning": null, "guest_house": null, "name:en": null, "addr:housename": null, "addr:province": null, "addr:unit": null, "addr:district": null, "addr:neighbourhood": null, "addr:subdistrict": null, "contact:instagram": null, "sport": null, "url": null, "old_name": null, "payment:cash": null, "payment:coins": null, "payment:ep_cash": null, "payment:visa": null, "payment:visa_debit": null, "building:roof": null, "building:structure": null, "building:walls": null, "access:roof": null, "hospital:type": null, "landuse": null, "height": null, "addr:street:sym_ul": null, "religion": null, "internet_access:ssid": null, "museum": null, "name:id": null, "wikimedia_commons": null, "school": null, "area": null, "tactile_paving": null, "wikidata": null, "since": null, "layer": null, "type": null, "path": "/home/perhanjay/QGIS/balikpapan_pois_pol_poi.gpkg" }, "geometry": { "type": "Point", "coordinates": [ 116.846118667897414, -1.239744154897025 ] } },
{ "type": "Feature", "properties": { "element": "way", "id": 581247976.0, "amenity": null, "name": "Guest House Nur aziziah", "tourism": "guest_house", "cuisine": null, "addr:city": null, "addr:postcode": null, "addr:street": null, "shop": null, "addr:housenumber": null, "level": null, "smoking": null, "beds": null, "internet_access": null, "internet_access:fee": null, "operator": null, "rooms": null, "wheelchair": null, "stars": null, "opening_hours": null, "addr:full": null, "building": "yes", "building:levels": null, "capacity:persons": null, "operator:type": null, "school:type_idn": null, "website": null, "historic": null, "capacity": null, "delivery": null, "description": null, "outdoor_seating": null, "phone": null, "takeaway": null, "leisure": null, "emergency": null, "healthcare": null, "healthcare:speciality": null, "brand": null, "brand:wikidata": null, "brand:wikipedia": null, "short_name": null, "diet:halal": null, "branch": null, "email": null, "air_conditioning": null, "guest_house": null, "name:en": null, "addr:housename": null, "addr:province": null, "addr:unit": null, "addr:district": null, "addr:neighbourhood": null, "addr:subdistrict": null, "contact:instagram": null, "sport": null, "url": null, "old_name": null, "payment:cash": null, "payment:coins": null, "payment:ep_cash": null, "payment:visa": null, "payment:visa_debit": null, "building:roof": null, "building:structure": null, "building:walls": null, "access:roof": null, "hospital:type": null, "landuse": null, "height": null, "addr:street:sym_ul": null, "religion": null, "internet_access:ssid": null, "museum": null, "name:id": null, "wikimedia_commons": null, "school": null, "area": null, "tactile_paving": null, "wikidata": null, "since": null, "layer": null, "type": null, "path": "/home/perhanjay/QGIS/balikpapan_pois_pol_poi.gpkg" }, "geometry": { "type": "Point", "coordinates": [ 116.8476980935624, -1.235476580561081 ] } },
{ "type": "Feature", "properties": { "element": "way", "id": 581248174.0, "amenity": "restaurant", "name": "Mie Kocok Mie Yamien Kajojo 1945 - Gunung Samarinda", "tourism": null, "cuisine": null, "addr:city": null, "addr:postcode": null, "addr:street": null, "shop": null, "addr:housenumber": null, "level": null, "smoking": null, "beds": null, "internet_access": null, "internet_access:fee": null, "operator": null, "rooms": null, "wheelchair": null, "stars": null, "opening_hours": null, "addr:full": null, "building": "yes", "building:levels": null, "capacity:persons": null, "operator:type": null, "school:type_idn": null, "website": null, "historic": null, "capacity": null, "delivery": null, "description": null, "outdoor_seating": null, "phone": null, "takeaway": null, "leisure": null, "emergency": null, "healthcare": null, "healthcare:speciality": null, "brand": null, "brand:wikidata": null, "brand:wikipedia": null, "short_name": null, "diet:halal": null, "branch": null, "email": null, "air_conditioning": null, "guest_house": null, "name:en": null, "addr:housename": null, "addr:province": null, "addr:unit": null, "addr:district": null, "addr:neighbourhood": null, "addr:subdistrict": null, "contact:instagram": null, "sport": null, "url": null, "old_name": null, "payment:cash": null, "payment:coins": null, "payment:ep_cash": null, "payment:visa": null, "payment:visa_debit": null, "building:roof": null, "building:structure": null, "building:walls": null, "access:roof": null, "hospital:type": null, "landuse": null, "height": null, "addr:street:sym_ul": null, "religion": null, "internet_access:ssid": null, "museum": null, "name:id": null, "wikimedia_commons": null, "school": null, "area": null, "tactile_paving": null, "wikidata": null, "since": null, "layer": null, "type": null, "path": "/home/perhanjay/QGIS/balikpapan_pois_pol_poi.gpkg" }, "geometry": { "type": "Point", "coordinates": [ 116.84544485, -1.23847795 ] } },
{ "type": "Feature", "properties": { "element": "way", "id": 581572051.0, "amenity": "restaurant", "name": "Kana's Kitchen", "tourism": null, "cuisine": null, "addr:city": null, "addr:postcode": null, "addr:street": null, "shop": null, "addr:housenumber": null, "level": null, "smoking": null, "beds": null, "internet_access": null, "internet_access:fee": null, "operator": null, "rooms": null, "wheelchair": null, "stars": null, "opening_hours": null, "addr:full": null, "building": "yes", "building:levels": null, "capacity:persons": null, "operator:type": null, "school:type_idn": null, "website": null, "historic": null, "capacity": null, "delivery": null, "description": null, "outdoor_seating": null, "phone": null, "takeaway": null, "leisure": null, "emergency": null, "healthcare": null, "healthcare:speciality": null, "brand": null, "brand:wikidata": null, "brand:wikipedia": null, "short_name": null, "diet:halal": null, "branch": null, "email": null, "air_conditioning": null, "guest_house": null, "name:en": null, "addr:housename": null, "addr:province": null, "addr:unit": null, "addr:district": null, "addr:neighbourhood": null, "addr:subdistrict": null, "contact:instagram": null, "sport": null, "url": null, "old_name": null, "payment:cash": null, "payment:coins": null, "payment:ep_cash": null, "payment:visa": null, "payment:visa_debit": null, "building:roof": null, "building:structure": null, "building:walls": null, "access:roof": null, "hospital:type": null, "landuse": null, "height": null, "addr:street:sym_ul": null, "religion": null, "internet_access:ssid": null, "museum": null, "name:id": null, "wikimedia_commons": null, "school": null, "area": null, "tactile_paving": null, "wikidata": null, "since": null, "layer": null, "type": null, "path": "/home/perhanjay/QGIS/balikpapan_pois_pol_poi.gpkg" }, "geometry": { "type": "Point", "coordinates": [ 116.865373341534578, -1.234708112712714 ] } },
{ "type": "Feature", "properties": { "element": "way", "id": 613467809.0, "amenity": null, "name": null, "tourism": "hotel", "cuisine": null, "addr:city": null, "addr:postcode": null, "addr:street": null, "shop": null, "addr:housenumber": null, "level": null, "smoking": null, "beds": null, "internet_access": null, "internet_access:fee": null, "operator": null, "rooms": null, "wheelchair": null, "stars": null, "opening_hours": null, "addr:full": null, "building": "yes", "building:levels": null, "capacity:persons": null, "operator:type": null, "school:type_idn": null, "website": null, "historic": null, "capacity": null, "delivery": null, "description": null, "outdoor_seating": null, "phone": null, "takeaway": null, "leisure": null, "emergency": null, "healthcare": null, "healthcare:speciality": null, "brand": null, "brand:wikidata": null, "brand:wikipedia": null, "short_name": null, "diet:halal": null, "branch": null, "email": null, "air_conditioning": null, "guest_house": null, "name:en": null, "addr:housename": null, "addr:province": null, "addr:unit": null, "addr:district": null, "addr:neighbourhood": null, "addr:subdistrict": null, "contact:instagram": null, "sport": null, "url": null, "old_name": null, "payment:cash": null, "payment:coins": null, "payment:ep_cash": null, "payment:visa": null, "payment:visa_debit": null, "building:roof": null, "building:structure": null, "building:walls": null, "access:roof": null, "hospital:type": null, "landuse": null, "height": null, "addr:street:sym_ul": null, "religion": null, "internet_access:ssid": null, "museum": null, "name:id": null, "wikimedia_commons": null, "school": null, "area": null, "tactile_paving": null, "wikidata": null, "since": null, "layer": null, "type": null, "path": "/home/perhanjay/QGIS/balikpapan_pois_pol_poi.gpkg" }, "geometry": { "type": "Point", "coordinates": [ 116.839017186123073, -1.275205706198734 ] } },
{ "type": "Feature", "properties": { "element": "way", "id": 613467811.0, "amenity": null, "name": "Hotel Novotel Balikpapan", "tourism": "hotel", "cuisine": null, "addr:city": null, "addr:postcode": null, "addr:street": null, "shop": null, "addr:housenumber": null, "level": null, "smoking": null, "beds": null, "internet_access": null, "internet_access:fee": null, "operator": null, "rooms": null, "wheelchair": null, "stars": null, "opening_hours": null, "addr:full": null, "building": "hotel", "building:levels": null, "capacity:persons": null, "operator:type": null, "school:type_idn": null, "website": null, "historic": null, "capacity": null, "delivery": null, "description": null, "outdoor_seating": null, "phone": null, "takeaway": null, "leisure": null, "emergency": null, "healthcare": null, "healthcare:speciality": null, "brand": null, "brand:wikidata": null, "brand:wikipedia": null, "short_name": null, "diet:halal": null, "branch": null, "email": null, "air_conditioning": null, "guest_house": null, "name:en": null, "addr:housename": null, "addr:province": null, "addr:unit": null, "addr:district": null, "addr:neighbourhood": null, "addr:subdistrict": null, "contact:instagram": null, "sport": null, "url": null, "old_name": null, "payment:cash": null, "payment:coins": null, "payment:ep_cash": null, "payment:visa": null, "payment:visa_debit": null, "building:roof": null, "building:structure": null, "building:walls": null, "access:roof": null, "hospital:type": null, "landuse": null, "height": null, "addr:street:sym_ul": null, "religion": null, "internet_access:ssid": null, "museum": null, "name:id": null, "wikimedia_commons": null, "school": null, "area": null, "tactile_paving": null, "wikidata": null, "since": null, "layer": null, "type": null, "path": "/home/perhanjay/QGIS/balikpapan_pois_pol_poi.gpkg" }, "geometry": { "type": "Point", "coordinates": [ 116.834687882391322, -1.275349984534508 ] } },
{ "type": "Feature", "properties": { "element": "way", "id": 613801358.0, "amenity": "restaurant", "name": "Tip Top Rumah Makan", "tourism": null, "cuisine": null, "addr:city": null, "addr:postcode": null, "addr:street": null, "shop": null, "addr:housenumber": null, "level": null, "smoking": null, "beds": null, "internet_access": null, "internet_access:fee": null, "operator": null, "rooms": null, "wheelchair": null, "stars": null, "opening_hours": null, "addr:full": null, "building": "yes", "building:levels": null, "capacity:persons": null, "operator:type": null, "school:type_idn": null, "website": null, "historic": null, "capacity": null, "delivery": null, "description": null, "outdoor_seating": null, "phone": null, "takeaway": null, "leisure": null, "emergency": null, "healthcare": null, "healthcare:speciality": null, "brand": null, "brand:wikidata": null, "brand:wikipedia": null, "short_name": null, "diet:halal": null, "branch": null, "email": null, "air_conditioning": null, "guest_house": null, "name:en": null, "addr:housename": null, "addr:province": null, "addr:unit": null, "addr:district": null, "addr:neighbourhood": null, "addr:subdistrict": null, "contact:instagram": null, "sport": null, "url": null, "old_name": null, "payment:cash": null, "payment:coins": null, "payment:ep_cash": null, "payment:visa": null, "payment:visa_debit": null, "building:roof": null, "building:structure": null, "building:walls": null, "access:roof": null, "hospital:type": null, "landuse": null, "height": null, "addr:street:sym_ul": null, "religion": null, "internet_access:ssid": null, "museum": null, "name:id": null, "wikimedia_commons": null, "school": null, "area": null, "tactile_paving": null, "wikidata": null, "since": null, "layer": null, "type": null, "path": "/home/perhanjay/QGIS/balikpapan_pois_pol_poi.gpkg" }, "geometry": { "type": "Point", "coordinates": [ 116.821322656623835, -1.279533329399607 ] } },
{ "type": "Feature", "properties": { "element": "way", "id": 613801359.0, "amenity": "hospital", "name": "Rumah Sakit Pertamina Balikpapan", "tourism": null, "cuisine": null, "addr:city": "Balikpapan", "addr:postcode": null, "addr:street": "Jalan Jenderal Sudirman", "shop": null, "addr:housenumber": "1", "level": null, "smoking": null, "beds": null, "internet_access": null, "internet_access:fee": null, "operator": "Pertamedika", "rooms": null, "wheelchair": null, "stars": null, "opening_hours": null, "addr:full": "Jalan Jenderal Sudirman No.1, Prapatan, Balikpapan Kota, Kota Balikpapan, Kalimantan Timur 76111", "building": null, "building:levels": null, "capacity:persons": "3000", "operator:type": "private", "school:type_idn": null, "website": "https://rspb.id/", "historic": null, "capacity": null, "delivery": null, "description": null, "outdoor_seating": null, "phone": null, "takeaway": null, "leisure": null, "emergency": "yes", "healthcare": "hospital", "healthcare:speciality": null, "brand": null, "brand:wikidata": null, "brand:wikipedia": null, "short_name": null, "diet:halal": null, "branch": null, "email": null, "air_conditioning": null, "guest_house": null, "name:en": null, "addr:housename": null, "addr:province": null, "addr:unit": null, "addr:district": null, "addr:neighbourhood": null, "addr:subdistrict": null, "contact:instagram": null, "sport": null, "url": null, "old_name": null, "payment:cash": null, "payment:coins": null, "payment:ep_cash": null, "payment:visa": null, "payment:visa_debit": null, "building:roof": null, "building:structure": null, "building:walls": null, "access:roof": null, "hospital:type": "public", "landuse": null, "height": null, "addr:street:sym_ul": null, "religion": null, "internet_access:ssid": null, "museum": null, "name:id": null, "wikimedia_commons": null, "school": null, "area": null, "tactile_paving": null, "wikidata": null, "since": null, "layer": null, "type": null, "path": "/home/perhanjay/QGIS/balikpapan_pois_pol_poi.gpkg" }, "geometry": { "type": "Point", "coordinates": [ 116.817718417278002, -1.27874696826965 ] } },
{ "type": "Feature", "properties": { "element": "way", "id": 614190269.0, "amenity": null, "name": "Hotel La Grandeur", "tourism": "hotel", "cuisine": null, "addr:city": null, "addr:postcode": null, "addr:street": "Jend Sudirman", "shop": null, "addr:housenumber": null, "level": null, "smoking": null, "beds": null, "internet_access": null, "internet_access:fee": null, "operator": null, "rooms": null, "wheelchair": null, "stars": null, "opening_hours": null, "addr:full": null, "building": null, "building:levels": null, "capacity:persons": null, "operator:type": null, "school:type_idn": null, "website": null, "historic": null, "capacity": null, "delivery": null, "description": null, "outdoor_seating": null, "phone": null, "takeaway": null, "leisure": null, "emergency": null, "healthcare": null, "healthcare:speciality": null, "brand": null, "brand:wikidata": null, "brand:wikipedia": null, "short_name": null, "diet:halal": null, "branch": null, "email": null, "air_conditioning": null, "guest_house": null, "name:en": null, "addr:housename": null, "addr:province": null, "addr:unit": null, "addr:district": null, "addr:neighbourhood": null, "addr:subdistrict": null, "contact:instagram": null, "sport": null, "url": null, "old_name": null, "payment:cash": null, "payment:coins": null, "payment:ep_cash": null, "payment:visa": null, "payment:visa_debit": null, "building:roof": null, "building:structure": null, "building:walls": null, "access:roof": null, "hospital:type": null, "landuse": "commercial", "height": null, "addr:street:sym_ul": null, "religion": null, "internet_access:ssid": null, "museum": null, "name:id": null, "wikimedia_commons": null, "school": null, "area": null, "tactile_paving": null, "wikidata": null, "since": null, "layer": null, "type": null, "path": "/home/perhanjay/QGIS/balikpapan_pois_pol_poi.gpkg" }, "geometry": { "type": "Point", "coordinates": [ 116.852339200996639, -1.27402156583276 ] } },
{ "type": "Feature", "properties": { "element": "way", "id": 725308241.0, "amenity": null, "name": "Taman Tiga Generasi", "tourism": null, "cuisine": null, "addr:city": "Balikpapan", "addr:postcode": null, "addr:street": "Jl.Manuntung", "shop": null, "addr:housenumber": null, "level": null, "smoking": null, "beds": null, "internet_access": null, "internet_access:fee": null, "operator": null, "rooms": null, "wheelchair": null, "stars": null, "opening_hours": "24/7", "addr:full": null, "building": null, "building:levels": null, "capacity:persons": null, "operator:type": null, "school:type_idn": null, "website": null, "historic": null, "capacity": null, "delivery": null, "description": null, "outdoor_seating": null, "phone": null, "takeaway": null, "leisure": "park", "emergency": null, "healthcare": null, "healthcare:speciality": null, "brand": null, "brand:wikidata": null, "brand:wikipedia": null, "short_name": null, "diet:halal": null, "branch": null, "email": null, "air_conditioning": null, "guest_house": null, "name:en": null, "addr:housename": null, "addr:province": null, "addr:unit": null, "addr:district": null, "addr:neighbourhood": null, "addr:subdistrict": null, "contact:instagram": null, "sport": null, "url": null, "old_name": null, "payment:cash": null, "payment:coins": null, "payment:ep_cash": null, "payment:visa": null, "payment:visa_debit": null, "building:roof": null, "building:structure": null, "building:walls": null, "access:roof": null, "hospital:type": null, "landuse": null, "height": null, "addr:street:sym_ul": null, "religion": null, "internet_access:ssid": null, "museum": null, "name:id": null, "wikimedia_commons": null, "school": null, "area": null, "tactile_paving": null, "wikidata": null, "since": null, "layer": null, "type": null, "path": "/home/perhanjay/QGIS/balikpapan_pois_pol_poi.gpkg" }, "geometry": { "type": "Point", "coordinates": [ 116.89625623542473, -1.242431360647304 ] } },
{ "type": "Feature", "properties": { "element": "way", "id": 737504986.0, "amenity": null, "name": null, "tourism": null, "cuisine": null, "addr:city": null, "addr:postcode": null, "addr:street": null, "shop": null, "addr:housenumber": null, "level": null, "smoking": null, "beds": null, "internet_access": null, "internet_access:fee": null, "operator": null, "rooms": null, "wheelchair": null, "stars": null, "opening_hours": null, "addr:full": null, "building": null, "building:levels": null, "capacity:persons": null, "operator:type": null, "school:type_idn": null, "website": null, "historic": null, "capacity": null, "delivery": null, "description": null, "outdoor_seating": null, "phone": null, "takeaway": null, "leisure": "park", "emergency": null, "healthcare": null, "healthcare:speciality": null, "brand": null, "brand:wikidata": null, "brand:wikipedia": null, "short_name": null, "diet:halal": null, "branch": null, "email": null, "air_conditioning": null, "guest_house": null, "name:en": null, "addr:housename": null, "addr:province": null, "addr:unit": null, "addr:district": null, "addr:neighbourhood": null, "addr:subdistrict": null, "contact:instagram": null, "sport": null, "url": null, "old_name": null, "payment:cash": null, "payment:coins": null, "payment:ep_cash": null, "payment:visa": null, "payment:visa_debit": null, "building:roof": null, "building:structure": null, "building:walls": null, "access:roof": null, "hospital:type": null, "landuse": null, "height": null, "addr:street:sym_ul": null, "religion": null, "internet_access:ssid": null, "museum": null, "name:id": null, "wikimedia_commons": null, "school": null, "area": null, "tactile_paving": null, "wikidata": null, "since": null, "layer": null, "type": null, "path": "/home/perhanjay/QGIS/balikpapan_pois_pol_poi.gpkg" }, "geometry": { "type": "Point", "coordinates": [ 116.86909064831741, -1.240000345846697 ] } },
{ "type": "Feature", "properties": { "element": "way", "id": 747479343.0, "amenity": null, "name": "MaxOne Hotel", "tourism": "hotel", "cuisine": null, "addr:city": null, "addr:postcode": null, "addr:street": null, "shop": null, "addr:housenumber": null, "level": null, "smoking": null, "beds": null, "internet_access": null, "internet_access:fee": null, "operator": null, "rooms": null, "wheelchair": null, "stars": null, "opening_hours": null, "addr:full": null, "building": "yes", "building:levels": null, "capacity:persons": null, "operator:type": null, "school:type_idn": null, "website": null, "historic": null, "capacity": null, "delivery": null, "description": null, "outdoor_seating": null, "phone": null, "takeaway": null, "leisure": null, "emergency": null, "healthcare": null, "healthcare:speciality": null, "brand": null, "brand:wikidata": null, "brand:wikipedia": null, "short_name": null, "diet:halal": null, "branch": null, "email": null, "air_conditioning": null, "guest_house": null, "name:en": null, "addr:housename": null, "addr:province": null, "addr:unit": null, "addr:district": null, "addr:neighbourhood": null, "addr:subdistrict": null, "contact:instagram": null, "sport": null, "url": null, "old_name": null, "payment:cash": null, "payment:coins": null, "payment:ep_cash": null, "payment:visa": null, "payment:visa_debit": null, "building:roof": null, "building:structure": null, "building:walls": null, "access:roof": null, "hospital:type": null, "landuse": null, "height": null, "addr:street:sym_ul": null, "religion": null, "internet_access:ssid": null, "museum": null, "name:id": null, "wikimedia_commons": null, "school": null, "area": null, "tactile_paving": null, "wikidata": null, "since": null, "layer": null, "type": null, "path": "/home/perhanjay/QGIS/balikpapan_pois_pol_poi.gpkg" }, "geometry": { "type": "Point", "coordinates": [ 116.859562283290103, -1.26228940633185 ] } },
{ "type": "Feature", "properties": { "element": "way", "id": 748307014.0, "amenity": null, "name": "Adika Hotel Bahtera", "tourism": "hotel", "cuisine": null, "addr:city": null, "addr:postcode": null, "addr:street": null, "shop": null, "addr:housenumber": null, "level": null, "smoking": null, "beds": null, "internet_access": null, "internet_access:fee": null, "operator": null, "rooms": null, "wheelchair": null, "stars": null, "opening_hours": null, "addr:full": null, "building": "yes", "building:levels": null, "capacity:persons": null, "operator:type": null, "school:type_idn": null, "website": null, "historic": null, "capacity": null, "delivery": null, "description": null, "outdoor_seating": null, "phone": null, "takeaway": null, "leisure": null, "emergency": null, "healthcare": null, "healthcare:speciality": null, "brand": null, "brand:wikidata": null, "brand:wikipedia": null, "short_name": null, "diet:halal": null, "branch": null, "email": null, "air_conditioning": null, "guest_house": null, "name:en": null, "addr:housename": null, "addr:province": null, "addr:unit": null, "addr:district": null, "addr:neighbourhood": null, "addr:subdistrict": null, "contact:instagram": null, "sport": null, "url": null, "old_name": null, "payment:cash": null, "payment:coins": null, "payment:ep_cash": null, "payment:visa": null, "payment:visa_debit": null, "building:roof": null, "building:structure": null, "building:walls": null, "access:roof": null, "hospital:type": null, "landuse": null, "height": null, "addr:street:sym_ul": null, "religion": null, "internet_access:ssid": null, "museum": null, "name:id": null, "wikimedia_commons": null, "school": null, "area": null, "tactile_paving": null, "wikidata": null, "since": null, "layer": null, "type": null, "path": "/home/perhanjay/QGIS/balikpapan_pois_pol_poi.gpkg" }, "geometry": { "type": "Point", "coordinates": [ 116.838638460325882, -1.276503128729788 ] } },
{ "type": "Feature", "properties": { "element": "way", "id": 749359599.0, "amenity": null, "name": "Blue Sky Hotel", "tourism": "hotel", "cuisine": null, "addr:city": null, "addr:postcode": null, "addr:street": null, "shop": null, "addr:housenumber": null, "level": null, "smoking": null, "beds": null, "internet_access": null, "internet_access:fee": null, "operator": null, "rooms": null, "wheelchair": null, "stars": null, "opening_hours": null, "addr:full": null, "building": "yes", "building:levels": null, "capacity:persons": null, "operator:type": null, "school:type_idn": null, "website": null, "historic": null, "capacity": null, "delivery": null, "description": null, "outdoor_seating": null, "phone": null, "takeaway": null, "leisure": null, "emergency": null, "healthcare": null, "healthcare:speciality": null, "brand": null, "brand:wikidata": null, "brand:wikipedia": null, "short_name": null, "diet:halal": null, "branch": null, "email": null, "air_conditioning": null, "guest_house": null, "name:en": null, "addr:housename": null, "addr:province": null, "addr:unit": null, "addr:district": null, "addr:neighbourhood": null, "addr:subdistrict": null, "contact:instagram": null, "sport": null, "url": null, "old_name": null, "payment:cash": null, "payment:coins": null, "payment:ep_cash": null, "payment:visa": null, "payment:visa_debit": null, "building:roof": null, "building:structure": null, "building:walls": null, "access:roof": null, "hospital:type": null, "landuse": null, "height": null, "addr:street:sym_ul": null, "religion": null, "internet_access:ssid": null, "museum": null, "name:id": null, "wikimedia_commons": null, "school": null, "area": null, "tactile_paving": null, "wikidata": null, "since": null, "layer": null, "type": null, "path": "/home/perhanjay/QGIS/balikpapan_pois_pol_poi.gpkg" }, "geometry": { "type": "Point", "coordinates": [ 116.827316362520534, -1.237980453577785 ] } },
{ "type": "Feature", "properties": { "element": "way", "id": 749368394.0, "amenity": null, "name": "Royal Suite Hotel", "tourism": "hotel", "cuisine": null, "addr:city": null, "addr:postcode": null, "addr:street": null, "shop": null, "addr:housenumber": null, "level": null, "smoking": null, "beds": null, "internet_access": null, "internet_access:fee": null, "operator": null, "rooms": null, "wheelchair": null, "stars": null, "opening_hours": null, "addr:full": null, "building": "yes", "building:levels": null, "capacity:persons": null, "operator:type": null, "school:type_idn": null, "website": null, "historic": null, "capacity": null, "delivery": null, "description": null, "outdoor_seating": null, "phone": null, "takeaway": null, "leisure": null, "emergency": null, "healthcare": null, "healthcare:speciality": null, "brand": null, "brand:wikidata": null, "brand:wikipedia": null, "short_name": null, "diet:halal": null, "branch": null, "email": null, "air_conditioning": null, "guest_house": null, "name:en": null, "addr:housename": null, "addr:province": null, "addr:unit": null, "addr:district": null, "addr:neighbourhood": null, "addr:subdistrict": null, "contact:instagram": null, "sport": null, "url": null, "old_name": null, "payment:cash": null, "payment:coins": null, "payment:ep_cash": null, "payment:visa": null, "payment:visa_debit": null, "building:roof": null, "building:structure": null, "building:walls": null, "access:roof": null, "hospital:type": null, "landuse": null, "height": null, "addr:street:sym_ul": null, "religion": null, "internet_access:ssid": null, "museum": null, "name:id": null, "wikimedia_commons": null, "school": null, "area": null, "tactile_paving": null, "wikidata": null, "since": null, "layer": null, "type": null, "path": "/home/perhanjay/QGIS/balikpapan_pois_pol_poi.gpkg" }, "geometry": { "type": "Point", "coordinates": [ 116.900002300545225, -1.254641372487927 ] } },
{ "type": "Feature", "properties": { "element": "way", "id": 749723296.0, "amenity": "hospital", "name": "Siloam Hospital", "tourism": null, "cuisine": null, "addr:city": "Balikpapan", "addr:postcode": null, "addr:street": "Jalan M.T. Haryono", "shop": null, "addr:housenumber": null, "level": null, "smoking": null, "beds": null, "internet_access": null, "internet_access:fee": null, "operator": null, "rooms": null, "wheelchair": null, "stars": null, "opening_hours": null, "addr:full": "Jalan MT Haryono Nomor 23, Damai", "building": "hospital", "building:levels": null, "capacity:persons": null, "operator:type": "private", "school:type_idn": null, "website": "https://www.siloamhospitals.com/", "historic": null, "capacity": null, "delivery": null, "description": null, "outdoor_seating": null, "phone": null, "takeaway": null, "leisure": null, "emergency": null, "healthcare": "hospital", "healthcare:speciality": null, "brand": null, "brand:wikidata": null, "brand:wikipedia": null, "short_name": null, "diet:halal": null, "branch": null, "email": null, "air_conditioning": null, "guest_house": null, "name:en": null, "addr:housename": null, "addr:province": null, "addr:unit": null, "addr:district": null, "addr:neighbourhood": null, "addr:subdistrict": null, "contact:instagram": null, "sport": null, "url": null, "old_name": null, "payment:cash": null, "payment:coins": null, "payment:ep_cash": null, "payment:visa": null, "payment:visa_debit": null, "building:roof": null, "building:structure": null, "building:walls": null, "access:roof": null, "hospital:type": null, "landuse": null, "height": null, "addr:street:sym_ul": null, "religion": null, "internet_access:ssid": null, "museum": null, "name:id": null, "wikimedia_commons": null, "school": null, "area": null, "tactile_paving": null, "wikidata": null, "since": null, "layer": null, "type": null, "path": "/home/perhanjay/QGIS/balikpapan_pois_pol_poi.gpkg" }, "geometry": { "type": "Point", "coordinates": [ 116.870310818491575, -1.252284169919366 ] } },
{ "type": "Feature", "properties": { "element": "way", "id": 750627903.0, "amenity": null, "name": null, "tourism": "hotel", "cuisine": null, "addr:city": null, "addr:postcode": null, "addr:street": null, "shop": null, "addr:housenumber": null, "level": null, "smoking": null, "beds": null, "internet_access": null, "internet_access:fee": null, "operator": null, "rooms": null, "wheelchair": null, "stars": null, "opening_hours": null, "addr:full": null, "building": "yes", "building:levels": null, "capacity:persons": null, "operator:type": null, "school:type_idn": null, "website": null, "historic": null, "capacity": null, "delivery": null, "description": null, "outdoor_seating": null, "phone": null, "takeaway": null, "leisure": null, "emergency": null, "healthcare": null, "healthcare:speciality": null, "brand": null, "brand:wikidata": null, "brand:wikipedia": null, "short_name": null, "diet:halal": null, "branch": null, "email": null, "air_conditioning": null, "guest_house": null, "name:en": null, "addr:housename": null, "addr:province": null, "addr:unit": null, "addr:district": null, "addr:neighbourhood": null, "addr:subdistrict": null, "contact:instagram": null, "sport": null, "url": null, "old_name": null, "payment:cash": null, "payment:coins": null, "payment:ep_cash": null, "payment:visa": null, "payment:visa_debit": null, "building:roof": null, "building:structure": null, "building:walls": null, "access:roof": null, "hospital:type": null, "landuse": null, "height": null, "addr:street:sym_ul": null, "religion": null, "internet_access:ssid": null, "museum": null, "name:id": null, "wikimedia_commons": null, "school": null, "area": null, "tactile_paving": null, "wikidata": null, "since": null, "layer": null, "type": null, "path": "/home/perhanjay/QGIS/balikpapan_pois_pol_poi.gpkg" }, "geometry": { "type": "Point", "coordinates": [ 116.844165949387957, -1.270041701853497 ] } },
{ "type": "Feature", "properties": { "element": "way", "id": 751465693.0, "amenity": null, "name": null, "tourism": null, "cuisine": null, "addr:city": null, "addr:postcode": null, "addr:street": null, "shop": null, "addr:housenumber": null, "level": null, "smoking": null, "beds": null, "internet_access": null, "internet_access:fee": null, "operator": null, "rooms": null, "wheelchair": null, "stars": null, "opening_hours": null, "addr:full": null, "building": null, "building:levels": null, "capacity:persons": null, "operator:type": null, "school:type_idn": null, "website": null, "historic": null, "capacity": null, "delivery": null, "description": null, "outdoor_seating": null, "phone": null, "takeaway": null, "leisure": "park", "emergency": null, "healthcare": null, "healthcare:speciality": null, "brand": null, "brand:wikidata": null, "brand:wikipedia": null, "short_name": null, "diet:halal": null, "branch": null, "email": null, "air_conditioning": null, "guest_house": null, "name:en": null, "addr:housename": null, "addr:province": null, "addr:unit": null, "addr:district": null, "addr:neighbourhood": null, "addr:subdistrict": null, "contact:instagram": null, "sport": null, "url": null, "old_name": null, "payment:cash": null, "payment:coins": null, "payment:ep_cash": null, "payment:visa": null, "payment:visa_debit": null, "building:roof": null, "building:structure": null, "building:walls": null, "access:roof": null, "hospital:type": null, "landuse": null, "height": null, "addr:street:sym_ul": null, "religion": null, "internet_access:ssid": null, "museum": null, "name:id": null, "wikimedia_commons": null, "school": null, "area": null, "tactile_paving": null, "wikidata": null, "since": null, "layer": null, "type": null, "path": "/home/perhanjay/QGIS/balikpapan_pois_pol_poi.gpkg" }, "geometry": { "type": "Point", "coordinates": [ 116.874228525262538, -1.237543181817846 ] } },
{ "type": "Feature", "properties": { "element": "way", "id": 751527463.0, "amenity": null, "name": null, "tourism": null, "cuisine": null, "addr:city": null, "addr:postcode": null, "addr:street": null, "shop": null, "addr:housenumber": null, "level": null, "smoking": null, "beds": null, "internet_access": null, "internet_access:fee": null, "operator": null, "rooms": null, "wheelchair": null, "stars": null, "opening_hours": null, "addr:full": null, "building": null, "building:levels": null, "capacity:persons": null, "operator:type": null, "school:type_idn": null, "website": null, "historic": null, "capacity": null, "delivery": null, "description": null, "outdoor_seating": null, "phone": null, "takeaway": null, "leisure": "park", "emergency": null, "healthcare": null, "healthcare:speciality": null, "brand": null, "brand:wikidata": null, "brand:wikipedia": null, "short_name": null, "diet:halal": null, "branch": null, "email": null, "air_conditioning": null, "guest_house": null, "name:en": null, "addr:housename": null, "addr:province": null, "addr:unit": null, "addr:district": null, "addr:neighbourhood": null, "addr:subdistrict": null, "contact:instagram": null, "sport": null, "url": null, "old_name": null, "payment:cash": null, "payment:coins": null, "payment:ep_cash": null, "payment:visa": null, "payment:visa_debit": null, "building:roof": null, "building:structure": null, "building:walls": null, "access:roof": null, "hospital:type": null, "landuse": null, "height": null, "addr:street:sym_ul": null, "religion": null, "internet_access:ssid": null, "museum": null, "name:id": null, "wikimedia_commons": null, "school": null, "area": null, "tactile_paving": null, "wikidata": null, "since": null, "layer": null, "type": null, "path": "/home/perhanjay/QGIS/balikpapan_pois_pol_poi.gpkg" }, "geometry": { "type": "Point", "coordinates": [ 116.869652429293154, -1.239593868482323 ] } },
{ "type": "Feature", "properties": { "element": "way", "id": 751527466.0, "amenity": null, "name": null, "tourism": null, "cuisine": null, "addr:city": null, "addr:postcode": null, "addr:street": null, "shop": null, "addr:housenumber": null, "level": null, "smoking": null, "beds": null, "internet_access": null, "internet_access:fee": null, "operator": null, "rooms": null, "wheelchair": null, "stars": null, "opening_hours": null, "addr:full": null, "building": null, "building:levels": null, "capacity:persons": null, "operator:type": null, "school:type_idn": null, "website": null, "historic": null, "capacity": null, "delivery": null, "description": null, "outdoor_seating": null, "phone": null, "takeaway": null, "leisure": "park", "emergency": null, "healthcare": null, "healthcare:speciality": null, "brand": null, "brand:wikidata": null, "brand:wikipedia": null, "short_name": null, "diet:halal": null, "branch": null, "email": null, "air_conditioning": null, "guest_house": null, "name:en": null, "addr:housename": null, "addr:province": null, "addr:unit": null, "addr:district": null, "addr:neighbourhood": null, "addr:subdistrict": null, "contact:instagram": null, "sport": null, "url": null, "old_name": null, "payment:cash": null, "payment:coins": null, "payment:ep_cash": null, "payment:visa": null, "payment:visa_debit": null, "building:roof": null, "building:structure": null, "building:walls": null, "access:roof": null, "hospital:type": null, "landuse": null, "height": null, "addr:street:sym_ul": null, "religion": null, "internet_access:ssid": null, "museum": null, "name:id": null, "wikimedia_commons": null, "school": null, "area": null, "tactile_paving": null, "wikidata": null, "since": null, "layer": null, "type": null, "path": "/home/perhanjay/QGIS/balikpapan_pois_pol_poi.gpkg" }, "geometry": { "type": "Point", "coordinates": [ 116.867898639887429, -1.240829496114797 ] } },
{ "type": "Feature", "properties": { "element": "way", "id": 751527467.0, "amenity": null, "name": "Dino Park", "tourism": null, "cuisine": null, "addr:city": null, "addr:postcode": null, "addr:street": null, "shop": null, "addr:housenumber": null, "level": null, "smoking": null, "beds": null, "internet_access": null, "internet_access:fee": null, "operator": null, "rooms": null, "wheelchair": null, "stars": null, "opening_hours": null, "addr:full": null, "building": null, "building:levels": null, "capacity:persons": null, "operator:type": null, "school:type_idn": null, "website": null, "historic": null, "capacity": null, "delivery": null, "description": null, "outdoor_seating": null, "phone": null, "takeaway": null, "leisure": "park", "emergency": null, "healthcare": null, "healthcare:speciality": null, "brand": null, "brand:wikidata": null, "brand:wikipedia": null, "short_name": null, "diet:halal": null, "branch": null, "email": null, "air_conditioning": null, "guest_house": null, "name:en": null, "addr:housename": null, "addr:province": null, "addr:unit": null, "addr:district": null, "addr:neighbourhood": null, "addr:subdistrict": null, "contact:instagram": null, "sport": null, "url": null, "old_name": null, "payment:cash": null, "payment:coins": null, "payment:ep_cash": null, "payment:visa": null, "payment:visa_debit": null, "building:roof": null, "building:structure": null, "building:walls": null, "access:roof": null, "hospital:type": null, "landuse": null, "height": null, "addr:street:sym_ul": null, "religion": null, "internet_access:ssid": null, "museum": null, "name:id": null, "wikimedia_commons": null, "school": null, "area": null, "tactile_paving": null, "wikidata": null, "since": null, "layer": null, "type": null, "path": "/home/perhanjay/QGIS/balikpapan_pois_pol_poi.gpkg" }, "geometry": { "type": "Point", "coordinates": [ 116.866710710374633, -1.241467188923843 ] } },
{ "type": "Feature", "properties": { "element": "way", "id": 751765239.0, "amenity": null, "name": null, "tourism": null, "cuisine": null, "addr:city": null, "addr:postcode": null, "addr:street": null, "shop": null, "addr:housenumber": null, "level": null, "smoking": null, "beds": null, "internet_access": null, "internet_access:fee": null, "operator": null, "rooms": null, "wheelchair": null, "stars": null, "opening_hours": null, "addr:full": null, "building": null, "building:levels": null, "capacity:persons": null, "operator:type": null, "school:type_idn": null, "website": null, "historic": null, "capacity": null, "delivery": null, "description": null, "outdoor_seating": null, "phone": null, "takeaway": null, "leisure": "park", "emergency": null, "healthcare": null, "healthcare:speciality": null, "brand": null, "brand:wikidata": null, "brand:wikipedia": null, "short_name": null, "diet:halal": null, "branch": null, "email": null, "air_conditioning": null, "guest_house": null, "name:en": null, "addr:housename": null, "addr:province": null, "addr:unit": null, "addr:district": null, "addr:neighbourhood": null, "addr:subdistrict": null, "contact:instagram": null, "sport": null, "url": null, "old_name": null, "payment:cash": null, "payment:coins": null, "payment:ep_cash": null, "payment:visa": null, "payment:visa_debit": null, "building:roof": null, "building:structure": null, "building:walls": null, "access:roof": null, "hospital:type": null, "landuse": null, "height": null, "addr:street:sym_ul": null, "religion": null, "internet_access:ssid": null, "museum": null, "name:id": null, "wikimedia_commons": null, "school": null, "area": null, "tactile_paving": null, "wikidata": null, "since": null, "layer": null, "type": null, "path": "/home/perhanjay/QGIS/balikpapan_pois_pol_poi.gpkg" }, "geometry": { "type": "Point", "coordinates": [ 116.871707046906721, -1.256476988923472 ] } },
{ "type": "Feature", "properties": { "element": "way", "id": 751765240.0, "amenity": null, "name": null, "tourism": null, "cuisine": null, "addr:city": null, "addr:postcode": null, "addr:street": null, "shop": null, "addr:housenumber": null, "level": null, "smoking": null, "beds": null, "internet_access": null, "internet_access:fee": null, "operator": null, "rooms": null, "wheelchair": null, "stars": null, "opening_hours": null, "addr:full": null, "building": null, "building:levels": null, "capacity:persons": null, "operator:type": null, "school:type_idn": null, "website": null, "historic": null, "capacity": null, "delivery": null, "description": null, "outdoor_seating": null, "phone": null, "takeaway": null, "leisure": "park", "emergency": null, "healthcare": null, "healthcare:speciality": null, "brand": null, "brand:wikidata": null, "brand:wikipedia": null, "short_name": null, "diet:halal": null, "branch": null, "email": null, "air_conditioning": null, "guest_house": null, "name:en": null, "addr:housename": null, "addr:province": null, "addr:unit": null, "addr:district": null, "addr:neighbourhood": null, "addr:subdistrict": null, "contact:instagram": null, "sport": null, "url": null, "old_name": null, "payment:cash": null, "payment:coins": null, "payment:ep_cash": null, "payment:visa": null, "payment:visa_debit": null, "building:roof": null, "building:structure": null, "building:walls": null, "access:roof": null, "hospital:type": null, "landuse": null, "height": null, "addr:street:sym_ul": null, "religion": null, "internet_access:ssid": null, "museum": null, "name:id": null, "wikimedia_commons": null, "school": null, "area": null, "tactile_paving": null, "wikidata": null, "since": null, "layer": null, "type": null, "path": "/home/perhanjay/QGIS/balikpapan_pois_pol_poi.gpkg" }, "geometry": { "type": "Point", "coordinates": [ 116.872474532351589, -1.256228401654445 ] } },
{ "type": "Feature", "properties": { "element": "way", "id": 751765241.0, "amenity": null, "name": null, "tourism": null, "cuisine": null, "addr:city": null, "addr:postcode": null, "addr:street": null, "shop": null, "addr:housenumber": null, "level": null, "smoking": null, "beds": null, "internet_access": null, "internet_access:fee": null, "operator": null, "rooms": null, "wheelchair": null, "stars": null, "opening_hours": null, "addr:full": null, "building": null, "building:levels": null, "capacity:persons": null, "operator:type": null, "school:type_idn": null, "website": null, "historic": null, "capacity": null, "delivery": null, "description": null, "outdoor_seating": null, "phone": null, "takeaway": null, "leisure": "park", "emergency": null, "healthcare": null, "healthcare:speciality": null, "brand": null, "brand:wikidata": null, "brand:wikipedia": null, "short_name": null, "diet:halal": null, "branch": null, "email": null, "air_conditioning": null, "guest_house": null, "name:en": null, "addr:housename": null, "addr:province": null, "addr:unit": null, "addr:district": null, "addr:neighbourhood": null, "addr:subdistrict": null, "contact:instagram": null, "sport": null, "url": null, "old_name": null, "payment:cash": null, "payment:coins": null, "payment:ep_cash": null, "payment:visa": null, "payment:visa_debit": null, "building:roof": null, "building:structure": null, "building:walls": null, "access:roof": null, "hospital:type": null, "landuse": null, "height": null, "addr:street:sym_ul": null, "religion": null, "internet_access:ssid": null, "museum": null, "name:id": null, "wikimedia_commons": null, "school": null, "area": null, "tactile_paving": null, "wikidata": null, "since": null, "layer": null, "type": null, "path": "/home/perhanjay/QGIS/balikpapan_pois_pol_poi.gpkg" }, "geometry": { "type": "Point", "coordinates": [ 116.87162043353662, -1.256644124138855 ] } },
{ "type": "Feature", "properties": { "element": "way", "id": 752181923.0, "amenity": null, "name": null, "tourism": null, "cuisine": null, "addr:city": null, "addr:postcode": null, "addr:street": null, "shop": null, "addr:housenumber": null, "level": null, "smoking": null, "beds": null, "internet_access": null, "internet_access:fee": null, "operator": null, "rooms": null, "wheelchair": null, "stars": null, "opening_hours": null, "addr:full": null, "building": null, "building:levels": null, "capacity:persons": null, "operator:type": null, "school:type_idn": null, "website": null, "historic": null, "capacity": null, "delivery": null, "description": null, "outdoor_seating": null, "phone": null, "takeaway": null, "leisure": "park", "emergency": null, "healthcare": null, "healthcare:speciality": null, "brand": null, "brand:wikidata": null, "brand:wikipedia": null, "short_name": null, "diet:halal": null, "branch": null, "email": null, "air_conditioning": null, "guest_house": null, "name:en": null, "addr:housename": null, "addr:province": null, "addr:unit": null, "addr:district": null, "addr:neighbourhood": null, "addr:subdistrict": null, "contact:instagram": null, "sport": null, "url": null, "old_name": null, "payment:cash": null, "payment:coins": null, "payment:ep_cash": null, "payment:visa": null, "payment:visa_debit": null, "building:roof": null, "building:structure": null, "building:walls": null, "access:roof": null, "hospital:type": null, "landuse": null, "height": null, "addr:street:sym_ul": null, "religion": null, "internet_access:ssid": null, "museum": null, "name:id": null, "wikimedia_commons": null, "school": null, "area": null, "tactile_paving": null, "wikidata": null, "since": null, "layer": null, "type": null, "path": "/home/perhanjay/QGIS/balikpapan_pois_pol_poi.gpkg" }, "geometry": { "type": "Point", "coordinates": [ 116.872663674695374, -1.255572113980983 ] } },
{ "type": "Feature", "properties": { "element": "way", "id": 752185546.0, "amenity": null, "name": null, "tourism": null, "cuisine": null, "addr:city": null, "addr:postcode": null, "addr:street": null, "shop": null, "addr:housenumber": null, "level": null, "smoking": null, "beds": null, "internet_access": null, "internet_access:fee": null, "operator": null, "rooms": null, "wheelchair": null, "stars": null, "opening_hours": null, "addr:full": null, "building": null, "building:levels": null, "capacity:persons": null, "operator:type": null, "school:type_idn": null, "website": null, "historic": null, "capacity": null, "delivery": null, "description": null, "outdoor_seating": null, "phone": null, "takeaway": null, "leisure": "park", "emergency": null, "healthcare": null, "healthcare:speciality": null, "brand": null, "brand:wikidata": null, "brand:wikipedia": null, "short_name": null, "diet:halal": null, "branch": null, "email": null, "air_conditioning": null, "guest_house": null, "name:en": null, "addr:housename": null, "addr:province": null, "addr:unit": null, "addr:district": null, "addr:neighbourhood": null, "addr:subdistrict": null, "contact:instagram": null, "sport": null, "url": null, "old_name": null, "payment:cash": null, "payment:coins": null, "payment:ep_cash": null, "payment:visa": null, "payment:visa_debit": null, "building:roof": null, "building:structure": null, "building:walls": null, "access:roof": null, "hospital:type": null, "landuse": null, "height": null, "addr:street:sym_ul": null, "religion": null, "internet_access:ssid": null, "museum": null, "name:id": null, "wikimedia_commons": null, "school": null, "area": null, "tactile_paving": null, "wikidata": null, "since": null, "layer": null, "type": null, "path": "/home/perhanjay/QGIS/balikpapan_pois_pol_poi.gpkg" }, "geometry": { "type": "Point", "coordinates": [ 116.869962292139846, -1.255680944550229 ] } },
{ "type": "Feature", "properties": { "element": "way", "id": 752185547.0, "amenity": "restaurant", "name": "Pizza Hut", "tourism": null, "cuisine": "pizza", "addr:city": null, "addr:postcode": null, "addr:street": null, "shop": null, "addr:housenumber": null, "level": null, "smoking": null, "beds": null, "internet_access": null, "internet_access:fee": null, "operator": null, "rooms": null, "wheelchair": null, "stars": null, "opening_hours": null, "addr:full": null, "building": "yes", "building:levels": null, "capacity:persons": null, "operator:type": null, "school:type_idn": null, "website": null, "historic": null, "capacity": null, "delivery": null, "description": null, "outdoor_seating": null, "phone": null, "takeaway": null, "leisure": null, "emergency": null, "healthcare": null, "healthcare:speciality": null, "brand": "Pizza Hut", "brand:wikidata": "Q191615", "brand:wikipedia": null, "short_name": null, "diet:halal": null, "branch": null, "email": null, "air_conditioning": null, "guest_house": null, "name:en": null, "addr:housename": null, "addr:province": null, "addr:unit": null, "addr:district": null, "addr:neighbourhood": null, "addr:subdistrict": null, "contact:instagram": null, "sport": null, "url": null, "old_name": null, "payment:cash": null, "payment:coins": null, "payment:ep_cash": null, "payment:visa": null, "payment:visa_debit": null, "building:roof": null, "building:structure": null, "building:walls": null, "access:roof": null, "hospital:type": null, "landuse": null, "height": null, "addr:street:sym_ul": null, "religion": null, "internet_access:ssid": null, "museum": null, "name:id": null, "wikimedia_commons": null, "school": null, "area": null, "tactile_paving": null, "wikidata": null, "since": null, "layer": null, "type": null, "path": "/home/perhanjay/QGIS/balikpapan_pois_pol_poi.gpkg" }, "geometry": { "type": "Point", "coordinates": [ 116.869390688805936, -1.254000242006964 ] } },
{ "type": "Feature", "properties": { "element": "way", "id": 752428281.0, "amenity": null, "name": null, "tourism": null, "cuisine": null, "addr:city": null, "addr:postcode": null, "addr:street": null, "shop": null, "addr:housenumber": null, "level": null, "smoking": null, "beds": null, "internet_access": null, "internet_access:fee": null, "operator": null, "rooms": null, "wheelchair": null, "stars": null, "opening_hours": null, "addr:full": null, "building": null, "building:levels": null, "capacity:persons": null, "operator:type": null, "school:type_idn": null, "website": null, "historic": null, "capacity": null, "delivery": null, "description": null, "outdoor_seating": null, "phone": null, "takeaway": null, "leisure": "park", "emergency": null, "healthcare": null, "healthcare:speciality": null, "brand": null, "brand:wikidata": null, "brand:wikipedia": null, "short_name": null, "diet:halal": null, "branch": null, "email": null, "air_conditioning": null, "guest_house": null, "name:en": null, "addr:housename": null, "addr:province": null, "addr:unit": null, "addr:district": null, "addr:neighbourhood": null, "addr:subdistrict": null, "contact:instagram": null, "sport": null, "url": null, "old_name": null, "payment:cash": null, "payment:coins": null, "payment:ep_cash": null, "payment:visa": null, "payment:visa_debit": null, "building:roof": null, "building:structure": null, "building:walls": null, "access:roof": null, "hospital:type": null, "landuse": null, "height": null, "addr:street:sym_ul": null, "religion": null, "internet_access:ssid": null, "museum": null, "name:id": null, "wikimedia_commons": null, "school": null, "area": null, "tactile_paving": null, "wikidata": null, "since": null, "layer": null, "type": null, "path": "/home/perhanjay/QGIS/balikpapan_pois_pol_poi.gpkg" }, "geometry": { "type": "Point", "coordinates": [ 116.84809753674466, -1.210036489466816 ] } },
{ "type": "Feature", "properties": { "element": "way", "id": 754187079.0, "amenity": null, "name": null, "tourism": null, "cuisine": null, "addr:city": null, "addr:postcode": null, "addr:street": null, "shop": null, "addr:housenumber": null, "level": null, "smoking": null, "beds": null, "internet_access": null, "internet_access:fee": null, "operator": null, "rooms": null, "wheelchair": null, "stars": null, "opening_hours": null, "addr:full": null, "building": null, "building:levels": null, "capacity:persons": null, "operator:type": null, "school:type_idn": null, "website": null, "historic": null, "capacity": null, "delivery": null, "description": null, "outdoor_seating": null, "phone": null, "takeaway": null, "leisure": "park", "emergency": null, "healthcare": null, "healthcare:speciality": null, "brand": null, "brand:wikidata": null, "brand:wikipedia": null, "short_name": null, "diet:halal": null, "branch": null, "email": null, "air_conditioning": null, "guest_house": null, "name:en": null, "addr:housename": null, "addr:province": null, "addr:unit": null, "addr:district": null, "addr:neighbourhood": null, "addr:subdistrict": null, "contact:instagram": null, "sport": null, "url": null, "old_name": null, "payment:cash": null, "payment:coins": null, "payment:ep_cash": null, "payment:visa": null, "payment:visa_debit": null, "building:roof": null, "building:structure": null, "building:walls": null, "access:roof": null, "hospital:type": null, "landuse": null, "height": null, "addr:street:sym_ul": null, "religion": null, "internet_access:ssid": null, "museum": null, "name:id": null, "wikimedia_commons": null, "school": null, "area": null, "tactile_paving": null, "wikidata": null, "since": null, "layer": null, "type": null, "path": "/home/perhanjay/QGIS/balikpapan_pois_pol_poi.gpkg" }, "geometry": { "type": "Point", "coordinates": [ 116.869753715389592, -1.239012361479093 ] } },
{ "type": "Feature", "properties": { "element": "way", "id": 754187080.0, "amenity": null, "name": null, "tourism": null, "cuisine": null, "addr:city": null, "addr:postcode": null, "addr:street": null, "shop": null, "addr:housenumber": null, "level": null, "smoking": null, "beds": null, "internet_access": null, "internet_access:fee": null, "operator": null, "rooms": null, "wheelchair": null, "stars": null, "opening_hours": null, "addr:full": null, "building": null, "building:levels": null, "capacity:persons": null, "operator:type": null, "school:type_idn": null, "website": null, "historic": null, "capacity": null, "delivery": null, "description": null, "outdoor_seating": null, "phone": null, "takeaway": null, "leisure": "park", "emergency": null, "healthcare": null, "healthcare:speciality": null, "brand": null, "brand:wikidata": null, "brand:wikipedia": null, "short_name": null, "diet:halal": null, "branch": null, "email": null, "air_conditioning": null, "guest_house": null, "name:en": null, "addr:housename": null, "addr:province": null, "addr:unit": null, "addr:district": null, "addr:neighbourhood": null, "addr:subdistrict": null, "contact:instagram": null, "sport": null, "url": null, "old_name": null, "payment:cash": null, "payment:coins": null, "payment:ep_cash": null, "payment:visa": null, "payment:visa_debit": null, "building:roof": null, "building:structure": null, "building:walls": null, "access:roof": null, "hospital:type": null, "landuse": null, "height": null, "addr:street:sym_ul": null, "religion": null, "internet_access:ssid": null, "museum": null, "name:id": null, "wikimedia_commons": null, "school": null, "area": null, "tactile_paving": null, "wikidata": null, "since": null, "layer": null, "type": null, "path": "/home/perhanjay/QGIS/balikpapan_pois_pol_poi.gpkg" }, "geometry": { "type": "Point", "coordinates": [ 116.868687086073152, -1.239022555490424 ] } },
{ "type": "Feature", "properties": { "element": "way", "id": 754187081.0, "amenity": null, "name": null, "tourism": null, "cuisine": null, "addr:city": null, "addr:postcode": null, "addr:street": null, "shop": null, "addr:housenumber": null, "level": null, "smoking": null, "beds": null, "internet_access": null, "internet_access:fee": null, "operator": null, "rooms": null, "wheelchair": null, "stars": null, "opening_hours": null, "addr:full": null, "building": null, "building:levels": null, "capacity:persons": null, "operator:type": null, "school:type_idn": null, "website": null, "historic": null, "capacity": null, "delivery": null, "description": null, "outdoor_seating": null, "phone": null, "takeaway": null, "leisure": "park", "emergency": null, "healthcare": null, "healthcare:speciality": null, "brand": null, "brand:wikidata": null, "brand:wikipedia": null, "short_name": null, "diet:halal": null, "branch": null, "email": null, "air_conditioning": null, "guest_house": null, "name:en": null, "addr:housename": null, "addr:province": null, "addr:unit": null, "addr:district": null, "addr:neighbourhood": null, "addr:subdistrict": null, "contact:instagram": null, "sport": null, "url": null, "old_name": null, "payment:cash": null, "payment:coins": null, "payment:ep_cash": null, "payment:visa": null, "payment:visa_debit": null, "building:roof": null, "building:structure": null, "building:walls": null, "access:roof": null, "hospital:type": null, "landuse": null, "height": null, "addr:street:sym_ul": null, "religion": null, "internet_access:ssid": null, "museum": null, "name:id": null, "wikimedia_commons": null, "school": null, "area": null, "tactile_paving": null, "wikidata": null, "since": null, "layer": null, "type": null, "path": "/home/perhanjay/QGIS/balikpapan_pois_pol_poi.gpkg" }, "geometry": { "type": "Point", "coordinates": [ 116.869878024793749, -1.237364935643699 ] } },
{ "type": "Feature", "properties": { "element": "way", "id": 756494064.0, "amenity": null, "name": null, "tourism": null, "cuisine": null, "addr:city": null, "addr:postcode": null, "addr:street": null, "shop": null, "addr:housenumber": null, "level": null, "smoking": null, "beds": null, "internet_access": null, "internet_access:fee": null, "operator": null, "rooms": null, "wheelchair": null, "stars": null, "opening_hours": null, "addr:full": null, "building": null, "building:levels": null, "capacity:persons": null, "operator:type": null, "school:type_idn": null, "website": null, "historic": null, "capacity": null, "delivery": null, "description": null, "outdoor_seating": null, "phone": null, "takeaway": null, "leisure": "park", "emergency": null, "healthcare": null, "healthcare:speciality": null, "brand": null, "brand:wikidata": null, "brand:wikipedia": null, "short_name": null, "diet:halal": null, "branch": null, "email": null, "air_conditioning": null, "guest_house": null, "name:en": null, "addr:housename": null, "addr:province": null, "addr:unit": null, "addr:district": null, "addr:neighbourhood": null, "addr:subdistrict": null, "contact:instagram": null, "sport": null, "url": null, "old_name": null, "payment:cash": null, "payment:coins": null, "payment:ep_cash": null, "payment:visa": null, "payment:visa_debit": null, "building:roof": null, "building:structure": null, "building:walls": null, "access:roof": null, "hospital:type": null, "landuse": null, "height": null, "addr:street:sym_ul": null, "religion": null, "internet_access:ssid": null, "museum": null, "name:id": null, "wikimedia_commons": null, "school": null, "area": null, "tactile_paving": null, "wikidata": null, "since": null, "layer": null, "type": null, "path": "/home/perhanjay/QGIS/balikpapan_pois_pol_poi.gpkg" }, "geometry": { "type": "Point", "coordinates": [ 116.887573900000021, -1.24200785 ] } },
{ "type": "Feature", "properties": { "element": "way", "id": 760469702.0, "amenity": null, "name": null, "tourism": null, "cuisine": null, "addr:city": null, "addr:postcode": null, "addr:street": null, "shop": null, "addr:housenumber": null, "level": null, "smoking": null, "beds": null, "internet_access": null, "internet_access:fee": null, "operator": null, "rooms": null, "wheelchair": null, "stars": null, "opening_hours": null, "addr:full": null, "building": null, "building:levels": null, "capacity:persons": null, "operator:type": null, "school:type_idn": null, "website": null, "historic": null, "capacity": null, "delivery": null, "description": null, "outdoor_seating": null, "phone": null, "takeaway": null, "leisure": "park", "emergency": null, "healthcare": null, "healthcare:speciality": null, "brand": null, "brand:wikidata": null, "brand:wikipedia": null, "short_name": null, "diet:halal": null, "branch": null, "email": null, "air_conditioning": null, "guest_house": null, "name:en": null, "addr:housename": null, "addr:province": null, "addr:unit": null, "addr:district": null, "addr:neighbourhood": null, "addr:subdistrict": null, "contact:instagram": null, "sport": null, "url": null, "old_name": null, "payment:cash": null, "payment:coins": null, "payment:ep_cash": null, "payment:visa": null, "payment:visa_debit": null, "building:roof": null, "building:structure": null, "building:walls": null, "access:roof": null, "hospital:type": null, "landuse": null, "height": null, "addr:street:sym_ul": null, "religion": null, "internet_access:ssid": null, "museum": null, "name:id": null, "wikimedia_commons": null, "school": null, "area": null, "tactile_paving": null, "wikidata": null, "since": null, "layer": null, "type": null, "path": "/home/perhanjay/QGIS/balikpapan_pois_pol_poi.gpkg" }, "geometry": { "type": "Point", "coordinates": [ 116.852440346027535, -1.274276059523998 ] } },
{ "type": "Feature", "properties": { "element": "way", "id": 760469703.0, "amenity": null, "name": null, "tourism": null, "cuisine": null, "addr:city": null, "addr:postcode": null, "addr:street": null, "shop": null, "addr:housenumber": null, "level": null, "smoking": null, "beds": null, "internet_access": null, "internet_access:fee": null, "operator": null, "rooms": null, "wheelchair": null, "stars": null, "opening_hours": null, "addr:full": null, "building": null, "building:levels": null, "capacity:persons": null, "operator:type": null, "school:type_idn": null, "website": null, "historic": null, "capacity": null, "delivery": null, "description": null, "outdoor_seating": null, "phone": null, "takeaway": null, "leisure": "park", "emergency": null, "healthcare": null, "healthcare:speciality": null, "brand": null, "brand:wikidata": null, "brand:wikipedia": null, "short_name": null, "diet:halal": null, "branch": null, "email": null, "air_conditioning": null, "guest_house": null, "name:en": null, "addr:housename": null, "addr:province": null, "addr:unit": null, "addr:district": null, "addr:neighbourhood": null, "addr:subdistrict": null, "contact:instagram": null, "sport": null, "url": null, "old_name": null, "payment:cash": null, "payment:coins": null, "payment:ep_cash": null, "payment:visa": null, "payment:visa_debit": null, "building:roof": null, "building:structure": null, "building:walls": null, "access:roof": null, "hospital:type": null, "landuse": null, "height": null, "addr:street:sym_ul": null, "religion": null, "internet_access:ssid": null, "museum": null, "name:id": null, "wikimedia_commons": null, "school": null, "area": null, "tactile_paving": null, "wikidata": null, "since": null, "layer": null, "type": null, "path": "/home/perhanjay/QGIS/balikpapan_pois_pol_poi.gpkg" }, "geometry": { "type": "Point", "coordinates": [ 116.851612413507908, -1.27330232884214 ] } },
{ "type": "Feature", "properties": { "element": "way", "id": 760469704.0, "amenity": null, "name": null, "tourism": null, "cuisine": null, "addr:city": null, "addr:postcode": null, "addr:street": null, "shop": null, "addr:housenumber": null, "level": null, "smoking": null, "beds": null, "internet_access": null, "internet_access:fee": null, "operator": null, "rooms": null, "wheelchair": null, "stars": null, "opening_hours": null, "addr:full": null, "building": null, "building:levels": null, "capacity:persons": null, "operator:type": null, "school:type_idn": null, "website": null, "historic": null, "capacity": null, "delivery": null, "description": null, "outdoor_seating": null, "phone": null, "takeaway": null, "leisure": "park", "emergency": null, "healthcare": null, "healthcare:speciality": null, "brand": null, "brand:wikidata": null, "brand:wikipedia": null, "short_name": null, "diet:halal": null, "branch": null, "email": null, "air_conditioning": null, "guest_house": null, "name:en": null, "addr:housename": null, "addr:province": null, "addr:unit": null, "addr:district": null, "addr:neighbourhood": null, "addr:subdistrict": null, "contact:instagram": null, "sport": null, "url": null, "old_name": null, "payment:cash": null, "payment:coins": null, "payment:ep_cash": null, "payment:visa": null, "payment:visa_debit": null, "building:roof": null, "building:structure": null, "building:walls": null, "access:roof": null, "hospital:type": null, "landuse": null, "height": null, "addr:street:sym_ul": null, "religion": null, "internet_access:ssid": null, "museum": null, "name:id": null, "wikimedia_commons": null, "school": null, "area": null, "tactile_paving": null, "wikidata": null, "since": null, "layer": null, "type": null, "path": "/home/perhanjay/QGIS/balikpapan_pois_pol_poi.gpkg" }, "geometry": { "type": "Point", "coordinates": [ 116.852873133532754, -1.273296842566328 ] } },
{ "type": "Feature", "properties": { "element": "way", "id": 760469705.0, "amenity": null, "name": null, "tourism": null, "cuisine": null, "addr:city": null, "addr:postcode": null, "addr:street": null, "shop": null, "addr:housenumber": null, "level": null, "smoking": null, "beds": null, "internet_access": null, "internet_access:fee": null, "operator": null, "rooms": null, "wheelchair": null, "stars": null, "opening_hours": null, "addr:full": null, "building": null, "building:levels": null, "capacity:persons": null, "operator:type": null, "school:type_idn": null, "website": null, "historic": null, "capacity": null, "delivery": null, "description": null, "outdoor_seating": null, "phone": null, "takeaway": null, "leisure": "park", "emergency": null, "healthcare": null, "healthcare:speciality": null, "brand": null, "brand:wikidata": null, "brand:wikipedia": null, "short_name": null, "diet:halal": null, "branch": null, "email": null, "air_conditioning": null, "guest_house": null, "name:en": null, "addr:housename": null, "addr:province": null, "addr:unit": null, "addr:district": null, "addr:neighbourhood": null, "addr:subdistrict": null, "contact:instagram": null, "sport": null, "url": null, "old_name": null, "payment:cash": null, "payment:coins": null, "payment:ep_cash": null, "payment:visa": null, "payment:visa_debit": null, "building:roof": null, "building:structure": null, "building:walls": null, "access:roof": null, "hospital:type": null, "landuse": null, "height": null, "addr:street:sym_ul": null, "religion": null, "internet_access:ssid": null, "museum": null, "name:id": null, "wikimedia_commons": null, "school": null, "area": null, "tactile_paving": null, "wikidata": null, "since": null, "layer": null, "type": null, "path": "/home/perhanjay/QGIS/balikpapan_pois_pol_poi.gpkg" }, "geometry": { "type": "Point", "coordinates": [ 116.852257944988466, -1.273328077308577 ] } },
{ "type": "Feature", "properties": { "element": "way", "id": 760469730.0, "amenity": null, "name": null, "tourism": null, "cuisine": null, "addr:city": null, "addr:postcode": null, "addr:street": null, "shop": null, "addr:housenumber": null, "level": null, "smoking": null, "beds": null, "internet_access": null, "internet_access:fee": null, "operator": null, "rooms": null, "wheelchair": null, "stars": null, "opening_hours": null, "addr:full": null, "building": null, "building:levels": null, "capacity:persons": null, "operator:type": null, "school:type_idn": null, "website": null, "historic": null, "capacity": null, "delivery": null, "description": null, "outdoor_seating": null, "phone": null, "takeaway": null, "leisure": "park", "emergency": null, "healthcare": null, "healthcare:speciality": null, "brand": null, "brand:wikidata": null, "brand:wikipedia": null, "short_name": null, "diet:halal": null, "branch": null, "email": null, "air_conditioning": null, "guest_house": null, "name:en": null, "addr:housename": null, "addr:province": null, "addr:unit": null, "addr:district": null, "addr:neighbourhood": null, "addr:subdistrict": null, "contact:instagram": null, "sport": null, "url": null, "old_name": null, "payment:cash": null, "payment:coins": null, "payment:ep_cash": null, "payment:visa": null, "payment:visa_debit": null, "building:roof": null, "building:structure": null, "building:walls": null, "access:roof": null, "hospital:type": null, "landuse": null, "height": null, "addr:street:sym_ul": null, "religion": null, "internet_access:ssid": null, "museum": null, "name:id": null, "wikimedia_commons": null, "school": null, "area": null, "tactile_paving": null, "wikidata": null, "since": null, "layer": null, "type": null, "path": "/home/perhanjay/QGIS/balikpapan_pois_pol_poi.gpkg" }, "geometry": { "type": "Point", "coordinates": [ 116.851490228647606, -1.273163615081228 ] } },
{ "type": "Feature", "properties": { "element": "way", "id": 767801390.0, "amenity": null, "name": null, "tourism": null, "cuisine": null, "addr:city": null, "addr:postcode": null, "addr:street": null, "shop": null, "addr:housenumber": null, "level": null, "smoking": null, "beds": null, "internet_access": null, "internet_access:fee": null, "operator": null, "rooms": null, "wheelchair": null, "stars": null, "opening_hours": null, "addr:full": null, "building": null, "building:levels": null, "capacity:persons": null, "operator:type": null, "school:type_idn": null, "website": null, "historic": null, "capacity": null, "delivery": null, "description": null, "outdoor_seating": null, "phone": null, "takeaway": null, "leisure": "park", "emergency": null, "healthcare": null, "healthcare:speciality": null, "brand": null, "brand:wikidata": null, "brand:wikipedia": null, "short_name": null, "diet:halal": null, "branch": null, "email": null, "air_conditioning": null, "guest_house": null, "name:en": null, "addr:housename": null, "addr:province": null, "addr:unit": null, "addr:district": null, "addr:neighbourhood": null, "addr:subdistrict": null, "contact:instagram": null, "sport": null, "url": null, "old_name": null, "payment:cash": null, "payment:coins": null, "payment:ep_cash": null, "payment:visa": null, "payment:visa_debit": null, "building:roof": null, "building:structure": null, "building:walls": null, "access:roof": null, "hospital:type": null, "landuse": null, "height": null, "addr:street:sym_ul": null, "religion": null, "internet_access:ssid": null, "museum": null, "name:id": null, "wikimedia_commons": null, "school": null, "area": null, "tactile_paving": null, "wikidata": null, "since": null, "layer": null, "type": null, "path": "/home/perhanjay/QGIS/balikpapan_pois_pol_poi.gpkg" }, "geometry": { "type": "Point", "coordinates": [ 116.870347324102184, -1.257002178382178 ] } },
{ "type": "Feature", "properties": { "element": "way", "id": 771576400.0, "amenity": null, "name": null, "tourism": null, "cuisine": null, "addr:city": null, "addr:postcode": null, "addr:street": null, "shop": null, "addr:housenumber": null, "level": null, "smoking": null, "beds": null, "internet_access": null, "internet_access:fee": null, "operator": null, "rooms": null, "wheelchair": null, "stars": null, "opening_hours": null, "addr:full": null, "building": null, "building:levels": null, "capacity:persons": null, "operator:type": null, "school:type_idn": null, "website": null, "historic": null, "capacity": null, "delivery": null, "description": null, "outdoor_seating": null, "phone": null, "takeaway": null, "leisure": "park", "emergency": null, "healthcare": null, "healthcare:speciality": null, "brand": null, "brand:wikidata": null, "brand:wikipedia": null, "short_name": null, "diet:halal": null, "branch": null, "email": null, "air_conditioning": null, "guest_house": null, "name:en": null, "addr:housename": null, "addr:province": null, "addr:unit": null, "addr:district": null, "addr:neighbourhood": null, "addr:subdistrict": null, "contact:instagram": null, "sport": null, "url": null, "old_name": null, "payment:cash": null, "payment:coins": null, "payment:ep_cash": null, "payment:visa": null, "payment:visa_debit": null, "building:roof": null, "building:structure": null, "building:walls": null, "access:roof": null, "hospital:type": null, "landuse": null, "height": null, "addr:street:sym_ul": null, "religion": null, "internet_access:ssid": null, "museum": null, "name:id": null, "wikimedia_commons": null, "school": null, "area": null, "tactile_paving": null, "wikidata": null, "since": null, "layer": null, "type": null, "path": "/home/perhanjay/QGIS/balikpapan_pois_pol_poi.gpkg" }, "geometry": { "type": "Point", "coordinates": [ 116.872056506872738, -1.235095820425979 ] } },
{ "type": "Feature", "properties": { "element": "way", "id": 772082694.0, "amenity": null, "name": null, "tourism": null, "cuisine": null, "addr:city": null, "addr:postcode": null, "addr:street": null, "shop": null, "addr:housenumber": null, "level": null, "smoking": null, "beds": null, "internet_access": null, "internet_access:fee": null, "operator": null, "rooms": null, "wheelchair": null, "stars": null, "opening_hours": null, "addr:full": null, "building": null, "building:levels": null, "capacity:persons": null, "operator:type": null, "school:type_idn": null, "website": null, "historic": null, "capacity": null, "delivery": null, "description": null, "outdoor_seating": null, "phone": null, "takeaway": null, "leisure": "park", "emergency": null, "healthcare": null, "healthcare:speciality": null, "brand": null, "brand:wikidata": null, "brand:wikipedia": null, "short_name": null, "diet:halal": null, "branch": null, "email": null, "air_conditioning": null, "guest_house": null, "name:en": null, "addr:housename": null, "addr:province": null, "addr:unit": null, "addr:district": null, "addr:neighbourhood": null, "addr:subdistrict": null, "contact:instagram": null, "sport": null, "url": null, "old_name": null, "payment:cash": null, "payment:coins": null, "payment:ep_cash": null, "payment:visa": null, "payment:visa_debit": null, "building:roof": null, "building:structure": null, "building:walls": null, "access:roof": null, "hospital:type": null, "landuse": null, "height": null, "addr:street:sym_ul": null, "religion": null, "internet_access:ssid": null, "museum": null, "name:id": null, "wikimedia_commons": null, "school": null, "area": null, "tactile_paving": null, "wikidata": null, "since": null, "layer": null, "type": null, "path": "/home/perhanjay/QGIS/balikpapan_pois_pol_poi.gpkg" }, "geometry": { "type": "Point", "coordinates": [ 116.846976261376867, -1.221046999345241 ] } },
{ "type": "Feature", "properties": { "element": "way", "id": 782605318.0, "amenity": "hospital", "name": "RS Hermina Balikpapan", "tourism": null, "cuisine": null, "addr:city": "Kota Balikpapan", "addr:postcode": null, "addr:street": null, "shop": null, "addr:housenumber": null, "level": null, "smoking": null, "beds": null, "internet_access": null, "internet_access:fee": null, "operator": null, "rooms": null, "wheelchair": null, "stars": null, "opening_hours": null, "addr:full": "Jalan MT Haryono Jl. Sepinggan Baru No.45, Sepinggan, Kecamatan Balikpapan Selatan, Kota Balikpapan, Kalimantan Timur 76114", "building": null, "building:levels": null, "capacity:persons": null, "operator:type": "private", "school:type_idn": null, "website": "https://herminahospitals.com/", "historic": null, "capacity": null, "delivery": null, "description": null, "outdoor_seating": null, "phone": null, "takeaway": null, "leisure": null, "emergency": null, "healthcare": "hospital", "healthcare:speciality": null, "brand": null, "brand:wikidata": null, "brand:wikipedia": null, "short_name": null, "diet:halal": null, "branch": null, "email": null, "air_conditioning": null, "guest_house": null, "name:en": null, "addr:housename": null, "addr:province": null, "addr:unit": null, "addr:district": null, "addr:neighbourhood": null, "addr:subdistrict": null, "contact:instagram": null, "sport": null, "url": null, "old_name": null, "payment:cash": null, "payment:coins": null, "payment:ep_cash": null, "payment:visa": null, "payment:visa_debit": null, "building:roof": null, "building:structure": null, "building:walls": null, "access:roof": null, "hospital:type": null, "landuse": null, "height": null, "addr:street:sym_ul": null, "religion": null, "internet_access:ssid": null, "museum": null, "name:id": null, "wikimedia_commons": null, "school": null, "area": null, "tactile_paving": null, "wikidata": null, "since": null, "layer": null, "type": null, "path": "/home/perhanjay/QGIS/balikpapan_pois_pol_poi.gpkg" }, "geometry": { "type": "Point", "coordinates": [ 116.874549879451138, -1.229855403443767 ] } },
{ "type": "Feature", "properties": { "element": "way", "id": 782609212.0, "amenity": null, "name": null, "tourism": null, "cuisine": null, "addr:city": null, "addr:postcode": null, "addr:street": null, "shop": null, "addr:housenumber": null, "level": null, "smoking": null, "beds": null, "internet_access": null, "internet_access:fee": null, "operator": null, "rooms": null, "wheelchair": null, "stars": null, "opening_hours": null, "addr:full": null, "building": null, "building:levels": null, "capacity:persons": null, "operator:type": null, "school:type_idn": null, "website": null, "historic": null, "capacity": null, "delivery": null, "description": null, "outdoor_seating": null, "phone": null, "takeaway": null, "leisure": "park", "emergency": null, "healthcare": null, "healthcare:speciality": null, "brand": null, "brand:wikidata": null, "brand:wikipedia": null, "short_name": null, "diet:halal": null, "branch": null, "email": null, "air_conditioning": null, "guest_house": null, "name:en": null, "addr:housename": null, "addr:province": null, "addr:unit": null, "addr:district": null, "addr:neighbourhood": null, "addr:subdistrict": null, "contact:instagram": null, "sport": null, "url": null, "old_name": null, "payment:cash": null, "payment:coins": null, "payment:ep_cash": null, "payment:visa": null, "payment:visa_debit": null, "building:roof": null, "building:structure": null, "building:walls": null, "access:roof": null, "hospital:type": null, "landuse": null, "height": null, "addr:street:sym_ul": null, "religion": null, "internet_access:ssid": null, "museum": null, "name:id": null, "wikimedia_commons": null, "school": null, "area": null, "tactile_paving": null, "wikidata": null, "since": null, "layer": null, "type": null, "path": "/home/perhanjay/QGIS/balikpapan_pois_pol_poi.gpkg" }, "geometry": { "type": "Point", "coordinates": [ 116.928756372631796, -1.253150367448976 ] } },
{ "type": "Feature", "properties": { "element": "way", "id": 782909613.0, "amenity": "hospital", "name": "RSUD Beriman Balikpapan", "tourism": null, "cuisine": null, "addr:city": "Kota Balikpapan", "addr:postcode": null, "addr:street": "Jalan Mayjen Sutoyo", "shop": null, "addr:housenumber": "30", "level": null, "smoking": null, "beds": null, "internet_access": null, "internet_access:fee": null, "operator": null, "rooms": null, "wheelchair": null, "stars": null, "opening_hours": null, "addr:full": "Jalan Mayjend Sutoyo, Klandasan Ilir, Balikpapan Kota, Kota Balikpapan, Kalimantan Timur 76113", "building": null, "building:levels": null, "capacity:persons": null, "operator:type": "government", "school:type_idn": null, "website": "rsud.balikpapan.go.id", "historic": null, "capacity": null, "delivery": null, "description": null, "outdoor_seating": null, "phone": null, "takeaway": null, "leisure": null, "emergency": "yes", "healthcare": "hospital", "healthcare:speciality": "general", "brand": null, "brand:wikidata": null, "brand:wikipedia": null, "short_name": null, "diet:halal": null, "branch": null, "email": null, "air_conditioning": null, "guest_house": null, "name:en": null, "addr:housename": null, "addr:province": null, "addr:unit": null, "addr:district": null, "addr:neighbourhood": null, "addr:subdistrict": null, "contact:instagram": null, "sport": null, "url": null, "old_name": null, "payment:cash": null, "payment:coins": null, "payment:ep_cash": null, "payment:visa": null, "payment:visa_debit": null, "building:roof": null, "building:structure": null, "building:walls": null, "access:roof": null, "hospital:type": null, "landuse": null, "height": null, "addr:street:sym_ul": null, "religion": null, "internet_access:ssid": null, "museum": null, "name:id": null, "wikimedia_commons": null, "school": null, "area": null, "tactile_paving": null, "wikidata": null, "since": null, "layer": null, "type": null, "path": "/home/perhanjay/QGIS/balikpapan_pois_pol_poi.gpkg" }, "geometry": { "type": "Point", "coordinates": [ 116.847677930143817, -1.26362150232247 ] } },
{ "type": "Feature", "properties": { "element": "way", "id": 783808309.0, "amenity": "hospital", "name": "RSUD Dr. Kanujoso Djatiwibowo Balikpapan", "tourism": null, "cuisine": null, "addr:city": "Balikpapan", "addr:postcode": null, "addr:street": "Jl. M.T. Haryono", "shop": null, "addr:housenumber": null, "level": null, "smoking": null, "beds": null, "internet_access": null, "internet_access:fee": null, "operator": null, "rooms": null, "wheelchair": null, "stars": null, "opening_hours": null, "addr:full": "Jalan MT. Haryono No. 656 Balikpapan", "building": null, "building:levels": null, "capacity:persons": null, "operator:type": "government", "school:type_idn": null, "website": null, "historic": null, "capacity": null, "delivery": null, "description": null, "outdoor_seating": null, "phone": null, "takeaway": null, "leisure": null, "emergency": null, "healthcare": "hospital", "healthcare:speciality": null, "brand": null, "brand:wikidata": null, "brand:wikipedia": null, "short_name": null, "diet:halal": null, "branch": null, "email": null, "air_conditioning": null, "guest_house": null, "name:en": null, "addr:housename": null, "addr:province": null, "addr:unit": null, "addr:district": null, "addr:neighbourhood": null, "addr:subdistrict": null, "contact:instagram": null, "sport": null, "url": null, "old_name": null, "payment:cash": null, "payment:coins": null, "payment:ep_cash": null, "payment:visa": null, "payment:visa_debit": null, "building:roof": null, "building:structure": null, "building:walls": null, "access:roof": null, "hospital:type": null, "landuse": null, "height": null, "addr:street:sym_ul": null, "religion": null, "internet_access:ssid": null, "museum": null, "name:id": null, "wikimedia_commons": null, "school": null, "area": null, "tactile_paving": null, "wikidata": null, "since": null, "layer": null, "type": null, "path": "/home/perhanjay/QGIS/balikpapan_pois_pol_poi.gpkg" }, "geometry": { "type": "Point", "coordinates": [ 116.868843154761379, -1.224003635246866 ] } },
{ "type": "Feature", "properties": { "element": "way", "id": 783822429.0, "amenity": null, "name": null, "tourism": null, "cuisine": null, "addr:city": null, "addr:postcode": null, "addr:street": null, "shop": null, "addr:housenumber": null, "level": null, "smoking": null, "beds": null, "internet_access": null, "internet_access:fee": null, "operator": null, "rooms": null, "wheelchair": null, "stars": null, "opening_hours": null, "addr:full": null, "building": null, "building:levels": null, "capacity:persons": null, "operator:type": null, "school:type_idn": null, "website": null, "historic": null, "capacity": null, "delivery": null, "description": null, "outdoor_seating": null, "phone": null, "takeaway": null, "leisure": "park", "emergency": null, "healthcare": null, "healthcare:speciality": null, "brand": null, "brand:wikidata": null, "brand:wikipedia": null, "short_name": null, "diet:halal": null, "branch": null, "email": null, "air_conditioning": null, "guest_house": null, "name:en": null, "addr:housename": null, "addr:province": null, "addr:unit": null, "addr:district": null, "addr:neighbourhood": null, "addr:subdistrict": null, "contact:instagram": null, "sport": null, "url": null, "old_name": null, "payment:cash": null, "payment:coins": null, "payment:ep_cash": null, "payment:visa": null, "payment:visa_debit": null, "building:roof": null, "building:structure": null, "building:walls": null, "access:roof": null, "hospital:type": null, "landuse": null, "height": null, "addr:street:sym_ul": null, "religion": null, "internet_access:ssid": null, "museum": null, "name:id": null, "wikimedia_commons": null, "school": null, "area": null, "tactile_paving": null, "wikidata": null, "since": null, "layer": null, "type": null, "path": "/home/perhanjay/QGIS/balikpapan_pois_pol_poi.gpkg" }, "geometry": { "type": "Point", "coordinates": [ 116.838406735558905, -1.278630288141327 ] } },
{ "type": "Feature", "properties": { "element": "way", "id": 783830292.0, "amenity": null, "name": "Whiz Prime Hotel Balikpapan", "tourism": "hotel", "cuisine": null, "addr:city": null, "addr:postcode": null, "addr:street": null, "shop": null, "addr:housenumber": null, "level": null, "smoking": null, "beds": null, "internet_access": null, "internet_access:fee": null, "operator": null, "rooms": null, "wheelchair": null, "stars": null, "opening_hours": null, "addr:full": null, "building": "hotel", "building:levels": null, "capacity:persons": null, "operator:type": null, "school:type_idn": null, "website": null, "historic": null, "capacity": null, "delivery": null, "description": null, "outdoor_seating": null, "phone": null, "takeaway": null, "leisure": null, "emergency": null, "healthcare": null, "healthcare:speciality": null, "brand": null, "brand:wikidata": null, "brand:wikipedia": null, "short_name": null, "diet:halal": null, "branch": null, "email": null, "air_conditioning": null, "guest_house": null, "name:en": null, "addr:housename": null, "addr:province": null, "addr:unit": null, "addr:district": null, "addr:neighbourhood": null, "addr:subdistrict": null, "contact:instagram": null, "sport": null, "url": null, "old_name": null, "payment:cash": null, "payment:coins": null, "payment:ep_cash": null, "payment:visa": null, "payment:visa_debit": null, "building:roof": null, "building:structure": null, "building:walls": null, "access:roof": null, "hospital:type": null, "landuse": null, "height": null, "addr:street:sym_ul": null, "religion": null, "internet_access:ssid": null, "museum": null, "name:id": null, "wikimedia_commons": null, "school": null, "area": null, "tactile_paving": null, "wikidata": null, "since": null, "layer": null, "type": null, "path": "/home/perhanjay/QGIS/balikpapan_pois_pol_poi.gpkg" }, "geometry": { "type": "Point", "coordinates": [ 116.851636834864053, -1.272188329518458 ] } },
{ "type": "Feature", "properties": { "element": "way", "id": 784117394.0, "amenity": null, "name": "Taman Beruang Madu", "tourism": null, "cuisine": null, "addr:city": null, "addr:postcode": null, "addr:street": null, "shop": null, "addr:housenumber": null, "level": null, "smoking": null, "beds": null, "internet_access": null, "internet_access:fee": null, "operator": null, "rooms": null, "wheelchair": null, "stars": null, "opening_hours": null, "addr:full": null, "building": null, "building:levels": null, "capacity:persons": null, "operator:type": null, "school:type_idn": null, "website": null, "historic": null, "capacity": null, "delivery": null, "description": null, "outdoor_seating": null, "phone": null, "takeaway": null, "leisure": "park", "emergency": null, "healthcare": null, "healthcare:speciality": null, "brand": null, "brand:wikidata": null, "brand:wikipedia": null, "short_name": null, "diet:halal": null, "branch": null, "email": null, "air_conditioning": null, "guest_house": null, "name:en": null, "addr:housename": null, "addr:province": null, "addr:unit": null, "addr:district": null, "addr:neighbourhood": null, "addr:subdistrict": null, "contact:instagram": null, "sport": null, "url": null, "old_name": null, "payment:cash": null, "payment:coins": null, "payment:ep_cash": null, "payment:visa": null, "payment:visa_debit": null, "building:roof": null, "building:structure": null, "building:walls": null, "access:roof": null, "hospital:type": null, "landuse": null, "height": null, "addr:street:sym_ul": null, "religion": null, "internet_access:ssid": null, "museum": null, "name:id": null, "wikimedia_commons": null, "school": null, "area": null, "tactile_paving": null, "wikidata": null, "since": null, "layer": null, "type": null, "path": "/home/perhanjay/QGIS/balikpapan_pois_pol_poi.gpkg" }, "geometry": { "type": "Point", "coordinates": [ 116.856562038405087, -1.26918517578868 ] } },
{ "type": "Feature", "properties": { "element": "way", "id": 784723170.0, "amenity": "hospital", "name": "Rumah Sakit Restu Ibu", "tourism": null, "cuisine": null, "addr:city": "Balikpapan", "addr:postcode": null, "addr:street": null, "shop": null, "addr:housenumber": null, "level": null, "smoking": null, "beds": null, "internet_access": null, "internet_access:fee": null, "operator": null, "rooms": null, "wheelchair": null, "stars": null, "opening_hours": null, "addr:full": "Jalan Ahmad Yani No.12, Gunungsari Ilir, Balikpapan Tengah, Kota Balikpapan, Kalimantan Timur 76122", "building": null, "building:levels": null, "capacity:persons": null, "operator:type": "private", "school:type_idn": null, "website": "https://rumahsakitrestuibubalikpapan.business.site/", "historic": null, "capacity": null, "delivery": null, "description": null, "outdoor_seating": null, "phone": null, "takeaway": null, "leisure": null, "emergency": null, "healthcare": "hospital", "healthcare:speciality": null, "brand": null, "brand:wikidata": null, "brand:wikipedia": null, "short_name": null, "diet:halal": null, "branch": null, "email": null, "air_conditioning": null, "guest_house": null, "name:en": null, "addr:housename": null, "addr:province": null, "addr:unit": null, "addr:district": null, "addr:neighbourhood": null, "addr:subdistrict": null, "contact:instagram": null, "sport": null, "url": null, "old_name": null, "payment:cash": null, "payment:coins": null, "payment:ep_cash": null, "payment:visa": null, "payment:visa_debit": null, "building:roof": null, "building:structure": null, "building:walls": null, "access:roof": null, "hospital:type": null, "landuse": null, "height": null, "addr:street:sym_ul": null, "religion": null, "internet_access:ssid": null, "museum": null, "name:id": null, "wikimedia_commons": null, "school": null, "area": null, "tactile_paving": null, "wikidata": null, "since": null, "layer": null, "type": null, "path": "/home/perhanjay/QGIS/balikpapan_pois_pol_poi.gpkg" }, "geometry": { "type": "Point", "coordinates": [ 116.837221120566966, -1.272361182052433 ] } },
{ "type": "Feature", "properties": { "element": "way", "id": 796853340.0, "amenity": null, "name": "Taman Lalu Lintas", "tourism": null, "cuisine": null, "addr:city": null, "addr:postcode": null, "addr:street": null, "shop": null, "addr:housenumber": null, "level": null, "smoking": null, "beds": null, "internet_access": null, "internet_access:fee": null, "operator": null, "rooms": null, "wheelchair": null, "stars": null, "opening_hours": null, "addr:full": null, "building": null, "building:levels": null, "capacity:persons": null, "operator:type": null, "school:type_idn": null, "website": null, "historic": null, "capacity": null, "delivery": null, "description": null, "outdoor_seating": null, "phone": null, "takeaway": null, "leisure": "park", "emergency": null, "healthcare": null, "healthcare:speciality": null, "brand": null, "brand:wikidata": null, "brand:wikipedia": null, "short_name": null, "diet:halal": null, "branch": null, "email": null, "air_conditioning": null, "guest_house": null, "name:en": null, "addr:housename": null, "addr:province": null, "addr:unit": null, "addr:district": null, "addr:neighbourhood": null, "addr:subdistrict": null, "contact:instagram": null, "sport": null, "url": null, "old_name": null, "payment:cash": null, "payment:coins": null, "payment:ep_cash": null, "payment:visa": null, "payment:visa_debit": null, "building:roof": null, "building:structure": null, "building:walls": null, "access:roof": null, "hospital:type": null, "landuse": null, "height": null, "addr:street:sym_ul": null, "religion": null, "internet_access:ssid": null, "museum": null, "name:id": null, "wikimedia_commons": null, "school": null, "area": null, "tactile_paving": null, "wikidata": null, "since": null, "layer": null, "type": null, "path": "/home/perhanjay/QGIS/balikpapan_pois_pol_poi.gpkg" }, "geometry": { "type": "Point", "coordinates": [ 116.904821399999989, -1.2532663 ] } },
{ "type": "Feature", "properties": { "element": "way", "id": 802413861.0, "amenity": "restaurant", "name": "The Coast Restaurantt Balikpapan", "tourism": null, "cuisine": null, "addr:city": null, "addr:postcode": null, "addr:street": null, "shop": null, "addr:housenumber": null, "level": null, "smoking": null, "beds": null, "internet_access": null, "internet_access:fee": null, "operator": null, "rooms": null, "wheelchair": null, "stars": null, "opening_hours": null, "addr:full": null, "building": "yes", "building:levels": null, "capacity:persons": null, "operator:type": null, "school:type_idn": null, "website": null, "historic": null, "capacity": null, "delivery": null, "description": null, "outdoor_seating": null, "phone": null, "takeaway": null, "leisure": null, "emergency": null, "healthcare": null, "healthcare:speciality": null, "brand": null, "brand:wikidata": null, "brand:wikipedia": null, "short_name": null, "diet:halal": null, "branch": null, "email": null, "air_conditioning": null, "guest_house": null, "name:en": null, "addr:housename": null, "addr:province": null, "addr:unit": null, "addr:district": null, "addr:neighbourhood": null, "addr:subdistrict": null, "contact:instagram": null, "sport": null, "url": null, "old_name": null, "payment:cash": null, "payment:coins": null, "payment:ep_cash": null, "payment:visa": null, "payment:visa_debit": null, "building:roof": null, "building:structure": null, "building:walls": null, "access:roof": null, "hospital:type": null, "landuse": null, "height": null, "addr:street:sym_ul": null, "religion": null, "internet_access:ssid": null, "museum": null, "name:id": null, "wikimedia_commons": null, "school": null, "area": null, "tactile_paving": null, "wikidata": null, "since": null, "layer": null, "type": null, "path": "/home/perhanjay/QGIS/balikpapan_pois_pol_poi.gpkg" }, "geometry": { "type": "Point", "coordinates": [ 116.873633399999989, -1.27566345 ] } },
{ "type": "Feature", "properties": { "element": "way", "id": 819319045.0, "amenity": null, "name": null, "tourism": null, "cuisine": null, "addr:city": null, "addr:postcode": null, "addr:street": null, "shop": null, "addr:housenumber": null, "level": null, "smoking": null, "beds": null, "internet_access": null, "internet_access:fee": null, "operator": null, "rooms": null, "wheelchair": null, "stars": null, "opening_hours": null, "addr:full": null, "building": null, "building:levels": null, "capacity:persons": null, "operator:type": null, "school:type_idn": null, "website": null, "historic": null, "capacity": null, "delivery": null, "description": null, "outdoor_seating": null, "phone": null, "takeaway": null, "leisure": "park", "emergency": null, "healthcare": null, "healthcare:speciality": null, "brand": null, "brand:wikidata": null, "brand:wikipedia": null, "short_name": null, "diet:halal": null, "branch": null, "email": null, "air_conditioning": null, "guest_house": null, "name:en": null, "addr:housename": null, "addr:province": null, "addr:unit": null, "addr:district": null, "addr:neighbourhood": null, "addr:subdistrict": null, "contact:instagram": null, "sport": null, "url": null, "old_name": null, "payment:cash": null, "payment:coins": null, "payment:ep_cash": null, "payment:visa": null, "payment:visa_debit": null, "building:roof": null, "building:structure": null, "building:walls": null, "access:roof": null, "hospital:type": null, "landuse": null, "height": null, "addr:street:sym_ul": null, "religion": null, "internet_access:ssid": null, "museum": null, "name:id": null, "wikimedia_commons": null, "school": null, "area": null, "tactile_paving": null, "wikidata": null, "since": null, "layer": null, "type": null, "path": "/home/perhanjay/QGIS/balikpapan_pois_pol_poi.gpkg" }, "geometry": { "type": "Point", "coordinates": [ 116.862396591079843, -1.243512099978947 ] } },
{ "type": "Feature", "properties": { "element": "way", "id": 819319046.0, "amenity": null, "name": null, "tourism": null, "cuisine": null, "addr:city": null, "addr:postcode": null, "addr:street": null, "shop": null, "addr:housenumber": null, "level": null, "smoking": null, "beds": null, "internet_access": null, "internet_access:fee": null, "operator": null, "rooms": null, "wheelchair": null, "stars": null, "opening_hours": null, "addr:full": null, "building": null, "building:levels": null, "capacity:persons": null, "operator:type": null, "school:type_idn": null, "website": null, "historic": null, "capacity": null, "delivery": null, "description": null, "outdoor_seating": null, "phone": null, "takeaway": null, "leisure": "park", "emergency": null, "healthcare": null, "healthcare:speciality": null, "brand": null, "brand:wikidata": null, "brand:wikipedia": null, "short_name": null, "diet:halal": null, "branch": null, "email": null, "air_conditioning": null, "guest_house": null, "name:en": null, "addr:housename": null, "addr:province": null, "addr:unit": null, "addr:district": null, "addr:neighbourhood": null, "addr:subdistrict": null, "contact:instagram": null, "sport": null, "url": null, "old_name": null, "payment:cash": null, "payment:coins": null, "payment:ep_cash": null, "payment:visa": null, "payment:visa_debit": null, "building:roof": null, "building:structure": null, "building:walls": null, "access:roof": null, "hospital:type": null, "landuse": null, "height": null, "addr:street:sym_ul": null, "religion": null, "internet_access:ssid": null, "museum": null, "name:id": null, "wikimedia_commons": null, "school": null, "area": null, "tactile_paving": null, "wikidata": null, "since": null, "layer": null, "type": null, "path": "/home/perhanjay/QGIS/balikpapan_pois_pol_poi.gpkg" }, "geometry": { "type": "Point", "coordinates": [ 116.86260302313319, -1.243418506859302 ] } },
{ "type": "Feature", "properties": { "element": "way", "id": 840021491.0, "amenity": "restaurant", "name": "RM Torani Kepiting Pusat Seafood & Kuliner Balikpapan", "tourism": null, "cuisine": null, "addr:city": null, "addr:postcode": null, "addr:street": null, "shop": null, "addr:housenumber": null, "level": null, "smoking": null, "beds": null, "internet_access": null, "internet_access:fee": null, "operator": null, "rooms": null, "wheelchair": null, "stars": null, "opening_hours": null, "addr:full": null, "building": "yes", "building:levels": null, "capacity:persons": null, "operator:type": null, "school:type_idn": null, "website": null, "historic": null, "capacity": null, "delivery": null, "description": null, "outdoor_seating": null, "phone": null, "takeaway": null, "leisure": null, "emergency": null, "healthcare": null, "healthcare:speciality": null, "brand": null, "brand:wikidata": null, "brand:wikipedia": null, "short_name": null, "diet:halal": null, "branch": null, "email": null, "air_conditioning": null, "guest_house": null, "name:en": null, "addr:housename": null, "addr:province": null, "addr:unit": null, "addr:district": null, "addr:neighbourhood": null, "addr:subdistrict": null, "contact:instagram": null, "sport": null, "url": null, "old_name": null, "payment:cash": null, "payment:coins": null, "payment:ep_cash": null, "payment:visa": null, "payment:visa_debit": null, "building:roof": null, "building:structure": null, "building:walls": null, "access:roof": null, "hospital:type": null, "landuse": null, "height": null, "addr:street:sym_ul": null, "religion": null, "internet_access:ssid": null, "museum": null, "name:id": null, "wikimedia_commons": null, "school": null, "area": null, "tactile_paving": null, "wikidata": null, "since": null, "layer": null, "type": null, "path": "/home/perhanjay/QGIS/balikpapan_pois_pol_poi.gpkg" }, "geometry": { "type": "Point", "coordinates": [ 116.865311, -1.2750729 ] } },
{ "type": "Feature", "properties": { "element": "way", "id": 840872442.0, "amenity": null, "name": "OYO 2886 Her Mandiri Guest House", "tourism": "guest_house", "cuisine": null, "addr:city": null, "addr:postcode": null, "addr:street": null, "shop": null, "addr:housenumber": null, "level": null, "smoking": null, "beds": null, "internet_access": null, "internet_access:fee": null, "operator": null, "rooms": null, "wheelchair": null, "stars": null, "opening_hours": null, "addr:full": null, "building": "yes", "building:levels": null, "capacity:persons": null, "operator:type": null, "school:type_idn": null, "website": null, "historic": null, "capacity": null, "delivery": null, "description": null, "outdoor_seating": null, "phone": null, "takeaway": null, "leisure": null, "emergency": null, "healthcare": null, "healthcare:speciality": null, "brand": null, "brand:wikidata": null, "brand:wikipedia": null, "short_name": null, "diet:halal": null, "branch": null, "email": null, "air_conditioning": null, "guest_house": null, "name:en": null, "addr:housename": null, "addr:province": null, "addr:unit": null, "addr:district": null, "addr:neighbourhood": null, "addr:subdistrict": null, "contact:instagram": null, "sport": null, "url": null, "old_name": null, "payment:cash": null, "payment:coins": null, "payment:ep_cash": null, "payment:visa": null, "payment:visa_debit": null, "building:roof": null, "building:structure": null, "building:walls": null, "access:roof": null, "hospital:type": null, "landuse": null, "height": null, "addr:street:sym_ul": null, "religion": null, "internet_access:ssid": null, "museum": null, "name:id": null, "wikimedia_commons": null, "school": null, "area": null, "tactile_paving": null, "wikidata": null, "since": null, "layer": null, "type": null, "path": "/home/perhanjay/QGIS/balikpapan_pois_pol_poi.gpkg" }, "geometry": { "type": "Point", "coordinates": [ 116.881836163723463, -1.229569420401923 ] } },
{ "type": "Feature", "properties": { "element": "way", "id": 847999737.0, "amenity": "restaurant", "name": "Depot Mie Arela", "tourism": null, "cuisine": null, "addr:city": null, "addr:postcode": null, "addr:street": "Jalan Abdul Wahab Syahranie", "shop": null, "addr:housenumber": null, "level": null, "smoking": null, "beds": null, "internet_access": null, "internet_access:fee": null, "operator": null, "rooms": null, "wheelchair": null, "stars": null, "opening_hours": null, "addr:full": null, "building": "yes", "building:levels": null, "capacity:persons": null, "operator:type": null, "school:type_idn": null, "website": null, "historic": null, "capacity": null, "delivery": null, "description": null, "outdoor_seating": null, "phone": null, "takeaway": null, "leisure": null, "emergency": null, "healthcare": null, "healthcare:speciality": null, "brand": null, "brand:wikidata": null, "brand:wikipedia": null, "short_name": null, "diet:halal": null, "branch": null, "email": null, "air_conditioning": null, "guest_house": null, "name:en": null, "addr:housename": null, "addr:province": null, "addr:unit": null, "addr:district": null, "addr:neighbourhood": null, "addr:subdistrict": null, "contact:instagram": null, "sport": null, "url": null, "old_name": null, "payment:cash": null, "payment:coins": null, "payment:ep_cash": null, "payment:visa": null, "payment:visa_debit": null, "building:roof": null, "building:structure": null, "building:walls": null, "access:roof": null, "hospital:type": null, "landuse": null, "height": null, "addr:street:sym_ul": null, "religion": null, "internet_access:ssid": null, "museum": null, "name:id": null, "wikimedia_commons": null, "school": null, "area": null, "tactile_paving": null, "wikidata": null, "since": null, "layer": null, "type": null, "path": "/home/perhanjay/QGIS/balikpapan_pois_pol_poi.gpkg" }, "geometry": { "type": "Point", "coordinates": [ 116.8416237, -1.2173434 ] } },
{ "type": "Feature", "properties": { "element": "way", "id": 848329286.0, "amenity": null, "name": "Homestay & Kost Nuno", "tourism": "hostel", "cuisine": null, "addr:city": null, "addr:postcode": null, "addr:street": null, "shop": null, "addr:housenumber": null, "level": null, "smoking": null, "beds": null, "internet_access": null, "internet_access:fee": null, "operator": null, "rooms": null, "wheelchair": null, "stars": null, "opening_hours": null, "addr:full": null, "building": "yes", "building:levels": null, "capacity:persons": null, "operator:type": null, "school:type_idn": null, "website": null, "historic": null, "capacity": null, "delivery": null, "description": null, "outdoor_seating": null, "phone": null, "takeaway": null, "leisure": null, "emergency": null, "healthcare": null, "healthcare:speciality": null, "brand": null, "brand:wikidata": null, "brand:wikipedia": null, "short_name": null, "diet:halal": null, "branch": null, "email": null, "air_conditioning": null, "guest_house": null, "name:en": null, "addr:housename": null, "addr:province": null, "addr:unit": null, "addr:district": null, "addr:neighbourhood": null, "addr:subdistrict": null, "contact:instagram": null, "sport": null, "url": null, "old_name": null, "payment:cash": null, "payment:coins": null, "payment:ep_cash": null, "payment:visa": null, "payment:visa_debit": null, "building:roof": null, "building:structure": null, "building:walls": null, "access:roof": null, "hospital:type": null, "landuse": null, "height": null, "addr:street:sym_ul": null, "religion": null, "internet_access:ssid": null, "museum": null, "name:id": null, "wikimedia_commons": null, "school": null, "area": null, "tactile_paving": null, "wikidata": null, "since": null, "layer": null, "type": null, "path": "/home/perhanjay/QGIS/balikpapan_pois_pol_poi.gpkg" }, "geometry": { "type": "Point", "coordinates": [ 116.841277866704075, -1.267264278275952 ] } },
{ "type": "Feature", "properties": { "element": "way", "id": 848825543.0, "amenity": null, "name": null, "tourism": null, "cuisine": null, "addr:city": null, "addr:postcode": null, "addr:street": null, "shop": null, "addr:housenumber": null, "level": null, "smoking": null, "beds": null, "internet_access": null, "internet_access:fee": null, "operator": null, "rooms": null, "wheelchair": null, "stars": null, "opening_hours": null, "addr:full": null, "building": null, "building:levels": null, "capacity:persons": null, "operator:type": null, "school:type_idn": null, "website": null, "historic": null, "capacity": null, "delivery": null, "description": null, "outdoor_seating": null, "phone": null, "takeaway": null, "leisure": "park", "emergency": null, "healthcare": null, "healthcare:speciality": null, "brand": null, "brand:wikidata": null, "brand:wikipedia": null, "short_name": null, "diet:halal": null, "branch": null, "email": null, "air_conditioning": null, "guest_house": null, "name:en": null, "addr:housename": null, "addr:province": null, "addr:unit": null, "addr:district": null, "addr:neighbourhood": null, "addr:subdistrict": null, "contact:instagram": null, "sport": null, "url": null, "old_name": null, "payment:cash": null, "payment:coins": null, "payment:ep_cash": null, "payment:visa": null, "payment:visa_debit": null, "building:roof": null, "building:structure": null, "building:walls": null, "access:roof": null, "hospital:type": null, "landuse": null, "height": null, "addr:street:sym_ul": null, "religion": null, "internet_access:ssid": null, "museum": null, "name:id": null, "wikimedia_commons": null, "school": null, "area": null, "tactile_paving": null, "wikidata": null, "since": null, "layer": null, "type": null, "path": "/home/perhanjay/QGIS/balikpapan_pois_pol_poi.gpkg" }, "geometry": { "type": "Point", "coordinates": [ 116.881850252988741, -1.239017064639978 ] } },
{ "type": "Feature", "properties": { "element": "way", "id": 848825653.0, "amenity": "restaurant", "name": "Pempek Comring 04 - Gunung Bahagia", "tourism": null, "cuisine": null, "addr:city": null, "addr:postcode": null, "addr:street": null, "shop": null, "addr:housenumber": null, "level": null, "smoking": null, "beds": null, "internet_access": null, "internet_access:fee": null, "operator": null, "rooms": null, "wheelchair": null, "stars": null, "opening_hours": null, "addr:full": null, "building": "yes", "building:levels": null, "capacity:persons": null, "operator:type": null, "school:type_idn": null, "website": null, "historic": null, "capacity": null, "delivery": null, "description": null, "outdoor_seating": null, "phone": null, "takeaway": null, "leisure": null, "emergency": null, "healthcare": null, "healthcare:speciality": null, "brand": null, "brand:wikidata": null, "brand:wikipedia": null, "short_name": null, "diet:halal": null, "branch": null, "email": null, "air_conditioning": null, "guest_house": null, "name:en": null, "addr:housename": null, "addr:province": null, "addr:unit": null, "addr:district": null, "addr:neighbourhood": null, "addr:subdistrict": null, "contact:instagram": null, "sport": null, "url": null, "old_name": null, "payment:cash": null, "payment:coins": null, "payment:ep_cash": null, "payment:visa": null, "payment:visa_debit": null, "building:roof": null, "building:structure": null, "building:walls": null, "access:roof": null, "hospital:type": null, "landuse": null, "height": null, "addr:street:sym_ul": null, "religion": null, "internet_access:ssid": null, "museum": null, "name:id": null, "wikimedia_commons": null, "school": null, "area": null, "tactile_paving": null, "wikidata": null, "since": null, "layer": null, "type": null, "path": "/home/perhanjay/QGIS/balikpapan_pois_pol_poi.gpkg" }, "geometry": { "type": "Point", "coordinates": [ 116.8820697, -1.23549095 ] } },
{ "type": "Feature", "properties": { "element": "way", "id": 848888758.0, "amenity": "restaurant", "name": "Nasi Pecel Pincuk Khas Madiun Pak Kumis - Klandasan Ilir", "tourism": null, "cuisine": null, "addr:city": null, "addr:postcode": null, "addr:street": null, "shop": null, "addr:housenumber": null, "level": null, "smoking": null, "beds": null, "internet_access": null, "internet_access:fee": null, "operator": null, "rooms": null, "wheelchair": null, "stars": null, "opening_hours": null, "addr:full": null, "building": "yes", "building:levels": null, "capacity:persons": null, "operator:type": null, "school:type_idn": null, "website": null, "historic": null, "capacity": null, "delivery": null, "description": null, "outdoor_seating": null, "phone": null, "takeaway": null, "leisure": null, "emergency": null, "healthcare": null, "healthcare:speciality": null, "brand": null, "brand:wikidata": null, "brand:wikipedia": null, "short_name": null, "diet:halal": null, "branch": null, "email": null, "air_conditioning": null, "guest_house": null, "name:en": null, "addr:housename": null, "addr:province": null, "addr:unit": null, "addr:district": null, "addr:neighbourhood": null, "addr:subdistrict": null, "contact:instagram": null, "sport": null, "url": null, "old_name": null, "payment:cash": null, "payment:coins": null, "payment:ep_cash": null, "payment:visa": null, "payment:visa_debit": null, "building:roof": null, "building:structure": null, "building:walls": null, "access:roof": null, "hospital:type": null, "landuse": null, "height": null, "addr:street:sym_ul": null, "religion": null, "internet_access:ssid": null, "museum": null, "name:id": null, "wikimedia_commons": null, "school": null, "area": null, "tactile_paving": null, "wikidata": null, "since": null, "layer": null, "type": null, "path": "/home/perhanjay/QGIS/balikpapan_pois_pol_poi.gpkg" }, "geometry": { "type": "Point", "coordinates": [ 116.845885063436171, -1.266814119424863 ] } },
{ "type": "Feature", "properties": { "element": "way", "id": 849074550.0, "amenity": null, "name": "Guest Host Dewi", "tourism": "guest_house", "cuisine": null, "addr:city": null, "addr:postcode": null, "addr:street": null, "shop": null, "addr:housenumber": null, "level": null, "smoking": null, "beds": null, "internet_access": null, "internet_access:fee": null, "operator": null, "rooms": null, "wheelchair": null, "stars": null, "opening_hours": null, "addr:full": null, "building": "yes", "building:levels": null, "capacity:persons": null, "operator:type": null, "school:type_idn": null, "website": null, "historic": null, "capacity": null, "delivery": null, "description": null, "outdoor_seating": null, "phone": null, "takeaway": null, "leisure": null, "emergency": null, "healthcare": null, "healthcare:speciality": null, "brand": null, "brand:wikidata": null, "brand:wikipedia": null, "short_name": null, "diet:halal": null, "branch": null, "email": null, "air_conditioning": null, "guest_house": null, "name:en": null, "addr:housename": null, "addr:province": null, "addr:unit": null, "addr:district": null, "addr:neighbourhood": null, "addr:subdistrict": null, "contact:instagram": null, "sport": null, "url": null, "old_name": null, "payment:cash": null, "payment:coins": null, "payment:ep_cash": null, "payment:visa": null, "payment:visa_debit": null, "building:roof": null, "building:structure": null, "building:walls": null, "access:roof": null, "hospital:type": null, "landuse": null, "height": null, "addr:street:sym_ul": null, "religion": null, "internet_access:ssid": null, "museum": null, "name:id": null, "wikimedia_commons": null, "school": null, "area": null, "tactile_paving": null, "wikidata": null, "since": null, "layer": null, "type": null, "path": "/home/perhanjay/QGIS/balikpapan_pois_pol_poi.gpkg" }, "geometry": { "type": "Point", "coordinates": [ 116.839161385045955, -1.253343252303267 ] } },
{ "type": "Feature", "properties": { "element": "way", "id": 849083233.0, "amenity": "restaurant", "name": "Warung Berkah Mama Shelvi - Sumber Rejo", "tourism": null, "cuisine": null, "addr:city": null, "addr:postcode": null, "addr:street": null, "shop": null, "addr:housenumber": null, "level": null, "smoking": null, "beds": null, "internet_access": null, "internet_access:fee": null, "operator": null, "rooms": null, "wheelchair": null, "stars": null, "opening_hours": null, "addr:full": null, "building": "yes", "building:levels": null, "capacity:persons": null, "operator:type": null, "school:type_idn": null, "website": null, "historic": null, "capacity": null, "delivery": null, "description": null, "outdoor_seating": null, "phone": null, "takeaway": null, "leisure": null, "emergency": null, "healthcare": null, "healthcare:speciality": null, "brand": null, "brand:wikidata": null, "brand:wikipedia": null, "short_name": null, "diet:halal": null, "branch": null, "email": null, "air_conditioning": null, "guest_house": null, "name:en": null, "addr:housename": null, "addr:province": null, "addr:unit": null, "addr:district": null, "addr:neighbourhood": null, "addr:subdistrict": null, "contact:instagram": null, "sport": null, "url": null, "old_name": null, "payment:cash": null, "payment:coins": null, "payment:ep_cash": null, "payment:visa": null, "payment:visa_debit": null, "building:roof": null, "building:structure": null, "building:walls": null, "access:roof": null, "hospital:type": null, "landuse": null, "height": null, "addr:street:sym_ul": null, "religion": null, "internet_access:ssid": null, "museum": null, "name:id": null, "wikimedia_commons": null, "school": null, "area": null, "tactile_paving": null, "wikidata": null, "since": null, "layer": null, "type": null, "path": "/home/perhanjay/QGIS/balikpapan_pois_pol_poi.gpkg" }, "geometry": { "type": "Point", "coordinates": [ 116.854813693476629, -1.246714073848882 ] } },
{ "type": "Feature", "properties": { "element": "way", "id": 849083245.0, "amenity": null, "name": "Alfamidi Sumber Rejo", "tourism": null, "cuisine": null, "addr:city": null, "addr:postcode": null, "addr:street": null, "shop": "supermarket", "addr:housenumber": null, "level": null, "smoking": null, "beds": null, "internet_access": null, "internet_access:fee": null, "operator": null, "rooms": null, "wheelchair": null, "stars": null, "opening_hours": null, "addr:full": null, "building": "yes", "building:levels": null, "capacity:persons": null, "operator:type": null, "school:type_idn": null, "website": null, "historic": null, "capacity": null, "delivery": null, "description": null, "outdoor_seating": null, "phone": null, "takeaway": null, "leisure": null, "emergency": null, "healthcare": null, "healthcare:speciality": null, "brand": null, "brand:wikidata": null, "brand:wikipedia": null, "short_name": null, "diet:halal": null, "branch": null, "email": null, "air_conditioning": null, "guest_house": null, "name:en": null, "addr:housename": null, "addr:province": null, "addr:unit": null, "addr:district": null, "addr:neighbourhood": null, "addr:subdistrict": null, "contact:instagram": null, "sport": null, "url": null, "old_name": null, "payment:cash": null, "payment:coins": null, "payment:ep_cash": null, "payment:visa": null, "payment:visa_debit": null, "building:roof": null, "building:structure": null, "building:walls": null, "access:roof": null, "hospital:type": null, "landuse": null, "height": null, "addr:street:sym_ul": null, "religion": null, "internet_access:ssid": null, "museum": null, "name:id": null, "wikimedia_commons": null, "school": null, "area": null, "tactile_paving": null, "wikidata": null, "since": null, "layer": null, "type": null, "path": "/home/perhanjay/QGIS/balikpapan_pois_pol_poi.gpkg" }, "geometry": { "type": "Point", "coordinates": [ 116.853807835136905, -1.244355281897149 ] } },
{ "type": "Feature", "properties": { "element": "way", "id": 849720908.0, "amenity": null, "name": null, "tourism": null, "cuisine": null, "addr:city": null, "addr:postcode": null, "addr:street": null, "shop": null, "addr:housenumber": null, "level": null, "smoking": null, "beds": null, "internet_access": null, "internet_access:fee": null, "operator": null, "rooms": null, "wheelchair": null, "stars": null, "opening_hours": null, "addr:full": null, "building": null, "building:levels": null, "capacity:persons": null, "operator:type": null, "school:type_idn": null, "website": null, "historic": null, "capacity": null, "delivery": null, "description": null, "outdoor_seating": null, "phone": null, "takeaway": null, "leisure": "park", "emergency": null, "healthcare": null, "healthcare:speciality": null, "brand": null, "brand:wikidata": null, "brand:wikipedia": null, "short_name": null, "diet:halal": null, "branch": null, "email": null, "air_conditioning": null, "guest_house": null, "name:en": null, "addr:housename": null, "addr:province": null, "addr:unit": null, "addr:district": null, "addr:neighbourhood": null, "addr:subdistrict": null, "contact:instagram": null, "sport": null, "url": null, "old_name": null, "payment:cash": null, "payment:coins": null, "payment:ep_cash": null, "payment:visa": null, "payment:visa_debit": null, "building:roof": null, "building:structure": null, "building:walls": null, "access:roof": null, "hospital:type": null, "landuse": null, "height": null, "addr:street:sym_ul": null, "religion": null, "internet_access:ssid": null, "museum": null, "name:id": null, "wikimedia_commons": null, "school": null, "area": null, "tactile_paving": null, "wikidata": null, "since": null, "layer": null, "type": null, "path": "/home/perhanjay/QGIS/balikpapan_pois_pol_poi.gpkg" }, "geometry": { "type": "Point", "coordinates": [ 116.879992865861837, -1.273433272509144 ] } },
{ "type": "Feature", "properties": { "element": "way", "id": 849720917.0, "amenity": null, "name": null, "tourism": null, "cuisine": null, "addr:city": null, "addr:postcode": null, "addr:street": null, "shop": null, "addr:housenumber": null, "level": null, "smoking": null, "beds": null, "internet_access": null, "internet_access:fee": null, "operator": null, "rooms": null, "wheelchair": null, "stars": null, "opening_hours": null, "addr:full": null, "building": null, "building:levels": null, "capacity:persons": null, "operator:type": null, "school:type_idn": null, "website": null, "historic": null, "capacity": null, "delivery": null, "description": null, "outdoor_seating": null, "phone": null, "takeaway": null, "leisure": "park", "emergency": null, "healthcare": null, "healthcare:speciality": null, "brand": null, "brand:wikidata": null, "brand:wikipedia": null, "short_name": null, "diet:halal": null, "branch": null, "email": null, "air_conditioning": null, "guest_house": null, "name:en": null, "addr:housename": null, "addr:province": null, "addr:unit": null, "addr:district": null, "addr:neighbourhood": null, "addr:subdistrict": null, "contact:instagram": null, "sport": null, "url": null, "old_name": null, "payment:cash": null, "payment:coins": null, "payment:ep_cash": null, "payment:visa": null, "payment:visa_debit": null, "building:roof": null, "building:structure": null, "building:walls": null, "access:roof": null, "hospital:type": null, "landuse": null, "height": null, "addr:street:sym_ul": null, "religion": null, "internet_access:ssid": null, "museum": null, "name:id": null, "wikimedia_commons": null, "school": null, "area": null, "tactile_paving": null, "wikidata": null, "since": null, "layer": null, "type": null, "path": "/home/perhanjay/QGIS/balikpapan_pois_pol_poi.gpkg" }, "geometry": { "type": "Point", "coordinates": [ 116.877124283809664, -1.265654932833866 ] } },
{ "type": "Feature", "properties": { "element": "way", "id": 849720922.0, "amenity": null, "name": null, "tourism": null, "cuisine": null, "addr:city": null, "addr:postcode": null, "addr:street": null, "shop": null, "addr:housenumber": null, "level": null, "smoking": null, "beds": null, "internet_access": null, "internet_access:fee": null, "operator": null, "rooms": null, "wheelchair": null, "stars": null, "opening_hours": null, "addr:full": null, "building": null, "building:levels": null, "capacity:persons": null, "operator:type": null, "school:type_idn": null, "website": null, "historic": null, "capacity": null, "delivery": null, "description": null, "outdoor_seating": null, "phone": null, "takeaway": null, "leisure": "park", "emergency": null, "healthcare": null, "healthcare:speciality": null, "brand": null, "brand:wikidata": null, "brand:wikipedia": null, "short_name": null, "diet:halal": null, "branch": null, "email": null, "air_conditioning": null, "guest_house": null, "name:en": null, "addr:housename": null, "addr:province": null, "addr:unit": null, "addr:district": null, "addr:neighbourhood": null, "addr:subdistrict": null, "contact:instagram": null, "sport": null, "url": null, "old_name": null, "payment:cash": null, "payment:coins": null, "payment:ep_cash": null, "payment:visa": null, "payment:visa_debit": null, "building:roof": null, "building:structure": null, "building:walls": null, "access:roof": null, "hospital:type": null, "landuse": null, "height": null, "addr:street:sym_ul": null, "religion": null, "internet_access:ssid": null, "museum": null, "name:id": null, "wikimedia_commons": null, "school": null, "area": null, "tactile_paving": null, "wikidata": null, "since": null, "layer": null, "type": null, "path": "/home/perhanjay/QGIS/balikpapan_pois_pol_poi.gpkg" }, "geometry": { "type": "Point", "coordinates": [ 116.873444700842228, -1.271711458917265 ] } },
{ "type": "Feature", "properties": { "element": "way", "id": 849891142.0, "amenity": null, "name": "Her Hotel & Trade Center", "tourism": "hotel", "cuisine": null, "addr:city": null, "addr:postcode": null, "addr:street": null, "shop": null, "addr:housenumber": null, "level": null, "smoking": null, "beds": null, "internet_access": null, "internet_access:fee": null, "operator": null, "rooms": null, "wheelchair": null, "stars": null, "opening_hours": null, "addr:full": null, "building": "yes", "building:levels": null, "capacity:persons": null, "operator:type": null, "school:type_idn": null, "website": null, "historic": null, "capacity": null, "delivery": null, "description": null, "outdoor_seating": null, "phone": null, "takeaway": null, "leisure": null, "emergency": null, "healthcare": null, "healthcare:speciality": null, "brand": null, "brand:wikidata": null, "brand:wikipedia": null, "short_name": null, "diet:halal": null, "branch": null, "email": null, "air_conditioning": null, "guest_house": null, "name:en": null, "addr:housename": null, "addr:province": null, "addr:unit": null, "addr:district": null, "addr:neighbourhood": null, "addr:subdistrict": null, "contact:instagram": null, "sport": null, "url": null, "old_name": null, "payment:cash": null, "payment:coins": null, "payment:ep_cash": null, "payment:visa": null, "payment:visa_debit": null, "building:roof": null, "building:structure": null, "building:walls": null, "access:roof": null, "hospital:type": null, "landuse": null, "height": null, "addr:street:sym_ul": null, "religion": null, "internet_access:ssid": null, "museum": null, "name:id": null, "wikimedia_commons": null, "school": null, "area": null, "tactile_paving": null, "wikidata": null, "since": null, "layer": null, "type": null, "path": "/home/perhanjay/QGIS/balikpapan_pois_pol_poi.gpkg" }, "geometry": { "type": "Point", "coordinates": [ 116.87097799865218, -1.228262153199014 ] } },
{ "type": "Feature", "properties": { "element": "way", "id": 849891192.0, "amenity": "restaurant", "name": "Sundari Catering", "tourism": null, "cuisine": null, "addr:city": null, "addr:postcode": null, "addr:street": null, "shop": null, "addr:housenumber": null, "level": null, "smoking": null, "beds": null, "internet_access": null, "internet_access:fee": null, "operator": null, "rooms": null, "wheelchair": null, "stars": null, "opening_hours": null, "addr:full": null, "building": "yes", "building:levels": null, "capacity:persons": null, "operator:type": null, "school:type_idn": null, "website": null, "historic": null, "capacity": null, "delivery": null, "description": null, "outdoor_seating": null, "phone": null, "takeaway": null, "leisure": null, "emergency": null, "healthcare": null, "healthcare:speciality": null, "brand": null, "brand:wikidata": null, "brand:wikipedia": null, "short_name": null, "diet:halal": null, "branch": null, "email": null, "air_conditioning": null, "guest_house": null, "name:en": null, "addr:housename": null, "addr:province": null, "addr:unit": null, "addr:district": null, "addr:neighbourhood": null, "addr:subdistrict": null, "contact:instagram": null, "sport": null, "url": null, "old_name": null, "payment:cash": null, "payment:coins": null, "payment:ep_cash": null, "payment:visa": null, "payment:visa_debit": null, "building:roof": null, "building:structure": null, "building:walls": null, "access:roof": null, "hospital:type": null, "landuse": null, "height": null, "addr:street:sym_ul": null, "religion": null, "internet_access:ssid": null, "museum": null, "name:id": null, "wikimedia_commons": null, "school": null, "area": null, "tactile_paving": null, "wikidata": null, "since": null, "layer": null, "type": null, "path": "/home/perhanjay/QGIS/balikpapan_pois_pol_poi.gpkg" }, "geometry": { "type": "Point", "coordinates": [ 116.871593896105367, -1.225473633180372 ] } },
{ "type": "Feature", "properties": { "element": "way", "id": 850130961.0, "amenity": null, "name": "Grand Mulia Guest House Balikpapan", "tourism": "guest_house", "cuisine": null, "addr:city": null, "addr:postcode": null, "addr:street": null, "shop": null, "addr:housenumber": null, "level": null, "smoking": null, "beds": null, "internet_access": null, "internet_access:fee": null, "operator": null, "rooms": null, "wheelchair": null, "stars": null, "opening_hours": null, "addr:full": null, "building": "yes", "building:levels": null, "capacity:persons": null, "operator:type": null, "school:type_idn": null, "website": null, "historic": null, "capacity": null, "delivery": null, "description": null, "outdoor_seating": null, "phone": null, "takeaway": null, "leisure": null, "emergency": null, "healthcare": null, "healthcare:speciality": null, "brand": null, "brand:wikidata": null, "brand:wikipedia": null, "short_name": null, "diet:halal": null, "branch": null, "email": null, "air_conditioning": null, "guest_house": null, "name:en": null, "addr:housename": null, "addr:province": null, "addr:unit": null, "addr:district": null, "addr:neighbourhood": null, "addr:subdistrict": null, "contact:instagram": null, "sport": null, "url": null, "old_name": null, "payment:cash": null, "payment:coins": null, "payment:ep_cash": null, "payment:visa": null, "payment:visa_debit": null, "building:roof": null, "building:structure": null, "building:walls": null, "access:roof": null, "hospital:type": null, "landuse": null, "height": null, "addr:street:sym_ul": null, "religion": null, "internet_access:ssid": null, "museum": null, "name:id": null, "wikimedia_commons": null, "school": null, "area": null, "tactile_paving": null, "wikidata": null, "since": null, "layer": null, "type": null, "path": "/home/perhanjay/QGIS/balikpapan_pois_pol_poi.gpkg" }, "geometry": { "type": "Point", "coordinates": [ 116.866822415670839, -1.245107868110345 ] } },
{ "type": "Feature", "properties": { "element": "way", "id": 850130985.0, "amenity": null, "name": "AT Indekos", "tourism": "hostel", "cuisine": null, "addr:city": null, "addr:postcode": null, "addr:street": null, "shop": null, "addr:housenumber": null, "level": null, "smoking": null, "beds": null, "internet_access": null, "internet_access:fee": null, "operator": null, "rooms": null, "wheelchair": null, "stars": null, "opening_hours": null, "addr:full": null, "building": "yes", "building:levels": null, "capacity:persons": null, "operator:type": null, "school:type_idn": null, "website": null, "historic": null, "capacity": null, "delivery": null, "description": null, "outdoor_seating": null, "phone": null, "takeaway": null, "leisure": null, "emergency": null, "healthcare": null, "healthcare:speciality": null, "brand": null, "brand:wikidata": null, "brand:wikipedia": null, "short_name": null, "diet:halal": null, "branch": null, "email": null, "air_conditioning": null, "guest_house": null, "name:en": null, "addr:housename": null, "addr:province": null, "addr:unit": null, "addr:district": null, "addr:neighbourhood": null, "addr:subdistrict": null, "contact:instagram": null, "sport": null, "url": null, "old_name": null, "payment:cash": null, "payment:coins": null, "payment:ep_cash": null, "payment:visa": null, "payment:visa_debit": null, "building:roof": null, "building:structure": null, "building:walls": null, "access:roof": null, "hospital:type": null, "landuse": null, "height": null, "addr:street:sym_ul": null, "religion": null, "internet_access:ssid": null, "museum": null, "name:id": null, "wikimedia_commons": null, "school": null, "area": null, "tactile_paving": null, "wikidata": null, "since": null, "layer": null, "type": null, "path": "/home/perhanjay/QGIS/balikpapan_pois_pol_poi.gpkg" }, "geometry": { "type": "Point", "coordinates": [ 116.867786743326391, -1.25099388325152 ] } },
{ "type": "Feature", "properties": { "element": "way", "id": 850233457.0, "amenity": null, "name": "Kost Anugerah", "tourism": "hostel", "cuisine": null, "addr:city": null, "addr:postcode": null, "addr:street": null, "shop": null, "addr:housenumber": null, "level": null, "smoking": null, "beds": null, "internet_access": null, "internet_access:fee": null, "operator": null, "rooms": null, "wheelchair": null, "stars": null, "opening_hours": null, "addr:full": null, "building": "yes", "building:levels": null, "capacity:persons": null, "operator:type": null, "school:type_idn": null, "website": null, "historic": null, "capacity": null, "delivery": null, "description": null, "outdoor_seating": null, "phone": null, "takeaway": null, "leisure": null, "emergency": null, "healthcare": null, "healthcare:speciality": null, "brand": null, "brand:wikidata": null, "brand:wikipedia": null, "short_name": null, "diet:halal": null, "branch": null, "email": null, "air_conditioning": null, "guest_house": null, "name:en": null, "addr:housename": null, "addr:province": null, "addr:unit": null, "addr:district": null, "addr:neighbourhood": null, "addr:subdistrict": null, "contact:instagram": null, "sport": null, "url": null, "old_name": null, "payment:cash": null, "payment:coins": null, "payment:ep_cash": null, "payment:visa": null, "payment:visa_debit": null, "building:roof": null, "building:structure": null, "building:walls": null, "access:roof": null, "hospital:type": null, "landuse": null, "height": null, "addr:street:sym_ul": null, "religion": null, "internet_access:ssid": null, "museum": null, "name:id": null, "wikimedia_commons": null, "school": null, "area": null, "tactile_paving": null, "wikidata": null, "since": null, "layer": null, "type": null, "path": "/home/perhanjay/QGIS/balikpapan_pois_pol_poi.gpkg" }, "geometry": { "type": "Point", "coordinates": [ 116.8593427, -1.25104265 ] } },
{ "type": "Feature", "properties": { "element": "way", "id": 850361207.0, "amenity": "restaurant", "name": "Bakwan Bintang Malang", "tourism": null, "cuisine": null, "addr:city": null, "addr:postcode": null, "addr:street": "Jalan Soekarno-Hatta", "shop": null, "addr:housenumber": null, "level": null, "smoking": null, "beds": null, "internet_access": null, "internet_access:fee": null, "operator": null, "rooms": null, "wheelchair": null, "stars": null, "opening_hours": null, "addr:full": null, "building": "yes", "building:levels": null, "capacity:persons": null, "operator:type": null, "school:type_idn": null, "website": null, "historic": null, "capacity": null, "delivery": null, "description": null, "outdoor_seating": null, "phone": null, "takeaway": null, "leisure": null, "emergency": null, "healthcare": null, "healthcare:speciality": null, "brand": null, "brand:wikidata": null, "brand:wikipedia": null, "short_name": null, "diet:halal": null, "branch": null, "email": null, "air_conditioning": null, "guest_house": null, "name:en": null, "addr:housename": null, "addr:province": null, "addr:unit": null, "addr:district": null, "addr:neighbourhood": null, "addr:subdistrict": null, "contact:instagram": null, "sport": null, "url": null, "old_name": null, "payment:cash": null, "payment:coins": null, "payment:ep_cash": null, "payment:visa": null, "payment:visa_debit": null, "building:roof": null, "building:structure": null, "building:walls": null, "access:roof": null, "hospital:type": null, "landuse": null, "height": null, "addr:street:sym_ul": null, "religion": null, "internet_access:ssid": null, "museum": null, "name:id": null, "wikimedia_commons": null, "school": null, "area": null, "tactile_paving": null, "wikidata": null, "since": null, "layer": null, "type": null, "path": "/home/perhanjay/QGIS/balikpapan_pois_pol_poi.gpkg" }, "geometry": { "type": "Point", "coordinates": [ 116.8406312, -1.22761 ] } },
{ "type": "Feature", "properties": { "element": "way", "id": 850404969.0, "amenity": null, "name": "Rumah Kost PJA", "tourism": "hostel", "cuisine": null, "addr:city": null, "addr:postcode": null, "addr:street": null, "shop": null, "addr:housenumber": null, "level": null, "smoking": null, "beds": null, "internet_access": null, "internet_access:fee": null, "operator": null, "rooms": null, "wheelchair": null, "stars": null, "opening_hours": null, "addr:full": null, "building": "yes", "building:levels": null, "capacity:persons": null, "operator:type": null, "school:type_idn": null, "website": null, "historic": null, "capacity": null, "delivery": null, "description": null, "outdoor_seating": null, "phone": null, "takeaway": null, "leisure": null, "emergency": null, "healthcare": null, "healthcare:speciality": null, "brand": null, "brand:wikidata": null, "brand:wikipedia": null, "short_name": null, "diet:halal": null, "branch": null, "email": null, "air_conditioning": null, "guest_house": null, "name:en": null, "addr:housename": null, "addr:province": null, "addr:unit": null, "addr:district": null, "addr:neighbourhood": null, "addr:subdistrict": null, "contact:instagram": null, "sport": null, "url": null, "old_name": null, "payment:cash": null, "payment:coins": null, "payment:ep_cash": null, "payment:visa": null, "payment:visa_debit": null, "building:roof": null, "building:structure": null, "building:walls": null, "access:roof": null, "hospital:type": null, "landuse": null, "height": null, "addr:street:sym_ul": null, "religion": null, "internet_access:ssid": null, "museum": null, "name:id": null, "wikimedia_commons": null, "school": null, "area": null, "tactile_paving": null, "wikidata": null, "since": null, "layer": null, "type": null, "path": "/home/perhanjay/QGIS/balikpapan_pois_pol_poi.gpkg" }, "geometry": { "type": "Point", "coordinates": [ 116.86695505211668, -1.251678532603532 ] } },
{ "type": "Feature", "properties": { "element": "way", "id": 954174993.0, "amenity": null, "name": "Taman CC 4", "tourism": null, "cuisine": null, "addr:city": null, "addr:postcode": null, "addr:street": null, "shop": null, "addr:housenumber": null, "level": null, "smoking": null, "beds": null, "internet_access": null, "internet_access:fee": null, "operator": null, "rooms": null, "wheelchair": null, "stars": null, "opening_hours": null, "addr:full": null, "building": null, "building:levels": null, "capacity:persons": null, "operator:type": null, "school:type_idn": null, "website": null, "historic": null, "capacity": null, "delivery": null, "description": null, "outdoor_seating": null, "phone": null, "takeaway": null, "leisure": "park", "emergency": null, "healthcare": null, "healthcare:speciality": null, "brand": null, "brand:wikidata": null, "brand:wikipedia": null, "short_name": null, "diet:halal": null, "branch": null, "email": null, "air_conditioning": null, "guest_house": null, "name:en": null, "addr:housename": null, "addr:province": null, "addr:unit": null, "addr:district": null, "addr:neighbourhood": null, "addr:subdistrict": null, "contact:instagram": null, "sport": null, "url": null, "old_name": null, "payment:cash": null, "payment:coins": null, "payment:ep_cash": null, "payment:visa": null, "payment:visa_debit": null, "building:roof": null, "building:structure": null, "building:walls": null, "access:roof": null, "hospital:type": null, "landuse": null, "height": null, "addr:street:sym_ul": null, "religion": null, "internet_access:ssid": null, "museum": null, "name:id": null, "wikimedia_commons": null, "school": null, "area": null, "tactile_paving": null, "wikidata": null, "since": null, "layer": null, "type": null, "path": "/home/perhanjay/QGIS/balikpapan_pois_pol_poi.gpkg" }, "geometry": { "type": "Point", "coordinates": [ 116.897864293170414, -1.223175741536173 ] } },
{ "type": "Feature", "properties": { "element": "way", "id": 1030220120.0, "amenity": "hospital", "name": "Klinik Ibnu Sina", "tourism": null, "cuisine": null, "addr:city": null, "addr:postcode": null, "addr:street": null, "shop": null, "addr:housenumber": null, "level": null, "smoking": null, "beds": null, "internet_access": null, "internet_access:fee": null, "operator": null, "rooms": null, "wheelchair": null, "stars": null, "opening_hours": null, "addr:full": null, "building": null, "building:levels": null, "capacity:persons": null, "operator:type": null, "school:type_idn": null, "website": null, "historic": null, "capacity": null, "delivery": null, "description": null, "outdoor_seating": null, "phone": null, "takeaway": null, "leisure": null, "emergency": "yes", "healthcare": "hospital", "healthcare:speciality": null, "brand": null, "brand:wikidata": null, "brand:wikipedia": null, "short_name": null, "diet:halal": null, "branch": null, "email": null, "air_conditioning": null, "guest_house": null, "name:en": null, "addr:housename": null, "addr:province": null, "addr:unit": null, "addr:district": null, "addr:neighbourhood": null, "addr:subdistrict": null, "contact:instagram": null, "sport": null, "url": null, "old_name": null, "payment:cash": null, "payment:coins": null, "payment:ep_cash": null, "payment:visa": null, "payment:visa_debit": null, "building:roof": null, "building:structure": null, "building:walls": null, "access:roof": null, "hospital:type": null, "landuse": null, "height": null, "addr:street:sym_ul": null, "religion": null, "internet_access:ssid": null, "museum": null, "name:id": null, "wikimedia_commons": null, "school": null, "area": null, "tactile_paving": null, "wikidata": null, "since": null, "layer": null, "type": null, "path": "/home/perhanjay/QGIS/balikpapan_pois_pol_poi.gpkg" }, "geometry": { "type": "Point", "coordinates": [ 116.834682547076554, -1.242914774018095 ] } },
{ "type": "Feature", "properties": { "element": "way", "id": 1080163787.0, "amenity": "restaurant", "name": "Kedai Mama Shin - Gunung Bahagia", "tourism": null, "cuisine": null, "addr:city": null, "addr:postcode": null, "addr:street": null, "shop": null, "addr:housenumber": null, "level": null, "smoking": null, "beds": null, "internet_access": null, "internet_access:fee": null, "operator": null, "rooms": null, "wheelchair": null, "stars": null, "opening_hours": null, "addr:full": null, "building": "yes", "building:levels": null, "capacity:persons": null, "operator:type": null, "school:type_idn": null, "website": null, "historic": null, "capacity": null, "delivery": null, "description": null, "outdoor_seating": null, "phone": null, "takeaway": null, "leisure": null, "emergency": null, "healthcare": null, "healthcare:speciality": null, "brand": null, "brand:wikidata": null, "brand:wikipedia": null, "short_name": null, "diet:halal": null, "branch": null, "email": null, "air_conditioning": null, "guest_house": null, "name:en": null, "addr:housename": null, "addr:province": null, "addr:unit": null, "addr:district": null, "addr:neighbourhood": null, "addr:subdistrict": null, "contact:instagram": null, "sport": null, "url": null, "old_name": null, "payment:cash": null, "payment:coins": null, "payment:ep_cash": null, "payment:visa": null, "payment:visa_debit": null, "building:roof": null, "building:structure": null, "building:walls": null, "access:roof": null, "hospital:type": null, "landuse": null, "height": null, "addr:street:sym_ul": null, "religion": null, "internet_access:ssid": null, "museum": null, "name:id": null, "wikimedia_commons": null, "school": null, "area": null, "tactile_paving": null, "wikidata": null, "since": null, "layer": null, "type": null, "path": "/home/perhanjay/QGIS/balikpapan_pois_pol_poi.gpkg" }, "geometry": { "type": "Point", "coordinates": [ 116.871128432310087, -1.247844786916161 ] } },
{ "type": "Feature", "properties": { "element": "way", "id": 1080167338.0, "amenity": "restaurant", "name": "Kedai Good Times - Gunung Bahagia", "tourism": null, "cuisine": null, "addr:city": null, "addr:postcode": null, "addr:street": null, "shop": null, "addr:housenumber": null, "level": null, "smoking": null, "beds": null, "internet_access": null, "internet_access:fee": null, "operator": null, "rooms": null, "wheelchair": null, "stars": null, "opening_hours": null, "addr:full": null, "building": "yes", "building:levels": null, "capacity:persons": null, "operator:type": null, "school:type_idn": null, "website": null, "historic": null, "capacity": null, "delivery": null, "description": null, "outdoor_seating": null, "phone": null, "takeaway": null, "leisure": null, "emergency": null, "healthcare": null, "healthcare:speciality": null, "brand": null, "brand:wikidata": null, "brand:wikipedia": null, "short_name": null, "diet:halal": null, "branch": null, "email": null, "air_conditioning": null, "guest_house": null, "name:en": null, "addr:housename": null, "addr:province": null, "addr:unit": null, "addr:district": null, "addr:neighbourhood": null, "addr:subdistrict": null, "contact:instagram": null, "sport": null, "url": null, "old_name": null, "payment:cash": null, "payment:coins": null, "payment:ep_cash": null, "payment:visa": null, "payment:visa_debit": null, "building:roof": null, "building:structure": null, "building:walls": null, "access:roof": null, "hospital:type": null, "landuse": null, "height": null, "addr:street:sym_ul": null, "religion": null, "internet_access:ssid": null, "museum": null, "name:id": null, "wikimedia_commons": null, "school": null, "area": null, "tactile_paving": null, "wikidata": null, "since": null, "layer": null, "type": null, "path": "/home/perhanjay/QGIS/balikpapan_pois_pol_poi.gpkg" }, "geometry": { "type": "Point", "coordinates": [ 116.870237422471547, -1.249387174954256 ] } },
{ "type": "Feature", "properties": { "element": "way", "id": 1080169438.0, "amenity": "restaurant", "name": "Kedai 'Koming' Nasi Krawu - Sepinggan", "tourism": null, "cuisine": null, "addr:city": null, "addr:postcode": null, "addr:street": null, "shop": null, "addr:housenumber": null, "level": null, "smoking": null, "beds": null, "internet_access": null, "internet_access:fee": null, "operator": null, "rooms": null, "wheelchair": null, "stars": null, "opening_hours": null, "addr:full": null, "building": "yes", "building:levels": null, "capacity:persons": null, "operator:type": null, "school:type_idn": null, "website": null, "historic": null, "capacity": null, "delivery": null, "description": null, "outdoor_seating": null, "phone": null, "takeaway": null, "leisure": null, "emergency": null, "healthcare": null, "healthcare:speciality": null, "brand": null, "brand:wikidata": null, "brand:wikipedia": null, "short_name": null, "diet:halal": null, "branch": null, "email": null, "air_conditioning": null, "guest_house": null, "name:en": null, "addr:housename": null, "addr:province": null, "addr:unit": null, "addr:district": null, "addr:neighbourhood": null, "addr:subdistrict": null, "contact:instagram": null, "sport": null, "url": null, "old_name": null, "payment:cash": null, "payment:coins": null, "payment:ep_cash": null, "payment:visa": null, "payment:visa_debit": null, "building:roof": null, "building:structure": null, "building:walls": null, "access:roof": null, "hospital:type": null, "landuse": null, "height": null, "addr:street:sym_ul": null, "religion": null, "internet_access:ssid": null, "museum": null, "name:id": null, "wikimedia_commons": null, "school": null, "area": null, "tactile_paving": null, "wikidata": null, "since": null, "layer": null, "type": null, "path": "/home/perhanjay/QGIS/balikpapan_pois_pol_poi.gpkg" }, "geometry": { "type": "Point", "coordinates": [ 116.901764634117868, -1.250803743976916 ] } },
{ "type": "Feature", "properties": { "element": "way", "id": 1080170037.0, "amenity": "restaurant", "name": "Bakso Bakar Arema - DI Panjaitan", "tourism": null, "cuisine": null, "addr:city": null, "addr:postcode": null, "addr:street": null, "shop": null, "addr:housenumber": null, "level": null, "smoking": null, "beds": null, "internet_access": null, "internet_access:fee": null, "operator": null, "rooms": null, "wheelchair": null, "stars": null, "opening_hours": null, "addr:full": null, "building": "yes", "building:levels": null, "capacity:persons": null, "operator:type": null, "school:type_idn": null, "website": null, "historic": null, "capacity": null, "delivery": null, "description": null, "outdoor_seating": null, "phone": null, "takeaway": null, "leisure": null, "emergency": null, "healthcare": null, "healthcare:speciality": null, "brand": null, "brand:wikidata": null, "brand:wikipedia": null, "short_name": null, "diet:halal": null, "branch": null, "email": null, "air_conditioning": null, "guest_house": null, "name:en": null, "addr:housename": null, "addr:province": null, "addr:unit": null, "addr:district": null, "addr:neighbourhood": null, "addr:subdistrict": null, "contact:instagram": null, "sport": null, "url": null, "old_name": null, "payment:cash": null, "payment:coins": null, "payment:ep_cash": null, "payment:visa": null, "payment:visa_debit": null, "building:roof": null, "building:structure": null, "building:walls": null, "access:roof": null, "hospital:type": null, "landuse": null, "height": null, "addr:street:sym_ul": null, "religion": null, "internet_access:ssid": null, "museum": null, "name:id": null, "wikimedia_commons": null, "school": null, "area": null, "tactile_paving": null, "wikidata": null, "since": null, "layer": null, "type": null, "path": "/home/perhanjay/QGIS/balikpapan_pois_pol_poi.gpkg" }, "geometry": { "type": "Point", "coordinates": [ 116.846277689358487, -1.251339397164972 ] } },
{ "type": "Feature", "properties": { "element": "way", "id": 1080189995.0, "amenity": "restaurant", "name": "Pempek Peni Martadinata - Mekarsari", "tourism": null, "cuisine": null, "addr:city": null, "addr:postcode": null, "addr:street": null, "shop": null, "addr:housenumber": null, "level": null, "smoking": null, "beds": null, "internet_access": null, "internet_access:fee": null, "operator": null, "rooms": null, "wheelchair": null, "stars": null, "opening_hours": null, "addr:full": null, "building": "yes", "building:levels": null, "capacity:persons": null, "operator:type": null, "school:type_idn": null, "website": null, "historic": null, "capacity": null, "delivery": null, "description": null, "outdoor_seating": null, "phone": null, "takeaway": null, "leisure": null, "emergency": null, "healthcare": null, "healthcare:speciality": null, "brand": null, "brand:wikidata": null, "brand:wikipedia": null, "short_name": null, "diet:halal": null, "branch": null, "email": null, "air_conditioning": null, "guest_house": null, "name:en": null, "addr:housename": null, "addr:province": null, "addr:unit": null, "addr:district": null, "addr:neighbourhood": null, "addr:subdistrict": null, "contact:instagram": null, "sport": null, "url": null, "old_name": null, "payment:cash": null, "payment:coins": null, "payment:ep_cash": null, "payment:visa": null, "payment:visa_debit": null, "building:roof": null, "building:structure": null, "building:walls": null, "access:roof": null, "hospital:type": null, "landuse": null, "height": null, "addr:street:sym_ul": null, "religion": null, "internet_access:ssid": null, "museum": null, "name:id": null, "wikimedia_commons": null, "school": null, "area": null, "tactile_paving": null, "wikidata": null, "since": null, "layer": null, "type": null, "path": "/home/perhanjay/QGIS/balikpapan_pois_pol_poi.gpkg" }, "geometry": { "type": "Point", "coordinates": [ 116.837868824493071, -1.256649567987803 ] } },
{ "type": "Feature", "properties": { "element": "way", "id": 1080190171.0, "amenity": "restaurant", "name": "Sate Haji Sanusi - Sepinggan", "tourism": null, "cuisine": null, "addr:city": null, "addr:postcode": null, "addr:street": null, "shop": null, "addr:housenumber": null, "level": null, "smoking": null, "beds": null, "internet_access": null, "internet_access:fee": null, "operator": null, "rooms": null, "wheelchair": null, "stars": null, "opening_hours": null, "addr:full": null, "building": "yes", "building:levels": null, "capacity:persons": null, "operator:type": null, "school:type_idn": null, "website": null, "historic": null, "capacity": null, "delivery": null, "description": null, "outdoor_seating": null, "phone": null, "takeaway": null, "leisure": null, "emergency": null, "healthcare": null, "healthcare:speciality": null, "brand": null, "brand:wikidata": null, "brand:wikipedia": null, "short_name": null, "diet:halal": null, "branch": null, "email": null, "air_conditioning": null, "guest_house": null, "name:en": null, "addr:housename": null, "addr:province": null, "addr:unit": null, "addr:district": null, "addr:neighbourhood": null, "addr:subdistrict": null, "contact:instagram": null, "sport": null, "url": null, "old_name": null, "payment:cash": null, "payment:coins": null, "payment:ep_cash": null, "payment:visa": null, "payment:visa_debit": null, "building:roof": null, "building:structure": null, "building:walls": null, "access:roof": null, "hospital:type": null, "landuse": null, "height": null, "addr:street:sym_ul": null, "religion": null, "internet_access:ssid": null, "museum": null, "name:id": null, "wikimedia_commons": null, "school": null, "area": null, "tactile_paving": null, "wikidata": null, "since": null, "layer": null, "type": null, "path": "/home/perhanjay/QGIS/balikpapan_pois_pol_poi.gpkg" }, "geometry": { "type": "Point", "coordinates": [ 116.903494316909899, -1.257047912041641 ] } },
{ "type": "Feature", "properties": { "element": "way", "id": 1080192668.0, "amenity": "restaurant", "name": "Soto Semarang Rahmat", "tourism": null, "cuisine": null, "addr:city": null, "addr:postcode": null, "addr:street": null, "shop": null, "addr:housenumber": null, "level": null, "smoking": null, "beds": null, "internet_access": null, "internet_access:fee": null, "operator": null, "rooms": null, "wheelchair": null, "stars": null, "opening_hours": null, "addr:full": null, "building": "yes", "building:levels": null, "capacity:persons": null, "operator:type": null, "school:type_idn": null, "website": null, "historic": null, "capacity": null, "delivery": null, "description": null, "outdoor_seating": null, "phone": null, "takeaway": null, "leisure": null, "emergency": null, "healthcare": null, "healthcare:speciality": null, "brand": null, "brand:wikidata": null, "brand:wikipedia": null, "short_name": null, "diet:halal": null, "branch": null, "email": null, "air_conditioning": null, "guest_house": null, "name:en": null, "addr:housename": null, "addr:province": null, "addr:unit": null, "addr:district": null, "addr:neighbourhood": null, "addr:subdistrict": null, "contact:instagram": null, "sport": null, "url": null, "old_name": null, "payment:cash": null, "payment:coins": null, "payment:ep_cash": null, "payment:visa": null, "payment:visa_debit": null, "building:roof": null, "building:structure": null, "building:walls": null, "access:roof": null, "hospital:type": null, "landuse": null, "height": null, "addr:street:sym_ul": null, "religion": null, "internet_access:ssid": null, "museum": null, "name:id": null, "wikimedia_commons": null, "school": null, "area": null, "tactile_paving": null, "wikidata": null, "since": null, "layer": null, "type": null, "path": "/home/perhanjay/QGIS/balikpapan_pois_pol_poi.gpkg" }, "geometry": { "type": "Point", "coordinates": [ 116.839360342128586, -1.257827173929099 ] } },
{ "type": "Feature", "properties": { "element": "way", "id": 1080192875.0, "amenity": "restaurant", "name": "Warung Lamongan Ibu Leli", "tourism": null, "cuisine": null, "addr:city": null, "addr:postcode": null, "addr:street": null, "shop": null, "addr:housenumber": null, "level": null, "smoking": null, "beds": null, "internet_access": null, "internet_access:fee": null, "operator": null, "rooms": null, "wheelchair": null, "stars": null, "opening_hours": null, "addr:full": null, "building": "yes", "building:levels": null, "capacity:persons": null, "operator:type": null, "school:type_idn": null, "website": null, "historic": null, "capacity": null, "delivery": null, "description": null, "outdoor_seating": null, "phone": null, "takeaway": null, "leisure": null, "emergency": null, "healthcare": null, "healthcare:speciality": null, "brand": null, "brand:wikidata": null, "brand:wikipedia": null, "short_name": null, "diet:halal": null, "branch": null, "email": null, "air_conditioning": null, "guest_house": null, "name:en": null, "addr:housename": null, "addr:province": null, "addr:unit": null, "addr:district": null, "addr:neighbourhood": null, "addr:subdistrict": null, "contact:instagram": null, "sport": null, "url": null, "old_name": null, "payment:cash": null, "payment:coins": null, "payment:ep_cash": null, "payment:visa": null, "payment:visa_debit": null, "building:roof": null, "building:structure": null, "building:walls": null, "access:roof": null, "hospital:type": null, "landuse": null, "height": null, "addr:street:sym_ul": null, "religion": null, "internet_access:ssid": null, "museum": null, "name:id": null, "wikimedia_commons": null, "school": null, "area": null, "tactile_paving": null, "wikidata": null, "since": null, "layer": null, "type": null, "path": "/home/perhanjay/QGIS/balikpapan_pois_pol_poi.gpkg" }, "geometry": { "type": "Point", "coordinates": [ 116.837952050133126, -1.257816061568476 ] } },
{ "type": "Feature", "properties": { "element": "way", "id": 1080201077.0, "amenity": "restaurant", "name": "This Way - Damai", "tourism": null, "cuisine": null, "addr:city": null, "addr:postcode": null, "addr:street": null, "shop": null, "addr:housenumber": null, "level": null, "smoking": null, "beds": null, "internet_access": null, "internet_access:fee": null, "operator": null, "rooms": null, "wheelchair": null, "stars": null, "opening_hours": null, "addr:full": null, "building": "yes", "building:levels": null, "capacity:persons": null, "operator:type": null, "school:type_idn": null, "website": null, "historic": null, "capacity": null, "delivery": null, "description": null, "outdoor_seating": null, "phone": null, "takeaway": null, "leisure": null, "emergency": null, "healthcare": null, "healthcare:speciality": null, "brand": null, "brand:wikidata": null, "brand:wikipedia": null, "short_name": null, "diet:halal": null, "branch": null, "email": null, "air_conditioning": null, "guest_house": null, "name:en": null, "addr:housename": null, "addr:province": null, "addr:unit": null, "addr:district": null, "addr:neighbourhood": null, "addr:subdistrict": null, "contact:instagram": null, "sport": null, "url": null, "old_name": null, "payment:cash": null, "payment:coins": null, "payment:ep_cash": null, "payment:visa": null, "payment:visa_debit": null, "building:roof": null, "building:structure": null, "building:walls": null, "access:roof": null, "hospital:type": null, "landuse": null, "height": null, "addr:street:sym_ul": null, "religion": null, "internet_access:ssid": null, "museum": null, "name:id": null, "wikimedia_commons": null, "school": null, "area": null, "tactile_paving": null, "wikidata": null, "since": null, "layer": null, "type": null, "path": "/home/perhanjay/QGIS/balikpapan_pois_pol_poi.gpkg" }, "geometry": { "type": "Point", "coordinates": [ 116.862287737576182, -1.261052916153197 ] } },
{ "type": "Feature", "properties": { "element": "way", "id": 1080204807.0, "amenity": "restaurant", "name": "Warung Najwa - Gunungsari Ulu", "tourism": null, "cuisine": null, "addr:city": null, "addr:postcode": null, "addr:street": null, "shop": null, "addr:housenumber": null, "level": null, "smoking": null, "beds": null, "internet_access": null, "internet_access:fee": null, "operator": null, "rooms": null, "wheelchair": null, "stars": null, "opening_hours": null, "addr:full": null, "building": "yes", "building:levels": null, "capacity:persons": null, "operator:type": null, "school:type_idn": null, "website": null, "historic": null, "capacity": null, "delivery": null, "description": null, "outdoor_seating": null, "phone": null, "takeaway": null, "leisure": null, "emergency": null, "healthcare": null, "healthcare:speciality": null, "brand": null, "brand:wikidata": null, "brand:wikipedia": null, "short_name": null, "diet:halal": null, "branch": null, "email": null, "air_conditioning": null, "guest_house": null, "name:en": null, "addr:housename": null, "addr:province": null, "addr:unit": null, "addr:district": null, "addr:neighbourhood": null, "addr:subdistrict": null, "contact:instagram": null, "sport": null, "url": null, "old_name": null, "payment:cash": null, "payment:coins": null, "payment:ep_cash": null, "payment:visa": null, "payment:visa_debit": null, "building:roof": null, "building:structure": null, "building:walls": null, "access:roof": null, "hospital:type": null, "landuse": null, "height": null, "addr:street:sym_ul": null, "religion": null, "internet_access:ssid": null, "museum": null, "name:id": null, "wikimedia_commons": null, "school": null, "area": null, "tactile_paving": null, "wikidata": null, "since": null, "layer": null, "type": null, "path": "/home/perhanjay/QGIS/balikpapan_pois_pol_poi.gpkg" }, "geometry": { "type": "Point", "coordinates": [ 116.844477069482991, -1.262147849668811 ] } },
{ "type": "Feature", "properties": { "element": "way", "id": 1080205041.0, "amenity": "restaurant", "name": "Kedai Laut Raja Seafood - Gunung Sari Ulu", "tourism": null, "cuisine": null, "addr:city": null, "addr:postcode": null, "addr:street": null, "shop": null, "addr:housenumber": null, "level": null, "smoking": null, "beds": null, "internet_access": null, "internet_access:fee": null, "operator": null, "rooms": null, "wheelchair": null, "stars": null, "opening_hours": null, "addr:full": null, "building": "yes", "building:levels": null, "capacity:persons": null, "operator:type": null, "school:type_idn": null, "website": null, "historic": null, "capacity": null, "delivery": null, "description": null, "outdoor_seating": null, "phone": null, "takeaway": null, "leisure": null, "emergency": null, "healthcare": null, "healthcare:speciality": null, "brand": null, "brand:wikidata": null, "brand:wikipedia": null, "short_name": null, "diet:halal": null, "branch": null, "email": null, "air_conditioning": null, "guest_house": null, "name:en": null, "addr:housename": null, "addr:province": null, "addr:unit": null, "addr:district": null, "addr:neighbourhood": null, "addr:subdistrict": null, "contact:instagram": null, "sport": null, "url": null, "old_name": null, "payment:cash": null, "payment:coins": null, "payment:ep_cash": null, "payment:visa": null, "payment:visa_debit": null, "building:roof": null, "building:structure": null, "building:walls": null, "access:roof": null, "hospital:type": null, "landuse": null, "height": null, "addr:street:sym_ul": null, "religion": null, "internet_access:ssid": null, "museum": null, "name:id": null, "wikimedia_commons": null, "school": null, "area": null, "tactile_paving": null, "wikidata": null, "since": null, "layer": null, "type": null, "path": "/home/perhanjay/QGIS/balikpapan_pois_pol_poi.gpkg" }, "geometry": { "type": "Point", "coordinates": [ 116.843571918045086, -1.262064381537811 ] } },
{ "type": "Feature", "properties": { "element": "way", "id": 1080210927.0, "amenity": "restaurant", "name": "Depot Arema Gn. Malang", "tourism": null, "cuisine": null, "addr:city": null, "addr:postcode": null, "addr:street": null, "shop": null, "addr:housenumber": null, "level": null, "smoking": null, "beds": null, "internet_access": null, "internet_access:fee": null, "operator": null, "rooms": null, "wheelchair": null, "stars": null, "opening_hours": null, "addr:full": null, "building": "yes", "building:levels": null, "capacity:persons": null, "operator:type": null, "school:type_idn": null, "website": null, "historic": null, "capacity": null, "delivery": null, "description": null, "outdoor_seating": null, "phone": null, "takeaway": null, "leisure": null, "emergency": null, "healthcare": null, "healthcare:speciality": null, "brand": null, "brand:wikidata": null, "brand:wikipedia": null, "short_name": null, "diet:halal": null, "branch": null, "email": null, "air_conditioning": null, "guest_house": null, "name:en": null, "addr:housename": null, "addr:province": null, "addr:unit": null, "addr:district": null, "addr:neighbourhood": null, "addr:subdistrict": null, "contact:instagram": null, "sport": null, "url": null, "old_name": null, "payment:cash": null, "payment:coins": null, "payment:ep_cash": null, "payment:visa": null, "payment:visa_debit": null, "building:roof": null, "building:structure": null, "building:walls": null, "access:roof": null, "hospital:type": null, "landuse": null, "height": null, "addr:street:sym_ul": null, "religion": null, "internet_access:ssid": null, "museum": null, "name:id": null, "wikimedia_commons": null, "school": null, "area": null, "tactile_paving": null, "wikidata": null, "since": null, "layer": null, "type": null, "path": "/home/perhanjay/QGIS/balikpapan_pois_pol_poi.gpkg" }, "geometry": { "type": "Point", "coordinates": [ 116.847214121042029, -1.264055529503712 ] } },
{ "type": "Feature", "properties": { "element": "way", "id": 1080213044.0, "amenity": "restaurant", "name": "Siomay Batagor Bandung Boga Rasa - Damai", "tourism": null, "cuisine": null, "addr:city": null, "addr:postcode": null, "addr:street": null, "shop": null, "addr:housenumber": null, "level": null, "smoking": null, "beds": null, "internet_access": null, "internet_access:fee": null, "operator": null, "rooms": null, "wheelchair": null, "stars": null, "opening_hours": null, "addr:full": null, "building": "yes", "building:levels": null, "capacity:persons": null, "operator:type": null, "school:type_idn": null, "website": null, "historic": null, "capacity": null, "delivery": null, "description": null, "outdoor_seating": null, "phone": null, "takeaway": null, "leisure": null, "emergency": null, "healthcare": null, "healthcare:speciality": null, "brand": null, "brand:wikidata": null, "brand:wikipedia": null, "short_name": null, "diet:halal": null, "branch": null, "email": null, "air_conditioning": null, "guest_house": null, "name:en": null, "addr:housename": null, "addr:province": null, "addr:unit": null, "addr:district": null, "addr:neighbourhood": null, "addr:subdistrict": null, "contact:instagram": null, "sport": null, "url": null, "old_name": null, "payment:cash": null, "payment:coins": null, "payment:ep_cash": null, "payment:visa": null, "payment:visa_debit": null, "building:roof": null, "building:structure": null, "building:walls": null, "access:roof": null, "hospital:type": null, "landuse": null, "height": null, "addr:street:sym_ul": null, "religion": null, "internet_access:ssid": null, "museum": null, "name:id": null, "wikimedia_commons": null, "school": null, "area": null, "tactile_paving": null, "wikidata": null, "since": null, "layer": null, "type": null, "path": "/home/perhanjay/QGIS/balikpapan_pois_pol_poi.gpkg" }, "geometry": { "type": "Point", "coordinates": [ 116.859379845999129, -1.264309013377631 ] } },
{ "type": "Feature", "properties": { "element": "way", "id": 1080482958.0, "amenity": "restaurant", "name": "Nasi Bebek Tugu Pahlawan Surabaya - Klandasan Ilir", "tourism": null, "cuisine": null, "addr:city": null, "addr:postcode": null, "addr:street": null, "shop": null, "addr:housenumber": null, "level": null, "smoking": null, "beds": null, "internet_access": null, "internet_access:fee": null, "operator": null, "rooms": null, "wheelchair": null, "stars": null, "opening_hours": null, "addr:full": null, "building": "yes", "building:levels": null, "capacity:persons": null, "operator:type": null, "school:type_idn": null, "website": null, "historic": null, "capacity": null, "delivery": null, "description": null, "outdoor_seating": null, "phone": null, "takeaway": null, "leisure": null, "emergency": null, "healthcare": null, "healthcare:speciality": null, "brand": null, "brand:wikidata": null, "brand:wikipedia": null, "short_name": null, "diet:halal": null, "branch": null, "email": null, "air_conditioning": null, "guest_house": null, "name:en": null, "addr:housename": null, "addr:province": null, "addr:unit": null, "addr:district": null, "addr:neighbourhood": null, "addr:subdistrict": null, "contact:instagram": null, "sport": null, "url": null, "old_name": null, "payment:cash": null, "payment:coins": null, "payment:ep_cash": null, "payment:visa": null, "payment:visa_debit": null, "building:roof": null, "building:structure": null, "building:walls": null, "access:roof": null, "hospital:type": null, "landuse": null, "height": null, "addr:street:sym_ul": null, "religion": null, "internet_access:ssid": null, "museum": null, "name:id": null, "wikimedia_commons": null, "school": null, "area": null, "tactile_paving": null, "wikidata": null, "since": null, "layer": null, "type": null, "path": "/home/perhanjay/QGIS/balikpapan_pois_pol_poi.gpkg" }, "geometry": { "type": "Point", "coordinates": [ 116.842519557443751, -1.276133792264166 ] } },
{ "type": "Feature", "properties": { "element": "way", "id": 1082014787.0, "amenity": null, "name": "Wisma Cahaya Abadi", "tourism": "hotel", "cuisine": null, "addr:city": null, "addr:postcode": null, "addr:street": null, "shop": null, "addr:housenumber": null, "level": null, "smoking": null, "beds": null, "internet_access": null, "internet_access:fee": null, "operator": null, "rooms": null, "wheelchair": null, "stars": null, "opening_hours": null, "addr:full": null, "building": "yes", "building:levels": null, "capacity:persons": null, "operator:type": null, "school:type_idn": null, "website": null, "historic": null, "capacity": null, "delivery": null, "description": null, "outdoor_seating": null, "phone": null, "takeaway": null, "leisure": null, "emergency": null, "healthcare": null, "healthcare:speciality": null, "brand": null, "brand:wikidata": null, "brand:wikipedia": null, "short_name": null, "diet:halal": null, "branch": null, "email": null, "air_conditioning": null, "guest_house": null, "name:en": null, "addr:housename": null, "addr:province": null, "addr:unit": null, "addr:district": null, "addr:neighbourhood": null, "addr:subdistrict": null, "contact:instagram": null, "sport": null, "url": null, "old_name": null, "payment:cash": null, "payment:coins": null, "payment:ep_cash": null, "payment:visa": null, "payment:visa_debit": null, "building:roof": null, "building:structure": null, "building:walls": null, "access:roof": null, "hospital:type": null, "landuse": null, "height": null, "addr:street:sym_ul": null, "religion": null, "internet_access:ssid": null, "museum": null, "name:id": null, "wikimedia_commons": null, "school": null, "area": null, "tactile_paving": null, "wikidata": null, "since": null, "layer": null, "type": null, "path": "/home/perhanjay/QGIS/balikpapan_pois_pol_poi.gpkg" }, "geometry": { "type": "Point", "coordinates": [ 116.90644546229349, -1.259376369278362 ] } },
{ "type": "Feature", "properties": { "element": "way", "id": 1091207653.0, "amenity": null, "name": "Alfamidi Soekarno Hatta KM.6,5", "tourism": null, "cuisine": null, "addr:city": null, "addr:postcode": null, "addr:street": null, "shop": "supermarket", "addr:housenumber": null, "level": null, "smoking": null, "beds": null, "internet_access": null, "internet_access:fee": null, "operator": null, "rooms": null, "wheelchair": null, "stars": null, "opening_hours": null, "addr:full": null, "building": "yes", "building:levels": null, "capacity:persons": null, "operator:type": null, "school:type_idn": null, "website": null, "historic": null, "capacity": null, "delivery": null, "description": null, "outdoor_seating": null, "phone": null, "takeaway": null, "leisure": null, "emergency": null, "healthcare": null, "healthcare:speciality": null, "brand": null, "brand:wikidata": null, "brand:wikipedia": null, "short_name": null, "diet:halal": null, "branch": null, "email": null, "air_conditioning": null, "guest_house": null, "name:en": null, "addr:housename": null, "addr:province": null, "addr:unit": null, "addr:district": null, "addr:neighbourhood": null, "addr:subdistrict": null, "contact:instagram": null, "sport": null, "url": null, "old_name": null, "payment:cash": null, "payment:coins": null, "payment:ep_cash": null, "payment:visa": null, "payment:visa_debit": null, "building:roof": null, "building:structure": null, "building:walls": null, "access:roof": null, "hospital:type": null, "landuse": null, "height": null, "addr:street:sym_ul": null, "religion": null, "internet_access:ssid": null, "museum": null, "name:id": null, "wikimedia_commons": null, "school": null, "area": null, "tactile_paving": null, "wikidata": null, "since": null, "layer": null, "type": null, "path": "/home/perhanjay/QGIS/balikpapan_pois_pol_poi.gpkg" }, "geometry": { "type": "Point", "coordinates": [ 116.869501701390462, -1.208080655951582 ] } },
{ "type": "Feature", "properties": { "element": "way", "id": 1091246711.0, "amenity": "restaurant", "name": "Ayam Gepuk Dpresident - Klandasan Ilir", "tourism": null, "cuisine": null, "addr:city": null, "addr:postcode": null, "addr:street": null, "shop": null, "addr:housenumber": null, "level": null, "smoking": null, "beds": null, "internet_access": null, "internet_access:fee": null, "operator": null, "rooms": null, "wheelchair": null, "stars": null, "opening_hours": null, "addr:full": null, "building": "yes", "building:levels": null, "capacity:persons": null, "operator:type": null, "school:type_idn": null, "website": null, "historic": null, "capacity": null, "delivery": null, "description": null, "outdoor_seating": null, "phone": null, "takeaway": null, "leisure": null, "emergency": null, "healthcare": null, "healthcare:speciality": null, "brand": null, "brand:wikidata": null, "brand:wikipedia": null, "short_name": null, "diet:halal": null, "branch": null, "email": null, "air_conditioning": null, "guest_house": null, "name:en": null, "addr:housename": null, "addr:province": null, "addr:unit": null, "addr:district": null, "addr:neighbourhood": null, "addr:subdistrict": null, "contact:instagram": null, "sport": null, "url": null, "old_name": null, "payment:cash": null, "payment:coins": null, "payment:ep_cash": null, "payment:visa": null, "payment:visa_debit": null, "building:roof": null, "building:structure": null, "building:walls": null, "access:roof": null, "hospital:type": null, "landuse": null, "height": null, "addr:street:sym_ul": null, "religion": null, "internet_access:ssid": null, "museum": null, "name:id": null, "wikimedia_commons": null, "school": null, "area": null, "tactile_paving": null, "wikidata": null, "since": null, "layer": null, "type": null, "path": "/home/perhanjay/QGIS/balikpapan_pois_pol_poi.gpkg" }, "geometry": { "type": "Point", "coordinates": [ 116.84848829625021, -1.272470603230727 ] } },
{ "type": "Feature", "properties": { "element": "way", "id": 1095197592.0, "amenity": "restaurant", "name": "Warung Madiun", "tourism": null, "cuisine": null, "addr:city": null, "addr:postcode": null, "addr:street": null, "shop": null, "addr:housenumber": null, "level": null, "smoking": null, "beds": null, "internet_access": null, "internet_access:fee": null, "operator": null, "rooms": null, "wheelchair": null, "stars": null, "opening_hours": null, "addr:full": null, "building": "yes", "building:levels": null, "capacity:persons": null, "operator:type": null, "school:type_idn": null, "website": null, "historic": null, "capacity": null, "delivery": null, "description": null, "outdoor_seating": null, "phone": null, "takeaway": null, "leisure": null, "emergency": null, "healthcare": null, "healthcare:speciality": null, "brand": null, "brand:wikidata": null, "brand:wikipedia": null, "short_name": null, "diet:halal": null, "branch": null, "email": null, "air_conditioning": null, "guest_house": null, "name:en": null, "addr:housename": null, "addr:province": null, "addr:unit": null, "addr:district": null, "addr:neighbourhood": null, "addr:subdistrict": null, "contact:instagram": null, "sport": null, "url": null, "old_name": null, "payment:cash": null, "payment:coins": null, "payment:ep_cash": null, "payment:visa": null, "payment:visa_debit": null, "building:roof": null, "building:structure": null, "building:walls": null, "access:roof": null, "hospital:type": null, "landuse": null, "height": null, "addr:street:sym_ul": null, "religion": null, "internet_access:ssid": null, "museum": null, "name:id": null, "wikimedia_commons": null, "school": null, "area": null, "tactile_paving": null, "wikidata": null, "since": null, "layer": null, "type": null, "path": "/home/perhanjay/QGIS/balikpapan_pois_pol_poi.gpkg" }, "geometry": { "type": "Point", "coordinates": [ 116.839426525784631, -1.240827577265193 ] } },
{ "type": "Feature", "properties": { "element": "way", "id": 1096046528.0, "amenity": null, "name": "Pondok Amanah", "tourism": "hotel", "cuisine": null, "addr:city": null, "addr:postcode": null, "addr:street": null, "shop": null, "addr:housenumber": null, "level": null, "smoking": null, "beds": null, "internet_access": null, "internet_access:fee": null, "operator": null, "rooms": null, "wheelchair": null, "stars": null, "opening_hours": null, "addr:full": null, "building": "yes", "building:levels": null, "capacity:persons": null, "operator:type": null, "school:type_idn": null, "website": null, "historic": null, "capacity": null, "delivery": null, "description": null, "outdoor_seating": null, "phone": null, "takeaway": null, "leisure": null, "emergency": null, "healthcare": null, "healthcare:speciality": null, "brand": null, "brand:wikidata": null, "brand:wikipedia": null, "short_name": null, "diet:halal": null, "branch": null, "email": null, "air_conditioning": null, "guest_house": null, "name:en": null, "addr:housename": null, "addr:province": null, "addr:unit": null, "addr:district": null, "addr:neighbourhood": null, "addr:subdistrict": null, "contact:instagram": null, "sport": null, "url": null, "old_name": null, "payment:cash": null, "payment:coins": null, "payment:ep_cash": null, "payment:visa": null, "payment:visa_debit": null, "building:roof": null, "building:structure": null, "building:walls": null, "access:roof": null, "hospital:type": null, "landuse": null, "height": null, "addr:street:sym_ul": null, "religion": null, "internet_access:ssid": null, "museum": null, "name:id": null, "wikimedia_commons": null, "school": null, "area": null, "tactile_paving": null, "wikidata": null, "since": null, "layer": null, "type": null, "path": "/home/perhanjay/QGIS/balikpapan_pois_pol_poi.gpkg" }, "geometry": { "type": "Point", "coordinates": [ 116.903110304938011, -1.257415107748391 ] } },
{ "type": "Feature", "properties": { "element": "way", "id": 1096264393.0, "amenity": "restaurant", "name": "Kepiting New Kenari", "tourism": null, "cuisine": null, "addr:city": null, "addr:postcode": null, "addr:street": null, "shop": null, "addr:housenumber": null, "level": null, "smoking": null, "beds": null, "internet_access": null, "internet_access:fee": null, "operator": null, "rooms": null, "wheelchair": null, "stars": null, "opening_hours": null, "addr:full": null, "building": "yes", "building:levels": null, "capacity:persons": null, "operator:type": null, "school:type_idn": null, "website": null, "historic": null, "capacity": null, "delivery": null, "description": null, "outdoor_seating": null, "phone": null, "takeaway": null, "leisure": null, "emergency": null, "healthcare": null, "healthcare:speciality": null, "brand": null, "brand:wikidata": null, "brand:wikipedia": null, "short_name": null, "diet:halal": null, "branch": null, "email": null, "air_conditioning": null, "guest_house": null, "name:en": null, "addr:housename": null, "addr:province": null, "addr:unit": null, "addr:district": null, "addr:neighbourhood": null, "addr:subdistrict": null, "contact:instagram": null, "sport": null, "url": null, "old_name": null, "payment:cash": null, "payment:coins": null, "payment:ep_cash": null, "payment:visa": null, "payment:visa_debit": null, "building:roof": null, "building:structure": null, "building:walls": null, "access:roof": null, "hospital:type": null, "landuse": null, "height": null, "addr:street:sym_ul": null, "religion": null, "internet_access:ssid": null, "museum": null, "name:id": null, "wikimedia_commons": null, "school": null, "area": null, "tactile_paving": null, "wikidata": null, "since": null, "layer": null, "type": null, "path": "/home/perhanjay/QGIS/balikpapan_pois_pol_poi.gpkg" }, "geometry": { "type": "Point", "coordinates": [ 116.885577959596333, -1.265507654742622 ] } },
{ "type": "Feature", "properties": { "element": "way", "id": 1096292425.0, "amenity": "restaurant", "name": "Pisang Keju 7 Rasa H. Kadap - Gunungsari Ilir", "tourism": null, "cuisine": null, "addr:city": null, "addr:postcode": null, "addr:street": "Jl. Jenderal Ahmad Yani", "shop": null, "addr:housenumber": null, "level": null, "smoking": null, "beds": null, "internet_access": null, "internet_access:fee": null, "operator": null, "rooms": null, "wheelchair": null, "stars": null, "opening_hours": null, "addr:full": null, "building": "yes", "building:levels": null, "capacity:persons": null, "operator:type": null, "school:type_idn": null, "website": null, "historic": null, "capacity": null, "delivery": null, "description": null, "outdoor_seating": null, "phone": null, "takeaway": null, "leisure": null, "emergency": null, "healthcare": null, "healthcare:speciality": null, "brand": null, "brand:wikidata": null, "brand:wikipedia": null, "short_name": null, "diet:halal": null, "branch": null, "email": null, "air_conditioning": null, "guest_house": null, "name:en": null, "addr:housename": null, "addr:province": null, "addr:unit": null, "addr:district": null, "addr:neighbourhood": null, "addr:subdistrict": null, "contact:instagram": null, "sport": null, "url": null, "old_name": null, "payment:cash": null, "payment:coins": null, "payment:ep_cash": null, "payment:visa": null, "payment:visa_debit": null, "building:roof": null, "building:structure": null, "building:walls": null, "access:roof": null, "hospital:type": null, "landuse": null, "height": null, "addr:street:sym_ul": null, "religion": null, "internet_access:ssid": null, "museum": null, "name:id": null, "wikimedia_commons": null, "school": null, "area": null, "tactile_paving": null, "wikidata": null, "since": null, "layer": null, "type": null, "path": "/home/perhanjay/QGIS/balikpapan_pois_pol_poi.gpkg" }, "geometry": { "type": "Point", "coordinates": [ 116.836864996480273, -1.265707929476715 ] } },
{ "type": "Feature", "properties": { "element": "way", "id": 1109202287.0, "amenity": null, "name": "Kost Padaidi 2 Balikpapan", "tourism": "guest_house", "cuisine": null, "addr:city": null, "addr:postcode": null, "addr:street": null, "shop": null, "addr:housenumber": null, "level": null, "smoking": null, "beds": null, "internet_access": null, "internet_access:fee": null, "operator": null, "rooms": null, "wheelchair": null, "stars": null, "opening_hours": null, "addr:full": null, "building": "yes", "building:levels": null, "capacity:persons": null, "operator:type": null, "school:type_idn": null, "website": null, "historic": null, "capacity": null, "delivery": null, "description": null, "outdoor_seating": null, "phone": null, "takeaway": null, "leisure": null, "emergency": null, "healthcare": null, "healthcare:speciality": null, "brand": null, "brand:wikidata": null, "brand:wikipedia": null, "short_name": null, "diet:halal": null, "branch": null, "email": null, "air_conditioning": null, "guest_house": null, "name:en": null, "addr:housename": null, "addr:province": null, "addr:unit": null, "addr:district": null, "addr:neighbourhood": null, "addr:subdistrict": null, "contact:instagram": null, "sport": null, "url": null, "old_name": null, "payment:cash": null, "payment:coins": null, "payment:ep_cash": null, "payment:visa": null, "payment:visa_debit": null, "building:roof": null, "building:structure": null, "building:walls": null, "access:roof": null, "hospital:type": null, "landuse": null, "height": null, "addr:street:sym_ul": null, "religion": null, "internet_access:ssid": null, "museum": null, "name:id": null, "wikimedia_commons": null, "school": null, "area": null, "tactile_paving": null, "wikidata": null, "since": null, "layer": null, "type": null, "path": "/home/perhanjay/QGIS/balikpapan_pois_pol_poi.gpkg" }, "geometry": { "type": "Point", "coordinates": [ 116.893494948746479, -1.238082575870443 ] } },
{ "type": "Feature", "properties": { "element": "way", "id": 1109202290.0, "amenity": null, "name": "Hotel Djang Djaya 2", "tourism": "hotel", "cuisine": null, "addr:city": null, "addr:postcode": null, "addr:street": null, "shop": null, "addr:housenumber": null, "level": null, "smoking": null, "beds": null, "internet_access": null, "internet_access:fee": null, "operator": null, "rooms": null, "wheelchair": null, "stars": null, "opening_hours": null, "addr:full": null, "building": "yes", "building:levels": null, "capacity:persons": null, "operator:type": null, "school:type_idn": null, "website": null, "historic": null, "capacity": null, "delivery": null, "description": null, "outdoor_seating": null, "phone": null, "takeaway": null, "leisure": null, "emergency": null, "healthcare": null, "healthcare:speciality": null, "brand": null, "brand:wikidata": null, "brand:wikipedia": null, "short_name": null, "diet:halal": null, "branch": null, "email": null, "air_conditioning": null, "guest_house": null, "name:en": null, "addr:housename": null, "addr:province": null, "addr:unit": null, "addr:district": null, "addr:neighbourhood": null, "addr:subdistrict": null, "contact:instagram": null, "sport": null, "url": null, "old_name": null, "payment:cash": null, "payment:coins": null, "payment:ep_cash": null, "payment:visa": null, "payment:visa_debit": null, "building:roof": null, "building:structure": null, "building:walls": null, "access:roof": null, "hospital:type": null, "landuse": null, "height": null, "addr:street:sym_ul": null, "religion": null, "internet_access:ssid": null, "museum": null, "name:id": null, "wikimedia_commons": null, "school": null, "area": null, "tactile_paving": null, "wikidata": null, "since": null, "layer": null, "type": null, "path": "/home/perhanjay/QGIS/balikpapan_pois_pol_poi.gpkg" }, "geometry": { "type": "Point", "coordinates": [ 116.888750942751329, -1.234592819997182 ] } },
{ "type": "Feature", "properties": { "element": "way", "id": 1109202926.0, "amenity": null, "name": "Hotel Djang Jaya", "tourism": "hotel", "cuisine": null, "addr:city": null, "addr:postcode": null, "addr:street": null, "shop": null, "addr:housenumber": null, "level": null, "smoking": null, "beds": null, "internet_access": null, "internet_access:fee": null, "operator": null, "rooms": null, "wheelchair": null, "stars": null, "opening_hours": null, "addr:full": null, "building": "yes", "building:levels": null, "capacity:persons": null, "operator:type": null, "school:type_idn": null, "website": null, "historic": null, "capacity": null, "delivery": null, "description": null, "outdoor_seating": null, "phone": null, "takeaway": null, "leisure": null, "emergency": null, "healthcare": null, "healthcare:speciality": null, "brand": null, "brand:wikidata": null, "brand:wikipedia": null, "short_name": null, "diet:halal": null, "branch": null, "email": null, "air_conditioning": null, "guest_house": null, "name:en": null, "addr:housename": null, "addr:province": null, "addr:unit": null, "addr:district": null, "addr:neighbourhood": null, "addr:subdistrict": null, "contact:instagram": null, "sport": null, "url": null, "old_name": null, "payment:cash": null, "payment:coins": null, "payment:ep_cash": null, "payment:visa": null, "payment:visa_debit": null, "building:roof": null, "building:structure": null, "building:walls": null, "access:roof": null, "hospital:type": null, "landuse": null, "height": null, "addr:street:sym_ul": null, "religion": null, "internet_access:ssid": null, "museum": null, "name:id": null, "wikimedia_commons": null, "school": null, "area": null, "tactile_paving": null, "wikidata": null, "since": null, "layer": null, "type": null, "path": "/home/perhanjay/QGIS/balikpapan_pois_pol_poi.gpkg" }, "geometry": { "type": "Point", "coordinates": [ 116.880238745324391, -1.242446286624858 ] } },
{ "type": "Feature", "properties": { "element": "way", "id": 1124226884.0, "amenity": null, "name": "Museum Kodam VI/MLW", "tourism": "museum", "cuisine": null, "addr:city": "Kota Balikpapan", "addr:postcode": "76132", "addr:street": "Jalan Letnan Jenderal Suprapto", "shop": null, "addr:housenumber": null, "level": null, "smoking": null, "beds": null, "internet_access": null, "internet_access:fee": null, "operator": "Government", "rooms": null, "wheelchair": "no", "stars": null, "opening_hours": "Mo-Fr 09:00-15:00", "addr:full": null, "building": "yes", "building:levels": null, "capacity:persons": null, "operator:type": "public/government", "school:type_idn": null, "website": null, "historic": null, "capacity": null, "delivery": null, "description": null, "outdoor_seating": null, "phone": "(0542)735359", "takeaway": null, "leisure": null, "emergency": null, "healthcare": null, "healthcare:speciality": null, "brand": null, "brand:wikidata": null, "brand:wikipedia": null, "short_name": null, "diet:halal": null, "branch": null, "email": null, "air_conditioning": null, "guest_house": null, "name:en": null, "addr:housename": null, "addr:province": null, "addr:unit": null, "addr:district": null, "addr:neighbourhood": null, "addr:subdistrict": null, "contact:instagram": null, "sport": null, "url": null, "old_name": null, "payment:cash": null, "payment:coins": null, "payment:ep_cash": null, "payment:visa": null, "payment:visa_debit": null, "building:roof": null, "building:structure": null, "building:walls": null, "access:roof": null, "hospital:type": null, "landuse": null, "height": null, "addr:street:sym_ul": null, "religion": null, "internet_access:ssid": null, "museum": "history", "name:id": null, "wikimedia_commons": null, "school": null, "area": null, "tactile_paving": "no", "wikidata": "Q109437461", "since": null, "layer": null, "type": null, "path": "/home/perhanjay/QGIS/balikpapan_pois_pol_poi.gpkg" }, "geometry": { "type": "Point", "coordinates": [ 116.817854704239423, -1.234051136099292 ] } },
{ "type": "Feature", "properties": { "element": "way", "id": 1124802721.0, "amenity": null, "name": "Kredawala Art Gallery", "tourism": "gallery", "cuisine": null, "addr:city": "Balikpapan", "addr:postcode": "76114", "addr:street": "Jalan Jenderal Sudirman", "shop": null, "addr:housenumber": null, "level": null, "smoking": null, "beds": null, "internet_access": null, "internet_access:fee": null, "operator": null, "rooms": null, "wheelchair": "yes", "stars": null, "opening_hours": "We-Mo 10:00-20:00", "addr:full": null, "building": "yes", "building:levels": null, "capacity:persons": null, "operator:type": null, "school:type_idn": null, "website": null, "historic": null, "capacity": null, "delivery": null, "description": null, "outdoor_seating": null, "phone": null, "takeaway": null, "leisure": null, "emergency": null, "healthcare": null, "healthcare:speciality": null, "brand": null, "brand:wikidata": null, "brand:wikipedia": null, "short_name": null, "diet:halal": null, "branch": null, "email": null, "air_conditioning": null, "guest_house": null, "name:en": null, "addr:housename": null, "addr:province": null, "addr:unit": null, "addr:district": null, "addr:neighbourhood": null, "addr:subdistrict": null, "contact:instagram": null, "sport": null, "url": null, "old_name": null, "payment:cash": null, "payment:coins": null, "payment:ep_cash": null, "payment:visa": null, "payment:visa_debit": null, "building:roof": null, "building:structure": null, "building:walls": null, "access:roof": null, "hospital:type": null, "landuse": null, "height": null, "addr:street:sym_ul": null, "religion": null, "internet_access:ssid": null, "museum": null, "name:id": null, "wikimedia_commons": null, "school": null, "area": null, "tactile_paving": "no", "wikidata": "Q115863756", "since": "2021", "layer": null, "type": null, "path": "/home/perhanjay/QGIS/balikpapan_pois_pol_poi.gpkg" }, "geometry": { "type": "Point", "coordinates": [ 116.86507490000001, -1.2751652 ] } },
{ "type": "Feature", "properties": { "element": "way", "id": 1207971459.0, "amenity": null, "name": "The Point Hotel Balikpapan", "tourism": "hotel", "cuisine": null, "addr:city": "Balikpapan", "addr:postcode": "76114", "addr:street": "Jalan M.T. Haryono", "shop": null, "addr:housenumber": "rt 24 no 63", "level": null, "smoking": null, "beds": null, "internet_access": "wlan", "internet_access:fee": "no", "operator": null, "rooms": null, "wheelchair": null, "stars": null, "opening_hours": null, "addr:full": null, "building": "yes", "building:levels": null, "capacity:persons": null, "operator:type": null, "school:type_idn": null, "website": null, "historic": null, "capacity": null, "delivery": null, "description": null, "outdoor_seating": null, "phone": "082260121899", "takeaway": null, "leisure": null, "emergency": null, "healthcare": null, "healthcare:speciality": null, "brand": "The Point Hotel Balikpapan", "brand:wikidata": null, "brand:wikipedia": null, "short_name": null, "diet:halal": null, "branch": null, "email": null, "air_conditioning": null, "guest_house": null, "name:en": null, "addr:housename": null, "addr:province": null, "addr:unit": null, "addr:district": null, "addr:neighbourhood": null, "addr:subdistrict": null, "contact:instagram": null, "sport": null, "url": null, "old_name": null, "payment:cash": null, "payment:coins": null, "payment:ep_cash": null, "payment:visa": null, "payment:visa_debit": null, "building:roof": null, "building:structure": null, "building:walls": null, "access:roof": null, "hospital:type": null, "landuse": null, "height": null, "addr:street:sym_ul": null, "religion": null, "internet_access:ssid": null, "museum": null, "name:id": null, "wikimedia_commons": null, "school": null, "area": null, "tactile_paving": null, "wikidata": null, "since": null, "layer": "1", "type": null, "path": "/home/perhanjay/QGIS/balikpapan_pois_pol_poi.gpkg" }, "geometry": { "type": "Point", "coordinates": [ 116.85771623267361, -1.266461898789048 ] } },
{ "type": "Feature", "properties": { "element": "way", "id": 1264747216.0, "amenity": null, "name": null, "tourism": null, "cuisine": null, "addr:city": null, "addr:postcode": null, "addr:street": null, "shop": null, "addr:housenumber": null, "level": null, "smoking": null, "beds": null, "internet_access": null, "internet_access:fee": null, "operator": null, "rooms": null, "wheelchair": null, "stars": null, "opening_hours": null, "addr:full": null, "building": null, "building:levels": null, "capacity:persons": null, "operator:type": null, "school:type_idn": null, "website": null, "historic": null, "capacity": null, "delivery": null, "description": null, "outdoor_seating": null, "phone": null, "takeaway": null, "leisure": "park", "emergency": null, "healthcare": null, "healthcare:speciality": null, "brand": null, "brand:wikidata": null, "brand:wikipedia": null, "short_name": null, "diet:halal": null, "branch": null, "email": null, "air_conditioning": null, "guest_house": null, "name:en": null, "addr:housename": null, "addr:province": null, "addr:unit": null, "addr:district": null, "addr:neighbourhood": null, "addr:subdistrict": null, "contact:instagram": null, "sport": null, "url": null, "old_name": null, "payment:cash": null, "payment:coins": null, "payment:ep_cash": null, "payment:visa": null, "payment:visa_debit": null, "building:roof": null, "building:structure": null, "building:walls": null, "access:roof": null, "hospital:type": null, "landuse": null, "height": null, "addr:street:sym_ul": null, "religion": null, "internet_access:ssid": null, "museum": null, "name:id": null, "wikimedia_commons": null, "school": null, "area": null, "tactile_paving": null, "wikidata": null, "since": null, "layer": null, "type": null, "path": "/home/perhanjay/QGIS/balikpapan_pois_pol_poi.gpkg" }, "geometry": { "type": "Point", "coordinates": [ 116.855727955118709, -1.133972730849887 ] } },
{ "type": "Feature", "properties": { "element": "way", "id": 1442282877.0, "amenity": "restaurant", "name": "Restoran", "tourism": null, "cuisine": null, "addr:city": null, "addr:postcode": null, "addr:street": null, "shop": null, "addr:housenumber": null, "level": null, "smoking": null, "beds": null, "internet_access": null, "internet_access:fee": null, "operator": null, "rooms": null, "wheelchair": null, "stars": null, "opening_hours": null, "addr:full": null, "building": "yes", "building:levels": null, "capacity:persons": null, "operator:type": null, "school:type_idn": null, "website": null, "historic": null, "capacity": null, "delivery": null, "description": null, "outdoor_seating": null, "phone": null, "takeaway": null, "leisure": null, "emergency": null, "healthcare": null, "healthcare:speciality": null, "brand": null, "brand:wikidata": null, "brand:wikipedia": null, "short_name": null, "diet:halal": null, "branch": null, "email": null, "air_conditioning": null, "guest_house": null, "name:en": null, "addr:housename": null, "addr:province": null, "addr:unit": null, "addr:district": null, "addr:neighbourhood": null, "addr:subdistrict": null, "contact:instagram": null, "sport": null, "url": null, "old_name": null, "payment:cash": null, "payment:coins": null, "payment:ep_cash": null, "payment:visa": null, "payment:visa_debit": null, "building:roof": null, "building:structure": null, "building:walls": null, "access:roof": null, "hospital:type": null, "landuse": null, "height": null, "addr:street:sym_ul": null, "religion": null, "internet_access:ssid": null, "museum": null, "name:id": null, "wikimedia_commons": null, "school": null, "area": null, "tactile_paving": null, "wikidata": null, "since": null, "layer": null, "type": null, "path": "/home/perhanjay/QGIS/balikpapan_pois_pol_poi.gpkg" }, "geometry": { "type": "Point", "coordinates": [ 116.855534415647909, -1.13377363580198 ] } },
{ "type": "Feature", "properties": { "element": "way", "id": 1442282880.0, "amenity": null, "name": "Camping Ground", "tourism": "camp_site", "cuisine": null, "addr:city": null, "addr:postcode": null, "addr:street": null, "shop": null, "addr:housenumber": null, "level": null, "smoking": null, "beds": null, "internet_access": null, "internet_access:fee": null, "operator": null, "rooms": null, "wheelchair": null, "stars": null, "opening_hours": null, "addr:full": null, "building": null, "building:levels": null, "capacity:persons": null, "operator:type": null, "school:type_idn": null, "website": null, "historic": null, "capacity": null, "delivery": null, "description": null, "outdoor_seating": null, "phone": null, "takeaway": null, "leisure": null, "emergency": null, "healthcare": null, "healthcare:speciality": null, "brand": null, "brand:wikidata": null, "brand:wikipedia": null, "short_name": null, "diet:halal": null, "branch": null, "email": null, "air_conditioning": null, "guest_house": null, "name:en": null, "addr:housename": null, "addr:province": null, "addr:unit": null, "addr:district": null, "addr:neighbourhood": null, "addr:subdistrict": null, "contact:instagram": null, "sport": null, "url": null, "old_name": null, "payment:cash": null, "payment:coins": null, "payment:ep_cash": null, "payment:visa": null, "payment:visa_debit": null, "building:roof": null, "building:structure": null, "building:walls": null, "access:roof": null, "hospital:type": null, "landuse": null, "height": null, "addr:street:sym_ul": null, "religion": null, "internet_access:ssid": null, "museum": null, "name:id": null, "wikimedia_commons": null, "school": null, "area": null, "tactile_paving": null, "wikidata": null, "since": null, "layer": null, "type": null, "path": "/home/perhanjay/QGIS/balikpapan_pois_pol_poi.gpkg" }, "geometry": { "type": "Point", "coordinates": [ 116.855455890417005, -1.132101145852916 ] } },
{ "type": "Feature", "properties": { "element": null, "id": 245789452389.0, "amenity": null, "name": "Institut Teknologi Kalimantan", "tourism": null, "cuisine": null, "addr:city": null, "addr:postcode": null, "addr:street": null, "shop": null, "addr:housenumber": null, "level": null, "smoking": null, "beds": null, "internet_access": null, "internet_access:fee": null, "operator": null, "rooms": null, "wheelchair": null, "stars": null, "opening_hours": null, "addr:full": null, "building": null, "building:levels": null, "capacity:persons": null, "operator:type": null, "school:type_idn": null, "website": null, "historic": null, "capacity": null, "delivery": null, "description": null, "outdoor_seating": null, "phone": null, "takeaway": null, "leisure": null, "emergency": null, "healthcare": null, "healthcare:speciality": null, "brand": null, "brand:wikidata": null, "brand:wikipedia": null, "short_name": null, "diet:halal": null, "branch": null, "email": null, "air_conditioning": null, "guest_house": null, "name:en": null, "addr:housename": null, "addr:province": null, "addr:unit": null, "addr:district": null, "addr:neighbourhood": null, "addr:subdistrict": null, "contact:instagram": null, "sport": null, "url": null, "old_name": null, "payment:cash": null, "payment:coins": null, "payment:ep_cash": null, "payment:visa": null, "payment:visa_debit": null, "building:roof": null, "building:structure": null, "building:walls": null, "access:roof": null, "hospital:type": null, "landuse": null, "height": null, "addr:street:sym_ul": null, "religion": null, "internet_access:ssid": null, "museum": null, "name:id": null, "wikimedia_commons": null, "school": null, "area": null, "tactile_paving": null, "wikidata": null, "since": null, "layer": null, "type": null, "path": null }, "geometry": { "type": "Point", "coordinates": [ 116.861476584087598, -1.150487054731905 ] } }
]
}
